code,industry,name
A,Diagnostics & Research,"Agilent Technologies, Inc. Common Stock"
AA,Aluminum,Alcoa Corporation Common Stock
AAC,Shell Companies,Ares Acquisition Corporation III Class A Ordinary Shares
AACI,Shell Companies,Armada Acquisition Corp. III - Class A Ordinary Share
AACO,Shell Companies,Abony Acquisition Corp. I - Class A Ordinary Share
AACP,Shell Companies,Apogee Acquisition Corp - Class A Ordinary Shares
AADX,Aerospace & Defense,"Applied Aerospace & Defense, Inc. Common Stock"
AAL,Airlines,"American Airlines Group, Inc. - Common Stock"
AAME,Insurance—Life,Atlantic American Corporation - Common Stock
AAMI,Asset Management,Acadian Asset Management Inc. Common Stock
AAOI,Communication Equipment,"Applied Optoelectronics, Inc. - Common Stock"
AAON,Building Products & Equipment,"AAON, Inc. - Common Stock"
AAP,Auto Parts,Advance Auto Parts Inc.
AAPG,Biotechnology,Ascentage Pharma Group International - American Depository Shares
AAPL,US mega-cap technology,Apple
AARD,Biotechnology,"Aardvark Therapeutics, Inc. - Common Stock"
AAUC,Gold,Allied Gold Corporation Common Shares
ABAT,Waste Management,American Battery Technology Company - Common Stock
ABBV,Drug Manufacturers—General,AbbVie Inc. Common Stock
ABCB,Banks—Regional,Ameris Bancorp Common Stock
ABCL,Biotechnology,AbCellera Biologics Inc. - Common Shares
ABEO,Biotechnology,Abeona Therapeutics Inc. - Common Stock
ABG,Auto & Truck Dealerships,Asbury Automotive Group Inc Common Stock
ABLV,Specialty Retail,Able View Global Inc. - Class B Ordinary Shares
ABM,Specialty Business Services,ABM Industries Incorporated Common Stock
ABNB,Travel Services,"Airbnb, Inc. - Class A Common Stock"
ABOS,Biotechnology,"Acumen Pharmaceuticals, Inc. - Common Stock"
ABSI,Biotechnology,Absci Corporation - Common Stock
ABT,Medical Devices,Abbott Laboratories Common Stock
ABTC,Capital Markets,American Bitcoin Corp. - Class A Common Stock
ABTS,Capital Markets,Abits Group Inc - Ordinary Shares
ABUS,Biotechnology,Arbutus Biopharma Corporation - Common Stock
ABVC,Biotechnology,"ABVC BioPharma, Inc. - Common Stock"
ABX,Insurance—Life,"Abacus Global Management, Inc. Class A Common Stock"
ACA,Engineering & Construction,"Arcosa, Inc. Common Stock"
ACAA,Shell Companies,Averin Capital Acquisition Corp. - Class A Ordinary Shares
ACAD,Biotechnology,ACADIA Pharmaceuticals Inc. - Common Stock
ACB,Drug Manufacturers—Specialty & Generic,Aurora Cannabis Inc. - Common Shares
ACCL,Consulting Services,Acco Group Holdings Limited - Class A Ordinary Shares
ACCO,Business Equipment & Supplies,Acco Brands Corporation Common Stock
ACCS,Advertising Agencies,ACCESS Newswire Inc. Common Stock
ACDC,Oil & Gas Equipment & Services,ProFrac Holding Corp. - Class A Common Stock
ACEL,Gambling,"Accel Entertainment, Inc."
ACET,Biotechnology,"Adicet Bio, Inc. - Common Stock"
ACFN,Scientific & Technical Instruments,"Acorn Energy, Inc. - Common Stock"
ACGC,Shell Companies,ACP Holdings Acquisition Corp. - Class A Ordinary Shares
ACGL,Insurance—Diversified,Arch Capital Group Ltd. - Common Stock
ACH,Medical Distribution,"Accendra Health, Inc. Common Stock"
ACHC,Medical Care Facilities,"Acadia Healthcare Company, Inc. - Common Stock"
ACHR,Aerospace & Defense,Archer Aviation Inc. Class A Common Stock
ACHV,Biotechnology,"Achieve Life Sciences, Inc.  - Common Shares"
ACI,Grocery Stores,"Albertsons Companies, Inc. Class A Common Stock"
ACIC,Insurance—Property & Casualty,American Coastal Insurance Corporation - Common Stock
ACIU,Biotechnology,AC Immune SA - Common Stock
ACIW,Software—Infrastructure,"ACI Worldwide, Inc. - Common Stock"
ACLS,Semiconductor Equipment & Materials,"Axcelis Technologies, Inc. - Common Stock"
ACM,Engineering & Construction,AECOM Common Stock
ACMR,Semiconductor Equipment & Materials,"ACM Research, Inc. - Class A Common Stock"
ACN,Information Technology Services,Accenture plc Class A Ordinary Shares (Ireland)
ACNB,Banks—Regional,ACNB Corporation - Common Stock
ACNT,Specialty Chemicals,Ascent Industries Co. - Common Stock
ACOG,Biotechnology,Alpha Cognition Inc. - Common Stock
ACON,Health Information Services,"Aclarion, Inc. - Common Stock"
ACR,REIT—Mortgage,ACRES Commercial Realty Corp. Common Stock
ACRE,REIT—Mortgage,Ares Commercial Real Estate Corporation Common Stock
ACRS,Biotechnology,"Aclaris Therapeutics, Inc. - Common Stock"
ACRV,Biotechnology,"Acrivon Therapeutics, Inc. - Common Stock"
ACT,Insurance—Specialty,"Enact Holdings, Inc. - Common Stock"
ACTG,Business Equipment & Supplies,Acacia Research Corporation - Common Stock
ACTU,Biotechnology,"Actuate Therapeutics, Inc. - Common stock"
ACVA,Auto & Truck Dealerships,ACV Auctions Inc. Class A Common Stock
ACXP,Biotechnology,"Acurx Pharmaceuticals, Inc. - Common Stock"
AD,Telecom Services,"Array Digital Infrastructure, Inc. Common Shares"
ADAC,Shell Companies,American Drive Acquisition Company - Class A Ordinary Shares
ADBE,Software—Application,Adobe Inc. - Common Stock
ADBT,Software—Application,"Advasa Holdings, Inc. - Common stock"
ADC,REIT—Retail,Agree Realty Corporation Common Stock
ADCT,Drug Manufacturers—Specialty & Generic,ADC Therapeutics SA Common Shares
ADEA,Software—Application,Adeia Inc.  - Common Stock
ADGM,Medical Devices,"Adagio Medical Holdings, Inc - Common Stock"
ADI,Semiconductors,"Analog Devices, Inc. - Common Stock"
ADIG,Computer Hardware,ADI Global Distribution Inc. Common Stock
ADIL,Biotechnology,"Adial Pharmaceuticals, Inc - Common Stock"
ADM,Farm Products,Archer-Daniels-Midland Company Common Stock
ADMA,Biotechnology,ADMA Biologics Inc - Common Stock
ADNT,Auto Parts,Adient plc Ordinary Shares
ADP,Software—Application,"Automatic Data Processing, Inc. - Common Stock"
ADPT,Diagnostics & Research,Adaptive Biotechnologies Corporation - Common Stock
ADSK,Software—Application,"Autodesk, Inc. - Common Stock"
ADT,Security & Protection Services,ADT Inc. Common Stock
ADTN,Communication Equipment,"ADTRAN Holdings, Inc. - Common Stock"
ADUR,Pollution & Treatment Controls,Aduro Clean Technologies Inc. - Common Stock
ADUS,Medical Care Facilities,Addus HomeCare Corporation - Common Stock
ADV,Advertising Agencies,Advantage Solutions Inc.  - Class A Common Stock
ADVB,Diagnostics & Research,Advanced Biomed Inc. - Common Stock
AEAQ,Shell Companies,Activate Energy Acquisition Corp. - Class A Ordinary Share
AEBI,Farm & Heavy Construction Machinery,Aebi Schmidt Holding AG - Common Stock
AEC,Uranium,Anfield Energy Inc. - Common Shares
AEE,Utilities—Regulated Electric,Ameren Corporation Common Stock
AEG,Insurance—Diversified,Aegon Ltd. New York Registry Shares
AEHL,Building Products & Equipment,Antelope Enterprise Holdings Limited - Class A Ordinary Shares
AEHR,Semiconductor Equipment & Materials,Aehr Test Systems - Common Stock
AEI,Real Estate—Development,Alset Inc. - Common Stock
AEIS,Electrical Equipment & Parts,"Advanced Energy Industries, Inc. - Common Stock"
AEM,Gold,Agnico Eagle Mines Limited Common Stock
AEMD,Medical Devices,"Aethlon Medical, Inc. - Common Stock"
AENT,Entertainment,Alliance Entertainment Holding Corporation - common stock
AEO,Apparel Retail,"American Eagle Outfitters, Inc. Common Stock"
AEON,Biotechnology,"AEON Biopharma, Inc. Class A Common Stock"
AEP,Utilities—Regulated Electric,"American Electric Power Company, Inc. - Common Stock"
AER,Rental & Leasing Services,AerCap Holdings N.V. Ordinary Shares
AERT,Consulting Services,"Aeries Technology, Inc. - Class A Ordinary Share"
AES,Utilities—Diversified,The AES Corporation Common Stock
AESI,Oil & Gas Equipment & Services,Atlas Energy Solutions Inc. Common Stock
AESP,Shell Companies,Aeon Acquisition I Corp. - Class A Ordinary Shares
AEVA,Software—Infrastructure,"Aeva Technologies, Inc. - Common Stock"
AEXA,Shell Companies,American Exceptionalism Acquisition Corp. A Class A Ordinary Shares
AEYE,Software—Application,"AudioEye, Inc. - Common Stock"
AFCG,Asset Management,Advanced Flower Capital Inc. - Common Stock
AFG,Insurance—Property & Casualty,"American Financial Group, Inc. Common Stock"
AFGB,,"American Financial Group, Inc. 5.875% Subordinated Debentures due 2059"
AFGC,,"American Financial Group, Inc. 5.125% Subordinated Debentures due 2059"
AFGD,,"American Financial Group, Inc. 5.625% Subordinated Debentures due 2060"
AFGE,,"American Financial Group, Inc. 4.500% Subordinated Debentures due 2060"
AFJK,Shell Companies,"Aimei Health Technology Co., Ltd - Ordinary Share"
AFL,Insurance—Life,AFLAC Incorporated Common Stock
AFRI,Farm Products,Forafric Global PLC - Ordinary Shares
AFRM,Credit Services,"Affirm Holdings, Inc. - Class A Common Stock"
AFYA,Education & Training Services,Afya Limited - Class A Common Shares
AG,Silver,First Majestic Silver Corp. Ordinary Shares (Canada)
AGBK,Banks—Regional,AGI Inc Class A Common Shares
AGCC,Beverages—Wineries & Distilleries,Agencia Comercial Spirits Ltd - Class A Ordinary Share
AGCO,Farm & Heavy Construction Machinery,AGCO Corporation Common Stock
AGEN,Biotechnology,Agenus Inc. - Common Stock
AGI,Gold,Alamos Gold Inc. Class A Common Shares
AGIG,Utilities—Renewable,Abundia Global Impact Group Inc. Common stock
AGIO,Biotechnology,"Agios Pharmaceuticals, Inc. - Common Stock"
AGL,Medical Care Facilities,"agilon health, inc. Common Stock"
AGM,Credit Services,Federal Agricultural Mortgage Corporation Common Stock
AGM.A,Credit Services,Federal Agricultural Mortgage Corporation Common Stock
AGMB,Biotechnology,AgomAb Therapeutics NV - ADRs representing one common share.
AGMH,Computer Hardware,AGM Group Holdings Inc. - Class A Ordinary Shares
AGNC,REIT—Mortgage,AGNC Investment Corp. - Common Stock
AGNT,Real Estate Services,"AGNT, Inc. - Common Stock"
AGO,Insurance—Specialty,Assured Guaranty Ltd. Common Stock
AGPU,Software—Infrastructure,Axe Compute Inc. - Common Stock
AGRO,Farm Products,Adecoagro S.A. Common Shares
AGRZ,Farm Products,Agroz Inc. - Class A Ordinary Shares
AGX,Engineering & Construction,"Argan, Inc. Common Stock"
AGYS,Software—Application,"Agilysys, Inc. - Common Stock"
AHCO,Medical Devices,AdaptHealth Corp.  - Common Stock
AHL-D,,Aspen Insurance Holdings Limited 5.625% Perpetual Non-Cumulative Preference Shares
AHMA,Travel Services,Ambitions Enterprise Management Co. L.L.C - Class A Ordinary Shares
AHR,REIT—Healthcare Facilities,"American Healthcare REIT, Inc. Common Stock"
AI,Software—Infrastructure,"C3.ai, Inc. Class A Common Stock"
AIAI,Conglomerates,AIAI Holdings Corporation - Class A common stock
AIB,Software—Infrastructure,AIB Data Centers Inc. Common Stock
AIBZ,Software—Infrastructure,Bitzero Holdings Inc. - Common Shares
AIDX,Medical Devices,"20/20 Biolabs, Inc. - Common Stock"
AIFA,Software—Infrastructure,"All In FutureTech Alliance, Inc. - Common Stock"
AIFC,Software—Infrastructure,AI Financial Corporation - Common Stock
AIFF,Software—Application,"Firefly Neuroscience, Inc.  - Common Stock"
AIFU,Insurance Brokers,AIFU Inc. - Class A Ordinary Share
AIG,Insurance—Diversified,"American International Group, Inc. New Common Stock"
AII,Insurance—Property & Casualty,"American Integrity Insurance Group, Inc. Common Stock"
AIIA,Shell Companies,AI Infrastructure Acquisition Corp. Class A Ordinary Shares
AIIO,Auto Manufacturers,Robo.ai Inc. - Class B Ordinary Shares
AIIR,Tobacco,Air Global PLC - Ordinary shares
AIMD,Scientific & Technical Instruments,"Ainos, Inc. - Common Stock"
AIN,Textile Manufacturing,Albany International Corporation Common Stock
AIOS,Information Technology Services,AIOS Tech Inc. - Class A Common Shares
AIOT,Software—Infrastructure,"PowerFleet, Inc. - Common Stock"
AIP,Semiconductors,"Arteris, Inc.  - Common Stock"
AIR,Aerospace & Defense,AAR Corp. Common Stock
AIRE,Real Estate Services,reAlpha Tech Corp. - Common Stock
AIRG,Communication Equipment,"Airgain, Inc. - Common Stock"
AIRI,Aerospace & Defense,Air Industries Group Common Stock
AIRJ,Building Products & Equipment,AirJoule Technologies Corporation - Class A Common Stock
AIRO,Aerospace & Defense,"AIRO Group Holdings, Inc. - Common Stock"
AIRS,Medical Care Facilities,"AirSculpt Technologies, Inc. - Common Stock"
AIRT,Conglomerates,"Air T, Inc. - Common Stock"
AISP,Software—Infrastructure,"Airship AI Holdings, Inc - Class A Common Stock"
AIT,Industrial Distribution,"Applied Industrial Technologies, Inc. Common Stock"
AIV,REIT—Residential,Apartment Investment and Management Company Common Stock
AIXC,Software—Infrastructure,"AIxCrypto Holdings, Inc. - Common Stock"
AIZ,Insurance—Property & Casualty,"Assurant, Inc. Common Stock"
AJG,Insurance Brokers,Arthur J. Gallagher & Co. Common Stock
AKA,Apparel Retail,a.k.a. Brands Holding Corp. Common Stock
AKAM,Software—Infrastructure,"Akamai Technologies, Inc. - Common Stock"
AKAN,Drug Manufacturers—Specialty & Generic,Akanda Corp. - Common Shares
AKBA,Drug Manufacturers—Specialty & Generic,"Akebia Therapeutics, Inc. - Common Stock"
AKO.A,Beverages—Non-Alcoholic,Embotelladora Andina S.A. Common Stock
AKO.B,Beverages—Non-Alcoholic,Embotelladora Andina S.A. Common Stock
AKTS,Biotechnology,"Aktis Oncology, Inc. - Common stock"
ALAB,Semiconductors,"Astera Labs, Inc. - Common Stock"
ALB,Specialty Chemicals,Albemarle Corporation Common Stock
ALC,Medical Instruments & Supplies,Alcon Inc. Ordinary Shares
ALCO,Farm Products,"Alico, Inc. - Common Stock"
ALDF,Shell Companies,Aldel Financial II Inc. - Class A Ordinary Shares
ALDX,Biotechnology,"Aldeyra Therapeutics, Inc. - Common Stock"
ALEC,Biotechnology,"Alector, Inc. - Common Stock"
ALF,Shell Companies,Centurion Acquisition Corp. - Class A Ordinary Shares
ALG,Farm & Heavy Construction Machinery,"Alamo Group, Inc. Common Stock"
ALGM,Semiconductors,"Allegro MicroSystems, Inc. - Common Stock"
ALGN,Medical Instruments & Supplies,"Align Technology, Inc. - Common Stock"
ALGS,Biotechnology,"Aligos Therapeutics, Inc. - Common stock"
ALGT,Airlines,Allegiant Travel Company - Common Stock
ALH,"Furnishings, Fixtures & Appliances",Alliance Laundry Holdings Inc. Common Stock
ALHC,Healthcare Plans,"Alignment Healthcare, Inc. - Common Stock"
ALIS,Shell Companies,Calisa Acquisition Corp - Ordinary shares
ALIT,Software—Application,"Alight, Inc. Class A Common Stock"
ALK,Airlines,"Alaska Air Group, Inc. Common Stock"
ALKS,Drug Manufacturers—Specialty & Generic,Alkermes plc - Ordinary Shares
ALKT,Software—Application,"Alkami Technology, Inc. - Common Stock"
ALL,Insurance—Property & Casualty,Allstate Corporation (The) Common Stock
ALL-B,,Allstate Corporation (The) 5.100% Fixed-to-Floating Rate Subordinated Debentures due 2053
ALLE,Security & Protection Services,Allegion plc Ordinary Shares
ALLO,Biotechnology,"Allogene Therapeutics, Inc. - Common Stock"
ALLR,Biotechnology,"Allarity Therapeutics, Inc. - Common stock"
ALLT,Software—Infrastructure,Allot Ltd. - Ordinary Shares
ALLY,Credit Services,Ally Financial Inc. Common Stock
ALM,Other Industrial Metals & Mining,Almonty Industries Inc. - Common Shares
ALMR,Medical Devices,"Alamar Biosciences, Inc. - Class A common stock"
ALMS,Biotechnology,Alumis Inc. - Common Stock
ALMU,Semiconductors,"Aeluma, Inc. - Common Stock"
ALNT,Electronic Components,Allient Inc. - Common Stock
ALNY,Biotechnology,"Alnylam Pharmaceuticals, Inc. - Common Stock"
ALOY,Other Industrial Metals & Mining,REalloys Inc. - Common Stock
ALP,Asset Management,Alpha Compute Corp  - Ordinary Shares
ALPS,Biotechnology,ALPS Group Inc - Ordinary Share
ALPX,Shell Companies,Alpex Acquisition Corporation - Class A Ordinary Shares
ALRM,Software—Application,"Alarm.com Holdings, Inc. - Common Stock"
ALRS,Banks—Regional,Alerus Financial Corporation - Common Stock
ALSN,Auto Parts,"Allison Transmission Holdings, Inc. Common Stock"
ALT,Biotechnology,"Altimmune, Inc. - Common Stock"
ALTG,Industrial Distribution,Alta Equipment Group Inc. Class A Common Stock
ALTI,Asset Management,"AlTi Global, Inc. - Class A Common Stock"
ALTO,Specialty Chemicals,"Alto Ingredients, Inc. - Common Stock"
ALUB,Shell Companies,Alussa Energy Acquisition Corp. II Class A Ordinary Shares
ALV,Auto Parts,"Autoliv, Inc. Common Stock"
ALVO,Drug Manufacturers—Specialty & Generic,Alvotech - Ordinary Shares
ALX,REIT—Retail,"Alexander's, Inc. Common Stock"
ALXO,Biotechnology,ALX Oncology Holdings Inc. - Common Stock
ALZN,Biotechnology,"Alzamend Neuro, Inc. - Common Stock"
AM,Oil & Gas Midstream,Antero Midstream Corporation Common Stock
AMAC,Shell Companies,AMR Resources Acquisition Corp - Class A Ordinary Shares
AMAL,Banks—Regional,Amalgamated Financial Corp. - Common Stock
AMAN,Shell Companies,Amanat Acquisition Corp - Class A Ordinary Shares
AMAT,Semiconductor Equipment & Materials,"Applied Materials, Inc. - Common Stock"
AMBA,Semiconductor Equipment & Materials,"Ambarella, Inc. - Ordinary Shares"
AMBO,Education & Training Services,Ambow Education Holding Ltd. American Depository Shares (each representing twenty (20) Class A Ordinary Shares)
AMBP,Packaging & Containers,Ardagh Metal Packaging S.A. Ordinary Shares
AMBQ,Semiconductors,"Ambiq Micro, Inc. Common Stock"
AMC,Entertainment,"AMC Entertainment Holdings, Inc. Class A Common Stock"
AMCI,Computer Hardware,AMC Robotics Corporation - Common Stock
AMCR,Packaging & Containers,Amcor plc Ordinary Shares
AMCX,Entertainment,AMC Global Media Inc. - Class A Common Stock
AMD,Semiconductors,"Advanced Micro Devices, Inc. - Common Stock"
AME,Specialty Industrial Machinery,"AMETEK, Inc."
AMG,Asset Management,"Affiliated Managers Group, Inc. Common Stock"
AMGN,Drug Manufacturers—General,Amgen Inc. - Common Stock
AMH,REIT—Residential,American Homes 4 Rent Common Shares of Beneficial Interest
AMIX,Medical Devices,"Autonomix Medical, Inc. - Common Stock"
AMKR,Semiconductor Equipment & Materials,"Amkor Technology, Inc. - Common Stock"
AMLX,Drug Manufacturers—Specialty & Generic,"Amylyx Pharmaceuticals, Inc. - Common Stock"
AMN,Medical Care Facilities,AMN Healthcare Services Inc
AMOD,Software—Application,"Alpha Modus Holdings, Inc. - Class A Common Stock"
AMP,Asset Management,"Ameriprise Financial, Inc. Common Stock"
AMPG,Communication Equipment,"Amplitech Group, Inc. - Common Stock"
AMPH,Drug Manufacturers—Specialty & Generic,"Amphastar Pharmaceuticals, Inc. - Common Stock"
AMPL,Software—Application,"Amplitude, Inc. - Class A Common Stock"
AMPX,Electrical Equipment & Parts,"Amprius Technologies, Inc. Common Stock"
AMPY,Oil & Gas E&P,Amplify Energy Corp. Common Stock
AMR,Coking Coal,"Alpha Metallurgical Resources, Inc. Common Stock"
AMRC,Engineering & Construction,"Ameresco, Inc. Class A Common Stock"
AMRX,Drug Manufacturers—Specialty & Generic,"Amneal Pharmaceuticals, Inc. - Class A Common Stock"
AMRZ,Building Materials,Amrize Ltd Ordinary Shares
AMS,Medical Care Facilities,American Shared Hospital Services Common Stock
AMSC,Specialty Industrial Machinery,American Superconductor Corporation - Common Stock
AMSF,Insurance—Specialty,"AMERISAFE, Inc. - Common Stock"
AMSS,Beverages—Wineries & Distilleries,AMASS Brands Inc. - Common Stock
AMST,Software—Application,Amesite Inc. - Common Stock
AMT,REIT—Specialty,American Tower Corporation (REIT) Common Stock
AMTB,Banks—Regional,Amerant Bancorp Inc. Class A Common Stock
AMTM,Specialty Business Services,"Amentum Holdings, Inc. Common Stock"
AMTX,Specialty Chemicals,"Aemetis, Inc - Common Stock"
AMUB,,"ETRACS Alerian MLP Index ETN Series B due July 18, 2042"
AMWL,Health Information Services,American Well Corporation Class A Common Stock
AMZE,Software—Application,"Amaze Holdings, Inc. Common Stock"
AMZN,Internet Retail,"Amazon.com, Inc. - Common Stock"
AN,Auto & Truck Dealerships,"AutoNation, Inc. Common Stock"
ANAB,Biotechnology,"AnaptysBio, Inc. - Common Stock"
ANDE,Food Distribution,"The Andersons, Inc. - Common Stock"
ANDG,Personal Services,Andersen Group Inc. Class A Common Stock
ANET,Computer Hardware,"Arista Networks, Inc. Common Stock"
ANF,Apparel Retail,Abercrombie & Fitch Company Common Stock
ANGH,Entertainment,Anghami Inc. - Ordinary Shares
ANGI,Internet Content & Information,Angi Inc. - Class A Common Stock
ANGO,Medical Instruments & Supplies,"AngioDynamics, Inc. - Common Stock"
ANGX,Entertainment,"Angel Studios, Inc. Class A Common Stock"
ANIK,Drug Manufacturers—Specialty & Generic,Anika Therapeutics Inc. - Common Stock
ANIP,Drug Manufacturers—Specialty & Generic,"ANI Pharmaceuticals, Inc. - Common Stock"
ANIX,Biotechnology,"Anixa Biosciences, Inc. - Common Stock"
ANNA,Oil & Gas E&P,"AleAnna, Inc. - Class A Common Stock"
ANNX,Biotechnology,"Annexon, Inc. - common stock"
ANPA,Specialty Business Services,Rich Sparkle Holdings Limited - Ordinary Shares
ANRO,Biotechnology,"Alto Neuroscience, Inc. Common Stock"
ANTA,Credit Services,Antalpha Platform Holding Company - Class A Ordinary Shares
ANTX,Biotechnology,"AN2 Therapeutics, Inc. - Common Stock"
ANVS,Biotechnology,"Annovis Bio, Inc. Common Stock"
ANY,Capital Markets,Sphere 3D Corp. - Common Shares
AOMR,REIT—Mortgage,"Angel Oak Mortgage REIT, Inc. Common Stock"
AON,Insurance Brokers,Aon plc Class A Ordinary Shares (Ireland)
AORT,Medical Devices,"Artivion, Inc. Common Stock"
AOS,Specialty Industrial Machinery,A.O. Smith Corporation Common Stock
AOSL,Semiconductors,Alpha and Omega Semiconductor Limited - Common Shares
AOUT,Leisure,"American Outdoor Brands, Inc. - Common Stock"
AP,Metal Fabrication,Ampco-Pittsburgh Corporation Common Stock
APA,Oil & Gas E&P,APA Corporation - Common Stock
APAC,Shell Companies,StoneBridge Acquisition II Corporation - Class A Ordinary Shares
APAM,Asset Management,Artisan Partners Asset Management Inc. Class A Common Stock
APC,Oil & Gas Refining & Marketing,ARKO Petroleum Corp. - Class A Common Stock
APD,Specialty Chemicals,"Air Products and Chemicals, Inc. Common Stock"
APEI,Education & Training Services,"American Public Education, Inc. - Common Stock"
APG,Engineering & Construction,APi Group Corporation Common Stock
APH,Electronic Components,Amphenol Corporation Common Stock
APLD,Information Technology Services,Applied Digital Corporation - Common Stock
APLE,REIT—Hotel & Motel,"Apple Hospitality REIT, Inc. Common Shares"
APLM,Biotechnology,Apollomics Inc. - Class A Ordinary Shares
APMC,Shell Companies,AmperCap Acquisition Company - Ordinary Shares
APMD,Biotechnology,"Apnimed, Inc. - Common Stock"
APO,Asset Management,"Apollo Global Management, Inc. (New) Common Stock"
APOG,Building Products & Equipment,"Apogee Enterprises, Inc. - Common Stock"
APP,Advertising Agencies,Applovin Corporation - Class A Common Stock
APPF,Software—Application,"AppFolio, Inc. - Class A Common Stock"
APPN,Software—Infrastructure,Appian Corporation - Class A Common Stock
APPS,Software—Application,"Digital Turbine, Inc. - Common Stock"
APRE,Biotechnology,"Aprea Therapeutics, Inc. - Common Stock"
APT,Building Products & Equipment,"Alpha Pro Tech, Ltd. Common Stock"
APTV,Auto Parts,Aptiv PLC Ordinary Shares
APUR,Shell Companies,Aperture AC - Class A Ordinary Shares
APUS,Drug Manufacturers—Specialty & Generic,"Apimeds Pharmaceuticals US, Inc. Common Stock"
APVO,Biotechnology,Aptevo Therapeutics Inc. - Common Stock
APWC,Electrical Equipment & Parts,"Asia Pacific Wire & Cable Corporation Limited  - Common shares, Par value .01 per share"
APXT,Shell Companies,Apex Treasury Corporation - Class A Ordinary Share
APYX,Medical Devices,Apyx Medical Corporation - Common Stock
AQB,Farm Products,"AquaBounty Technologies, Inc. - Common Stock"
AQMS,Waste Management,"Aqua Metals, Inc. - Common Stock"
AQN,Utilities—Diversified,Algonquin Power & Utilities Corp. Common Shares
AQST,Drug Manufacturers—Specialty & Generic,"Aquestive Therapeutics, Inc. - Common Stock"
AR,Oil & Gas E&P,Antero Resources Corporation Common Stock
ARAI,Scientific & Technical Instruments,Arrive AI Inc. - Common Stock
ARAY,Medical Devices,Accuray Incorporated - Common Stock
ARBB,Information Technology Services,ARB IOT Group Limited - Ordinary Shares
ARBE,Scientific & Technical Instruments,Arbe Robotics Ltd. - Ordinary Shares
ARCB,Trucking,ArcBest Corporation - Common Stock
ARCI,Shell Companies,Archimedes Tech SPAC Partners III Co. - Ordinary Share
ARCL,Shell Companies,ARC Group Acquisition I Corp - Class A Ordinary Shares
ARCO,Restaurants,Arcos Dorados Holdings Inc. Class A Shares
ARCT,Biotechnology,Arcturus Therapeutics Holdings Inc. - Common Stock
ARDT,Medical Care Facilities,"Ardent Health, Inc. Common Stock"
ARDX,Biotechnology,"Ardelyx, Inc. - Common Stock"
ARE,REIT—Office,"Alexandria Real Estate Equities, Inc. Common Stock"
AREC,Waste Management,American Resources Corporation - Class A Common Stock
ARES,Asset Management,Ares Management Corporation Class A Common Stock
ARHS,Specialty Retail,"Arhaus, Inc. - Class A Common Stock"
ARI,REIT—Mortgage,"Apollo Commercial Real Estate Finance, Inc"
ARIS,Gold,Aris Mining Corporation Common Shares
ARKO,Specialty Retail,ARKO Corp. - Common Stock
ARKR,Restaurants,Ark Restaurants Corp. - Common Stock
ARL,Real Estate Services,"American Realty Investors, Inc. Common Stock"
ARLO,Building Products & Equipment,"Arlo Technologies, Inc. Common Stock"
ARMK,Specialty Business Services,Aramark Common Stock
ARMP,Biotechnology,"Armata Pharmaceuticals, Inc. Common Stock"
AROC,Oil & Gas Equipment & Services,"Archrock, Inc. Common Stock"
AROW,Banks—Regional,Arrow Financial Corporation - Common Stock
ARQ,Pollution & Treatment Controls,"Arq, Inc. - Common Stock"
ARQQ,Software—Infrastructure,Arqit Quantum Inc. - Ordinary Shares
ARQT,Biotechnology,"Arcutis Biotherapeutics, Inc. - Common stock"
ARR,REIT—Mortgage,"ARMOUR Residential REIT, Inc."
ARRY,Solar,"Array Technologies, Inc. - Common Stock"
ARTC,,Art Technology Acquisition Corp. - Class A Ordinary Shares
ARTL,Biotechnology,"Artelo Biosciences, Inc. - Common Stock"
ARTNA,Utilities—Regulated Water,Artesian Resources Corporation - Class A Non-Voting Common Stock
ARTV,Biotechnology,"Artiva Biotherapeutics, Inc. - Common Stock"
ARTW,Farm & Heavy Construction Machinery,"Art's-Way Manufacturing Co., Inc. - Common Stock"
ARVN,Biotechnology,"Arvinas, Inc. - Common Stock"
ARW,Electronics & Computer Distribution,"Arrow Electronics, Inc. Common Stock"
ARWR,Biotechnology,"Arrowhead Pharmaceuticals, Inc. - Common Stock"
ARX,Insurance Brokers,Accelerant Holdings Class A Common Shares
ARXS,Aerospace & Defense,"Arxis, Inc. - Class A Common Stock"
AS,Leisure,"Amer Sports, Inc. Ordinary Shares"
ASA,Asset Management,ASA  Gold and Precious Metals Limited
ASAN,Software—Application,"Asana, Inc. Class A Common Stock"
ASB,Banks—Regional,Associated Banc-Corp Common Stock
ASBP,Biotechnology,"Aspire-Lakewood Holdings, Inc. - Common Stock"
ASC,Marine Shipping,Ardmore Shipping Corporation Common Stock
ASH,Specialty Chemicals,Ashland Inc. Common Stock
ASIC,Insurance—Property & Casualty,Ategrity Specialty Insurance Company Holdings Common Stock
ASIX,Chemicals,AdvanSix Inc. Common Stock
ASLE,Airports & Air Services,AerSale Corporation - Common Stock
ASM,Other Precious Metals & Mining,Avino Silver & Gold Mines Ltd. Common Shares (Canada)
ASMB,Biotechnology,"Assembly Biosciences, Inc. - Common Stock"
ASML,Semiconductor Equipment & Materials,ASML Holding N.V. - New York Registry Shares
ASND,Biotechnology,Ascendis Pharma A/S - Ordinary Share
ASO,Specialty Retail,"Academy Sports and Outdoors, Inc. - Common Stock"
ASPC,Shell Companies,A SPAC III Acquisition Corp. - Class A Ordinary Shares
ASPI,Specialty Chemicals,ASP Isotopes Inc. - Common Stock
ASPN,Specialty Chemicals,"Aspen Aerogels, Inc. Common Stock"
ASPS,Real Estate Services,Altisource Portfolio Solutions S.A. - Common Stock
ASR,Airports & Air Services,"Grupo Aeroportuario del Sureste, S.A. de C.V. Common Stock"
ASRV,Banks—Regional,AmeriServ Financial Inc. - Common Stock
ASST,Asset Management,"Strive, Inc. - Class A Common Stock"
ASTC,Scientific & Technical Instruments,Astrotech Corporation - Common Stock
ASTE,Farm & Heavy Construction Machinery,"Astec Industries, Inc. - Common Stock"
ASTH,Medical Care Facilities,Astrana Health Inc. - Common Stock
ASTI,Solar,"Ascent Solar Technologies, Inc - Common Stock"
ASTL,Steel,Algoma Steel Group Inc. - Common Shares
ASTS,Communication Equipment,"AST SpaceMobile, Inc. - Class A Common Stock"
ASUR,Software—Application,Asure Software Inc - Common Stock
ASYS,Semiconductor Equipment & Materials,"Amtech Systems, Inc. - Common Stock"
ATAI,Biotechnology,AtaiBeckley Inc. - Common Stock
ATCH,Capital Markets,"AtlasClear Holdings, Inc. Common Stock"
ATCX,Other Industrial Metals & Mining,Atlas Critical Minerals Corporation - Common Stock
ATEC,Medical Devices,"Alphatec Holdings, Inc. - Common Stock"
ATEN,Software—Infrastructure,"A10 Networks, Inc. Common Stock"
ATER,"Furnishings, Fixtures & Appliances","Aterian, Inc. - Common Stock"
ATEX,Telecom Services,Anterix Inc. - Common Stock
ATGL,Software—Infrastructure,Alpha Technology Group Limited - Class A Ordinary Shares
ATHR,Software—Application,"Aether Holdings, Inc. - Common Stock"
ATHS,,Athene Holding Ltd. 7.250% Fixed-Rate Reset Junior Subordinated Debentures due 2064
ATI,Metal Fabrication,ATI Inc. Common Stock
ATII,Shell Companies,Archimedes Tech SPAC Partners II Co. - Ordinary Shares
ATKR,Electrical Equipment & Parts,Atkore Inc. Common Stock
ATLC,Credit Services,Atlanticus Holdings Corporation - Common Stock
ATLO,Banks—Regional,Ames National Corporation - Common Stock
ATLQ,Shell Companies,JAB Acquisition Corp I - Class A Ordinary Shares
ATLX,Other Industrial Metals & Mining,Atlas Lithium Corporation - Common Stock
ATMP,,iPath Select MLP ETN
ATMU,Auto Parts,Atmus Filtration Technologies Inc. Common Stock
ATNI,Telecom Services,"ATN International, Inc. - Common Stock"
ATNM,Biotechnology,"Actinium Pharmaceuticals, Inc. (Delaware) Common Stock"
ATO,Utilities—Regulated Gas,Atmos Energy Corporation Common Stock
ATOM,Semiconductor Equipment & Materials,Atomera Incorporated - Common Stock
ATOS,Biotechnology,"Atossa Therapeutics, Inc. - Common Stock"
ATPC,Packaged Foods,Agape ATP Corporation - Common Stock
ATR,Medical Instruments & Supplies,"AptarGroup, Inc. Common Stock"
ATRA,Biotechnology,"Atara Biotherapeutics, Inc. - Common Stock"
ATRC,Medical Instruments & Supplies,"AtriCure, Inc. - Common Stock"
ATRO,Aerospace & Defense,Astronics Corporation - Common Stock
ATS,Specialty Industrial Machinery,ATS Corporation Common Shares
ATTO,Biotechnology,"Attovia Therapeutics, Inc. - Common Stock"
ATTT,,Atlas Trinity Tech Limited - Ordinary Shares
ATXG,Integrated Freight & Logistics,Addentax Group Corp. - Common Stock
ATYR,Biotechnology,"aTyr Pharma, Inc. - Common Stock"
AU,Gold,AngloGold Ashanti PLC Ordinary Shares
AUB,Banks—Regional,Atlantic Union Bankshares Corporation Common Stock
AUBN,Banks—Regional,"Auburn National Bancorporation, Inc. - Common Stock"
AUC,Capital Markets,ATIF Holdings Limited - Ordinary Shares
AUDC,Communication Equipment,AudioCodes Ltd. - Ordinary Shares
AUGO,Gold,Aura Minerals Inc. - Common Shares
AUID,Software—Infrastructure,authID Inc. - Common Stock
AUNA,Medical Care Facilities,Auna SA Class A Ordinary Shares
AUPH,Biotechnology,Aurinia Pharmaceuticals Inc - Common Shares
AUR,Auto Parts,"Aurora Innovation, Inc.  - Class A Common Stock"
AURA,Biotechnology,"Aura Biosciences, Inc. - Common Stock"
AURE,Capital Markets,Aurelion Inc.  - Class A Ordinary Shares
AUST,Gold,Austin Gold Corp. Common Shares
AUUD,Software—Application,Auddia Inc. - Common Stock
AUXX,Gold,Gold X2 Mining Inc. Common Shares
AVA,Utilities—Diversified,Avista Corporation Common Stock
AVAH,Medical Care Facilities,Aveanna Healthcare Holdings Inc. - Common Stock
AVAT,Asset Management,Avalanche Treasury Corporation - Class A Common Stock
AVAV,Aerospace & Defense,"AeroVironment, Inc. - Common Stock"
AVBC,Banks—Regional,"Avidia Bancorp, Inc. Common Stock"
AVBH,Banks—Regional,"Avidbank Holdings, Inc. - Common Stock"
AVBP,Biotechnology,"ArriVent BioPharma, Inc. - Common Stock"
AVD,Agricultural Inputs,American Vanguard Corporation Common Stock ($0.10 Par Value)
AVEX,Aerospace & Defense,AEVEX Corp. Class A Common Stock
AVGO,Semiconductors,Broadcom Inc. - Common Stock
AVIR,Biotechnology,"Atea Pharmaceuticals, Inc. - common stock"
AVLN,Biotechnology,Avalyn Pharma Inc. - common stock
AVNT,Specialty Chemicals,Avient Corporation Common Stock
AVNW,Communication Equipment,"Aviat Networks, Inc. - Common Stock"
AVO,Food Distribution,"Mission Produce, Inc. - Common Stock"
AVPT,Software—Infrastructure,"AvePoint, Inc. - Class A Common Stock"
AVR,Medical Devices,Anteris Technologies Global Corp. - Common Stock
AVT,Electronics & Computer Distribution,"Avnet, Inc. - Common Stock"
AVTR,Medical Instruments & Supplies,"Avantor, Inc. Common Stock"
AVTX,Biotechnology,"Avalo Therapeutics, Inc. - Common Stock"
AVX,Software—Infrastructure,Avax One Technology Ltd. - Common Shares
AVXL,Biotechnology,Anavex Life Sciences Corp. - Common Stock
AVY,Packaging & Containers,Avery Dennison Corporation Common Stock
AWI,Building Products & Equipment,Armstrong World Industries Inc Common Stock
AWK,Utilities—Regulated Water,"American Water Works Company, Inc. Common Stock"
AWR,Utilities—Regulated Water,American States Water Company Common Stock
AWRE,Software—Application,"Aware, Inc. - Common Stock"
AWX,Waste Management,Avalon Holdings Corporation Common Stock
AX,Banks—Regional,"Axos Financial, Inc. Common Stock"
AXG,Capital Markets,Solowin Holdings - Class A Ordinary Share
AXGN,Medical Devices,"Axogen, Inc. - Common Stock"
AXIL,Consumer Electronics,"AXIL Brands, Inc. Common Stock"
AXIN,Shell Companies,Axiom Intelligence Acquisition Corp 1 - Class A Ordinary Shares
AXON,Aerospace & Defense,"Axon Enterprise, Inc. - Common Stock"
AXP,Credit Services,American Express Company Common Stock
AXR,Real Estate—Development,AMREP Corporation Common Stock
AXS,Insurance—Specialty,Axis Capital Holdings Limited Common Stock
AXSM,Biotechnology,"Axsome Therapeutics, Inc. - Common Stock"
AXTA,Specialty Chemicals,Axalta Coating Systems Ltd. Common Shares
AXTI,Semiconductor Equipment & Materials,AXT Inc - Common Stock
AYA,Silver,Aya Gold & Silver Inc. - Common Shares
AYI,Electrical Equipment & Parts,Acuity Inc. Common Stock
AYTU,Drug Manufacturers—Specialty & Generic,"Aytu BioPharma, Inc.  - Common Stock"
AZ,Software—Application,A2Z Cust2Mate Solutions Corp. - Common Shares
AZI,Auto & Truck Dealerships,Autozi Internet Technology (Global) Ltd. - Class A Ordinary Shares
AZIO,Software—Infrastructure,"Azio AI Holdings, Inc. - Common stock"
AZN,Drug Manufacturers—General,AstraZeneca PLC Ordinary Shares
AZO,Auto Parts,"AutoZone, Inc. Common Stock"
AZTA,Medical Instruments & Supplies,"Azenta, Inc. - Common Stock"
AZTR,Biotechnology,Azitra Inc Common Stock
AZZ,Specialty Business Services,AZZ Inc.
B,Gold,Barrick Mining Corporation Common Shares
BA,Aerospace & Defense,Boeing Company (The) Common Stock
BAC,Banks—Diversified,Bank of America Corporation Common Stock
BAC-L,,Bank of America Corporation Non Cumulative Perpetual Conv Pfd Ser L
BACC,Shell Companies,Blue Acquisition Corp. - Class A Ordinary Shares
BAER,Security & Protection Services,"Bridger Aerospace Group Holdings, Inc. - Common Stock"
BAFN,Banks—Regional,BayFirst Financial Corp. - Common Stock
BAH,Consulting Services,Booz Allen Hamilton Holding Corporation Common Stock
BAK,Chemicals,Braskem SA ADR
BALL,Packaging & Containers,Ball Corporation Common Stock
BALY,Resorts & Casinos,Bally's Corporation Common Stock
BAM,Asset Management,Brookfield Asset Management Inc Class A Limited Voting Shares
BANC,Banks—Regional,"Banc of California, Inc. Common Stock"
BAND,Software—Infrastructure,Bandwidth Inc. - Class A Common Stock
BANF,Banks—Regional,BancFirst Corporation - Common Stock
BANL,Oil & Gas Midstream,CBL International Limited - Class B Ordinary Shares
BANR,Banks—Regional,Banner Corporation - Common Stock
BAOS,Advertising Agencies,Baosheng Media Group Holdings Limited - Ordinary shares
BAP,Banks—Regional,Credicorp Ltd. Common Stock
BARK,Specialty Retail,"BARK, Inc. Class A Common Stock"
BATL,Oil & Gas E&P,Battalion Oil Corporation Common Stock
BATRA,Entertainment,"Atlanta Braves Holdings, Inc. - Series A Common Stock"
BATRK,Entertainment,"Atlanta Braves Holdings, Inc. - Series C Common Stock"
BAX,Medical Instruments & Supplies,Baxter International Inc. Common Stock
BB,Software—Infrastructure,BlackBerry Limited Common Stock
BBAI,Information Technology Services,"BigBear.ai, Inc. Common Stock"
BBCP,Engineering & Construction,"Concrete Pumping Holdings, Inc.  - Common Stock"
BBDC,Asset Management,"Barings BDC, Inc. Common Stock"
BBGI,Broadcasting,"Beasley Broadcast Group, Inc. - Class A Common Stock"
BBIO,Biotechnology,"BridgeBio Pharma, Inc. - Common Stock"
BBLG,Biotechnology,Bone Biologics Corp - Common Stock
BBNX,Medical Devices,"Beta Bionics, Inc. - Common Stock"
BBOT,Biotechnology,"BridgeBio Oncology Therapeutics, Inc. - Common Stock"
BBSI,Staffing & Employment Services,"Barrett Business Services, Inc. - Common Stock"
BBT,Banks—Regional,Beacon Financial Corporation Common stock
BBUC,Conglomerates,Brookfield Business Corporation Class A Subordinate Voting Shares
BBVA,Banks—Diversified,Banco Bilbao Vizcaya Argentaria S.A. Common Stock
BBW,Specialty Retail,"Build-A-Bear Workshop, Inc. Common Stock"
BBWI,Specialty Retail,"Bath & Body Works, Inc."
BBY,Specialty Retail,"Best Buy Co., Inc. Common Stock"
BC,Recreational Vehicles,Brunswick Corporation Common Stock
BCAL,Banks—Regional,California BanCorp - Common Stock
BCAX,Biotechnology,Bicara Therapeutics Inc. - Common Stock
BCBP,Banks—Regional,"BCB Bancorp, Inc. (NJ) - Common Stock"
BCC,Lumber & Wood Production,"Boise Cascade, L.L.C. Common Stock"
BCCQ,Shell Companies,Bleichroeder Acquisition Corp. III - Class A Ordinary Shares
BCDA,Biotechnology,"BioCardia, Inc. - Common Stock"
BCE,Telecom Services,"BCE, Inc. Common Stock"
BCG,Asset Management,"Binah Capital Group, Inc. - Common Stock"
BCHT,Pollution & Treatment Controls,Birchtech Corp. Common Stock
BCML,Banks—Regional,BayCom Corp - Common Stock
BCO,Security & Protection Services,Brinks Company (The) Common Stock
BCPC,Specialty Chemicals,Balchem Corporation - Common Stock
BCRX,Drug Manufacturers—Specialty & Generic,"BioCryst Pharmaceuticals, Inc. - Common Stock"
BCS,Banks—Diversified,Barclays PLC Common Stock
BCSF,Asset Management,"Bain Capital Specialty Finance, Inc. Common Stock"
BCSS,Shell Companies,Bain Capital GSS Investment Corp. Class A Ordinary Shares
BCTX,Biotechnology,BriaCell Therapeutics Corp. - Common Shares
BCX,Asset Management,BlackRock Resources Common Shares of Beneficial Interest
BDC,Communication Equipment,Belden Inc Common Stock
BDCI,Shell Companies,BTC Development Corp. - Class A Ordinary Shares
BDCZ,,"ETRACS MarketVector Business Development Companies Liquid Index ETN due April 26, 2041"
BDL,Restaurants,"Flanigan's Enterprises, Inc. Common Stock"
BDMD,Medical Devices,Baird Medical Investment Holdings Ltd - Ordinary Share
BDSX,Diagnostics & Research,"Biodesix, Inc. - Common Stock"
BDTX,Biotechnology,"Black Diamond Therapeutics, Inc. - Common Stock"
BDX,Medical Instruments & Supplies,"Becton, Dickinson and Company Common Stock"
BE,Electrical Equipment & Parts,Bloom Energy Corporation Class A Common Stock
BEAG,Shell Companies,Bold Eagle Acquisition Corp. - Class A Ordinary Shares
BEAM,Biotechnology,Beam Therapeutics Inc. - Common Stock
BEAT,Health Information Services,"Heartbeam, Inc. - Common Stock"
BEBE,Shell Companies,TGE Value Creative Solutions Corp Class A Ordinary Shares
BEEM,Solar,Beam Global - Common Stock
BEEP,Infrastructure Operations,Mobile Infrastructure Corporation - Common Stock
BELFA,Electronic Components,Bel Fuse Inc. - Class A Common Stock
BELFB,Electronic Components,Bel Fuse Inc. - Class B Common Stock
BEN,Asset Management,"Franklin Templeton, Inc. Common Stock"
BENF,Asset Management,Beneficient - Class A Common Stock
BEPC,Utilities—Renewable,Brookfield Renewable Corporation Brookfield Renewable Corporation Class A Subordinate Voting Shares
BESS,Utilities—Renewable,Bimergen Energy Corporation Common Stock
BETA,Aerospace & Defense,"Beta Technologies, Inc. Class A Common Stock"
BETR,Mortgage Finance,Better Home & Finance Holding Company - Class A Common Stock
BF.A,Beverages—Wineries & Distilleries,Brown Forman Inc Class A Common Stock
BF.B,Beverages—Wineries & Distilleries,Brown Forman Inc Class B Common Stock
BFC,Banks—Regional,Bank First Corporation - Common Stock
BFH,Credit Services,"Bread Financial Holdings, Inc. Common Stock"
BFLY,Medical Devices,"Butterfly Network, Inc. Class A Common Stock"
BFRG,Health Information Services,"Bullfrog AI Holdings, Inc. - Common Stock"
BFRI,Drug Manufacturers—Specialty & Generic,Biofrontera Inc. - Common Stock
BFS,REIT—Retail,"Saul Centers, Inc. Common Stock"
BFST,Banks—Regional,"Business First Bancshares, Inc. - Common Stock"
BG,Farm Products,Bunge Limited Common Shares
BGC,Capital Markets,"BGC Group, Inc. - Class A Common Stock"
BGDE,Capital Markets,"Big Digital Energy, Inc. - Common Stock"
BGIN,Computer Hardware,Bgin Blockchain Limited - Class A Ordinary Shares
BGL,Gold,Blue Gold Limited - Class A ordinary shares
BGLC,Specialty Chemicals,BioNexus Gene Lab Corp - Common stock
BGM,Drug Manufacturers—Specialty & Generic,BGM Group Ltd. - Class A Ordinary Shares
BGMS,Building Products & Equipment,"Bio Green Med Solution, Inc. - Common Stock"
BGS,Packaged Foods,"B&G Foods, Inc. Common Stock"
BGSF,Staffing & Employment Services,"BGSF, Inc. Common Stock"
BGSI,Auto & Truck Dealerships,Boyd Group Services Inc. Common Shares
BH,Restaurants,Biglari Holdings Inc. Class B Common Stock
BH.A,Restaurants,Biglari Holdings Inc. Class A Common Stock
BHAV,Shell Companies,BHAV Acquisition Corp - Class A Ordinary Shares
BHB,Banks—Regional,"Bar Harbor Bankshares, Inc. Common Stock"
BHC,Drug Manufacturers—Specialty & Generic,Bausch Health Companies Inc. Common Stock
BHE,Electronic Components,"Benchmark Electronics, Inc. Common Stock"
BHR,REIT—Hotel & Motel,Braemar Hotels & Resorts Inc. Common Stock
BHRB,Banks—Regional,Burke & Herbert Financial Services Corp. - Common Stock
BHST,Packaged Foods,BioHarvest Sciences Inc. - Common Stock
BHVN,Biotechnology,Biohaven Ltd. Common Shares
BIAF,Diagnostics & Research,"bioAffinity Technologies, Inc. - Common Stock"
BID,Shell Companies,Tribeca Strategic Acquisition Corp. - Class A Ordinary Shares
BIIB,Drug Manufacturers—General,Biogen Inc. - Common Stock
BIII,Shell Companies,Black Spade Acquisition III Co Class A Ordinary Shares
BILL,Software—Application,"BILL Holdings, Inc. Common Stock"
BIO,Medical Devices,"Bio-Rad Laboratories, Inc. Class A Common Stock"
BIO.B,,"Bio-Rad Laboratories, Inc. Class B  Common Stock"
BIOA,Drug Manufacturers—Specialty & Generic,"BioAge Labs, Inc. - Common Stock"
BIOT,Household & Personal Products,Instinct Bio Technical Company Holdings Inc. - Common stock
BIOX,Agricultural Inputs,Bioceres Crop Solutions Corp. - Ordinary Shares
BIPC,Utilities—Regulated Gas,Brookfield Infrastructure Corporation Brookfield Infrastructure Corporation
BIRD,Software—Infrastructure,"Smartbird, Inc. - Class A Common Stock"
BIRK,Footwear & Accessories,Birkenstock Holding plc Ordinary Shares
BIVI,Biotechnology,BioVie Inc. - Common stock
BIXI,Shell Companies,Bitcoin Infrastructure Acquisition Corp Ltd. - Class A Ordinary Shares
BIYA,Software—Application,Baiya International Group Inc.  - Ordinary Shares
BJ,Discount Stores,"BJ's Wholesale Club Holdings, Inc. Common Stock"
BJDX,Medical Devices,"Bluejay Diagnostics, Inc. - Common Stock"
BJRI,Restaurants,"BJ's Restaurants, Inc. - Common Stock"
BKD,Medical Care Facilities,Brookdale Senior Living Inc. Common Stock
BKE,Apparel Retail,"Buckle, Inc. (The) Common Stock"
BKH,Utilities—Regulated Gas,Black Hills Corporation Common Stock
BKHA,Shell Companies,Black Hawk Acquisition Corporation - Class A Ordinary Shares
BKKT,Software—Infrastructure,"Bakkt, Inc. Class A Common Stock"
BKNG,Travel Services,Booking Holdings Inc. - Common Stock
BKR,Oil & Gas Equipment & Services,Baker Hughes Company - Common Stock
BKSY,Specialty Business Services,BlackSky Technology Inc. Class A Common Stock
BKTI,Communication Equipment,BK Technologies Corporation Common Stock
BKV,Oil & Gas E&P,BKV Corporation Common Stock
BKYI,Security & Protection Services,"BIO-key International, Inc. - Common Stock"
BL,Software—Application,"BlackLine, Inc. - Common Stock"
BLBD,Farm & Heavy Construction Machinery,Blue Bird Corporation - Common Stock
BLCO,Medical Instruments & Supplies,Bausch + Lomb Corporation Common Shares
BLDP,Electrical Equipment & Parts,"Ballard Power Systems, Inc. - Common Shares"
BLDR,Building Products & Equipment,"Builders FirstSource, Inc. Common Stock"
BLFS,Medical Instruments & Supplies,"BioLife Solutions, Inc. - Common Stock"
BLIN,Software—Infrastructure,"Bridgeline Digital, Inc. - Common Stock"
BLIV,Software—Application,BeLive Holdings - ordinary shares
BLK,Asset Management,"BlackRock, Inc. Common Stock"
BLKB,Software—Application,"Blackbaud, Inc. - Common Stock"
BLLN,Diagnostics & Research,"BillionToOne, Inc. - Class A common stock"
BLMN,Restaurants,"Bloomin' Brands, Inc. - Common Stock"
BLND,Software—Application,"Blend Labs, Inc. Class A Common Stock"
BLNE,Mortgage Finance,"Beeline Holdings, Inc. - Common Stock"
BLNK,Engineering & Construction,Blink Charging Co. - Common Stock
BLRK,Shell Companies,Bluerock Acquisition Corp. - Class A Ordinary Shares
BLSH,Software—Infrastructure,Bullish Ordinary Shares
BLSM,Biotechnology,"BlossomHill Therapeutics, Inc. - Common Stock"
BLUW,Shell Companies,Blue Water Acquisition Corp. III - Class A Ordinary Shares
BLX,Banks—Regional,"Bladex, Inc. Class E Common Stock"
BLZE,Software—Infrastructure,"Backblaze, Inc. - Common Stock"
BLZR,Shell Companies,Trailblazer Acquisition Corp. - Class A Ordinary Shares
BMA,Banks—Regional,Banco Macro S.A.  ADR (representing Ten Class B Common Shares)
BMBL,Internet Content & Information,Bumble Inc. - common stock
BMEA,Biotechnology,"Biomea Fusion, Inc. - Common Stock"
BMGL,Medical Care Facilities,Basel Medical Group Ltd - ordinary shares
BMHL,Capital Markets,Bluemount Holdings Limited - Class B Ordinary Shares
BMI,Scientific & Technical Instruments,"Badger Meter, Inc. Common Stock"
BMM,Other Industrial Metals & Mining,Blue Moon Metals Inc. - Common Shares
BMNR,Capital Markets,"BitMine Immersion Technologies, Inc. Common Stock"
BMO,Banks—Diversified,Bank Of Montreal Common Stock
BMR,Software—Application,Beamr Imaging Ltd. - Ordinary Share
BMRA,Medical Devices,"Biomerica, Inc. - Common Stock"
BMRC,Banks—Regional,Bank of Marin Bancorp - Common Stock
BMRN,Biotechnology,BioMarin Pharmaceutical Inc. - Common Stock
BMY,Drug Manufacturers—General,Bristol-Myers Squibb Company Common Stock
BN,Asset Management,Brookfield Corporation Class A Limited Voting Shares
BNAI,Software—Infrastructure,Brand Engagement Network Inc. - Common Stock
BNC,Farm & Heavy Construction Machinery,CEA Industries Inc. - Common Stock
BNED,Specialty Retail,"Barnes & Noble Education, Inc Common Stock"
BNGO,Medical Instruments & Supplies,"Bionano Genomics, Inc. - Common Stock"
BNKK,Beverages—Non-Alcoholic,"Bonk, Inc. - Common Stock"
BNL,REIT—Diversified,"Broadstone Net Lease, Inc. Common Stock"
BNS,Banks—Diversified,Bank Nova Scotia Halifax Pfd 3 Ordinary Shares
BNT,Insurance—Diversified,Brookfield Wealth Solutions Ltd. Class A Exchangeable Limited Voting Shares
BNTC,Biotechnology,Benitec Biopharma Inc. - Common Stock
BNY,Banks—Diversified,The Bank of New York Mellon Corporation Common Stock
BOBS,Specialty Retail,"Bob's Discount Furniture, Inc. Common Stock"
BOC,Conglomerates,Boston Omaha Corporation Class A Common Stock
BODI,Internet Content & Information,"The Beachbody Company, Inc. - Class A Common Stock"
BOF,Packaged Foods,BranchOut Food Inc. - Common Stock
BOH,Banks—Regional,Bank of Hawaii Corporation Common Stock
BOKF,Banks—Regional,BOK Financial Corporation - Common Stock
BOLD,Biotechnology,"Boundless Bio, Inc. - Common Stock"
BOLT,Biotechnology,"Bolt Biotherapeutics, Inc. - Common Stock"
BON,Specialty Chemicals,Bon Natural Life Limited - Class A Ordinary Shares
BOOM,Conglomerates,DMC Global Inc. - Common Stock
BOOT,Apparel Retail,"Boot Barn Holdings, Inc. Common Stock"
BORR,Oil & Gas Drilling,Borr Drilling Limited Common Shares
BOSC,Communication Equipment,B.O.S. Better Online Solutions - Ordinary Shares
BOT,Asset Management,"RoboStrategy, Inc. - Common Stock"
BOTJ,Banks—Regional,"Bank of the James Financial Group, Inc. - Common Stock"
BOW,Insurance—Property & Casualty,Bowhead Specialty Holdings Inc. Common Stock
BOX,Software—Infrastructure,"Box, Inc. Class A Common Stock"
BOXL,Consumer Electronics,Boxlight Corporation - Class A Common Stock
BP,Oil & Gas Integrated,BP p.l.c. Common Stock
BPAC,Shell Companies,Blueport Acquisition Ltd - Class A Ordinary Shares
BPOP,Banks—Regional,"Popular, Inc. - Common Stock"
BPRN,Banks—Regional,"Princeton Bancorp, Inc. - Common Stock"
BQ,Specialty Retail,Boqii Holding Limited Class A Ordinary Shares
BR,Information Technology Services,"Broadridge Financial Solutions, Inc. Common Stock"
BRAG,Gambling,Bragg Gaming Group Inc. - Common Shares
BRAI,Computer Hardware,Braiin Limited - Common Stock
BRBI,Capital Markets,BRBI BR Partners S.A. - ADSs
BRBR,Packaged Foods,"BellRing Brands, Inc. Common Stock"
BRBS,Banks—Regional,"Blue Ridge Bankshares, Inc. Common Stock"
BRC,Security & Protection Services,Brady Corporation Common Stock
BRCB,Restaurants,"Black Rock Coffee Bar, Inc. - Class A Common Stock"
BRCC,Packaged Foods,BRC Inc. Class A Common Stock
BREZ,,Breeze Acquisition Corp. II - Ordinary Shares
BRFH,Beverages—Non-Alcoholic,Barfresh Food Group Inc. - Common Stock
BRIA,Apparel Retail,BrilliA Inc Class A Ordinary Shares
BRID,Packaged Foods,Bridgford Foods Corporation - Common Stock
BRK.A,Insurance—Diversified,Berkshire Hathaway Inc. Common Stock
BRK.B,Insurance—Diversified,Berkshire Hathaway Inc. New Common Stock
BRKH,Shell Companies,Burtech Acquisition Corp II - Class A Ordinary Shares
BRKR,Medical Devices,Bruker Corporation - Common Stock
BRLS,Packaged Foods,Borealis Foods Inc. - Class A Common Shares
BRLT,Luxury Goods,"Brilliant Earth Group, Inc. - Class A Common Stock"
BRN,Oil & Gas E&P,"Barnwell Industries, Inc. Common Stock"
BRNX,Utilities—Renewable,BrenX Ltd. - Ordinary Shares
BRO,Insurance Brokers,"Brown & Brown, Inc. Common Stock"
BROS,Restaurants,Dutch Bros Inc. Class A Common Stock
BRR,Capital Markets,"ProCap Financial, Inc. - Common Stock"
BRT,REIT—Residential,BRT Apartments Corp. (MD) Common Stock
BRTM,,B&R Technology Merger Corp. - Class A Ordinary Shares
BRTX,Biotechnology,"BioRestorative Therapies, Inc. - Common Stock"
BRUN,Software—Infrastructure,Boost Run Inc. - Class A Common Stock
BRVE,Biotechnology,"Braveheart Bio, Inc. - Common Stock"
BRX,REIT—Retail,Brixmor Property Group Inc. Common Stock
BRZE,Software—Application,"Braze, Inc. - Class A Common Stock"
BSAA,Shell Companies,BEST SPAC I Acquisition Corp. - Class A Ordinary Shares
BSBK,Banks—Regional,Bogota Financial Corp. - Common Stock
BSEM,Biotechnology,"BioStem Technologies, Inc. - Common Stock"
BSET,"Furnishings, Fixtures & Appliances","Bassett Furniture Industries, Incorporated - Common Stock"
BSIN,Oil & Gas E&P,Big Sky Industrial Inc. - Common Stock
BSP,Software—Application,Bending Spoons S.p.A. - Ordinary Shares
BSRR,Banks—Regional,Sierra Bancorp - Common Stock
BSVN,Banks—Regional,Bank7 Corp. - Common stock
BSX,Medical Devices,Boston Scientific Corporation Common Stock
BSY,Software—Application,"Bentley Systems, Incorporated - Class B Common Stock"
BTBD,Restaurants,"BT Brands, Inc. - Common Stock"
BTBT,Capital Markets,"Bit Digital, Inc. - Ordinary Share"
BTCS,Capital Markets,BTCS Inc. - Common Stock
BTCT,Computer Hardware,BTC Digital Ltd. - Ordinary Shares
BTDR,Software—Application,Bitdeer Technologies Group - Ordinary Shares
BTE,Oil & Gas E&P,Baytex Energy Corp Common Shares
BTG,Gold,B2Gold Corp Common shares (Canada)
BTGO,Capital Markets,"BitGo Holdings, Inc. Class A Common Stock"
BTI,Tobacco,"British American Tobacco  Industries, p.l.c. Common Stock ADR"
BTMD,Medical Care Facilities,Biote Corp. - Class A common stock
BTOC,Integrated Freight & Logistics,Armlogi Holding Corp. - common stock
BTQ,Software—Infrastructure,BTQ Technologies Corp. - Common Stock
BTTC,Software—Application,Black Titan Corp - Ordinary Shares
BTU,Thermal Coal,Peabody Energy Corporation Common Stock
BUD,Beverages—Brewers,Anheuser-Busch Inbev SA Sponsored ADR (Belgium)
BUDA,Beverages—Non-Alcoholic,"Buda Juice, Inc. Common Stock"
BULL,Software—Application,Webull Corporation - Class A Ordinary Shares
BUR,Asset Management,Burford Capital Limited Ordinary Shares
BURL,Apparel Retail,"Burlington Stores, Inc. Common Stock"
BUSE,Banks—Regional,First Busey Corporation - Common Stock
BUUU,Specialty Business Services,BUUU Group Limited - Class A Ordinary Share
BVC,Software—Application,BitVentures Limited - Ordinary Share
BVFL,Banks—Regional,"BV Financial, Inc. - Common Stock"
BVN,Other Precious Metals & Mining,Buenaventura Mining Company Inc.
BVS,Medical Devices,Bioventus Inc. - Class A Common Stock
BW,Specialty Industrial Machinery,"Babcock & Wilcox Enterprises, Inc. Common Stock"
BWA,Auto Parts,BorgWarner Inc. Common Stock
BWB,Banks—Regional,"Bridgewater Bancshares, Inc. - Common Stock"
BWEN,Specialty Industrial Machinery,"Broadwind, Inc. - Common Stock"
BWFG,Banks—Regional,"Bankwell Financial Group, Inc. - Common Stock"
BWIN,Insurance Brokers,"The Baldwin Insurance Group, Inc. - Class A Common Stock"
BWIV,Shell Companies,Blue Water Acquisition Corp. IV Class A Ordinary Shares
BWLP,Oil & Gas Midstream,BW LPG Limited Common Shares
BWMN,Engineering & Construction,Bowman Consulting Group Ltd. - Common Stock
BWMX,Specialty Retail,"Betterware de Mexico, S.A.P.I. de C.V. Ordinary Shares"
BWXT,Aerospace & Defense,"BWX Technologies, Inc. Common Stock"
BX,Asset Management,Blackstone Inc. Common Stock
BXBL,Residential Construction,"BOXABL, Inc.  - Common stock"
BXC,Industrial Distribution,Bluelinx Holdings Inc. Common Stock
BXP,REIT—Office,"BXP, Inc. Common Stock"
BY,Banks—Regional,"Byline Bancorp, Inc. Common Stock"
BYAH,Household & Personal Products,"Park Ha Biological Technology Co., Ltd. - Class A Ordinary Shares"
BYD,Resorts & Casinos,Boyd Gaming Corporation Common Stock
BYFC,Banks—Regional,Broadway Financial Corporation - Class A Common Stock
BYND,Packaged Foods,"Beyond Meat, Inc. - Common stock"
BYRN,Aerospace & Defense,"Byrna Technologies, Inc. - Common Stock"
BYSI,Biotechnology,"BeyondSpring, Inc. - Ordinary Shares"
BZ,Internet Content & Information,KANZHUN LIMITED - American Depository Shares
BZAI,Software—Application,"Blaize Holdings, Inc. - Common Stock"
BZFD,Internet Content & Information,"BuzzFeed, Inc. - Class A Common Stock"
BZH,Residential Construction,"Beazer Homes USA, Inc. Common Stock"
C,Banks—Diversified,"Citigroup, Inc. Common Stock"
CAAP,Airports & Air Services,Corporacion America Airports SA Common Shares
CAAS,Auto Parts,"China Automotive Systems, Inc. - Ordinary Share"
CABA,Biotechnology,"Cabaletta Bio, Inc. - Common Stock"
CABO,Telecom Services,"Cable One, Inc. Common Stock"
CABR,Drug Manufacturers—Specialty & Generic,"Caring Brands, Inc. - Common Stock"
CAC,Banks—Regional,Camden National Corporation - Common Stock
CACC,Credit Services,Credit Acceptance Corporation - Common Stock
CACI,Information Technology Services,"CACI International, Inc. Class A Common Stock"
CADL,Biotechnology,"Candel Therapeutics, Inc. - Common Stock"
CAE,Aerospace & Defense,CAE Inc - Common Shares
CAES,Shell Companies,"Cantor Equity Partners VII, Inc. - Class A Ordinary Shares"
CAG,Packaged Foods,"ConAgra Brands, Inc. Common Stock"
CAH,Medical Distribution,"Cardinal Health, Inc. Common Stock"
CAI,Biotechnology,"Caris Life Sciences, Inc. - Common Stock"
CAII,Shell Companies,Collective Acquisition Corp. II - Class A Ordinary Shares
CAKE,Restaurants,The Cheesecake Factory Incorporated - Common Stock
CAL,Apparel Retail,"Caleres, Inc. Common Stock"
CALC,Biotechnology,"CalciMedica, Inc. - Common Stock"
CALM,Farm Products,"Cal-Maine Foods, Inc. - Common Stock"
CALX,Software—Infrastructure,"Calix, Inc Common Stock"
CALY,Leisure,Callaway Golf Company Common Stock
CAMP,Biotechnology,CAMP4 Therapeutics Corporation - Common Stock
CAMT,Semiconductor Equipment & Materials,Camtek Ltd. - Ordinary Shares
CANG,Capital Markets,Cango Inc. Class A Ordinary Shares
CAPN,Shell Companies,Cayson Acquisition Corp - Ordinary Shares
CAPR,Biotechnology,"Capricor Therapeutics, Inc. - Common Stock"
CAPS,Building Materials,Capstone Holding Corp. - Common Stock
CAQ,Shell Companies,Cambridge Acquisition Corp. - Class A Ordinary Shares
CAR,Rental & Leasing Services,"Avis Budget Group, Inc. - Common Stock"
CARE,Banks—Regional,"Carter Bankshares, Inc. - Common Stock"
CARG,Internet Content & Information,"CarGurus, Inc. - Class A Common Stock"
CARL,Health Information Services,"Carlsmed, Inc. - Common Stock"
CARR,Building Products & Equipment,Carrier Global Corporation Common Stock
CARS,Internet Content & Information,Cars.com Inc. Common Stock
CART,Internet Retail,Maplebear Inc. - Common Stock
CASH,Banks—Regional,"Pathward Financial, Inc. - Common Stock"
CASS,Specialty Business Services,"Cass Information Systems, Inc - Common Stock"
CAST,Broadcasting,"FreeCast, Inc. - Class A common stock"
CASY,Specialty Retail,"Caseys General Stores, Inc. - Common Stock"
CAT,Farm & Heavy Construction Machinery,"Caterpillar, Inc. Common Stock"
CATO,Apparel Retail,Cato Corporation (The) Class A Common Stock
CATX,Medical Devices,"Perspective Therapeutics, Inc. Common Stock"
CATY,Banks—Regional,Cathay General Bancorp - Common Stock
CAVA,Restaurants,"CAVA Group, Inc. Common Stock"
CB,Insurance—Property & Casualty,Chubb Limited  Common Stock
CBAN,Banks—Regional,"Colony Bankcorp, Inc. Common Stock"
CBAT,Electrical Equipment & Parts,CBAK Energy Technology Limited - Ordinary Shares
CBC,Banks—Regional,"Central Bancompany, Inc. - Class A Common Stock"
CBFV,Banks—Regional,"CB Financial Services, Inc. - Common Stock"
CBIO,Biotechnology,"Crescent Biopharma, Inc. - Common Stock"
CBK,Banks—Regional,"Commercial Bancgroup, Inc. - Common Stock"
CBL,REIT—Retail,"CBL & Associates Properties, Inc. Common Stock"
CBLL,Medical Devices,"CeriBell, Inc. - Common Stock"
CBNA,Banks—Regional,"Chain Bridge Bancorp, Inc. Class A Common Stock"
CBNK,Banks—Regional,"Capital Bancorp, Inc. - Common Stock"
CBOE,Financial Data & Stock Exchanges,"Cboe Global Markets, Inc. Common Stock"
CBRE,Real Estate Services,CBRE Group Inc Common Stock Class A
CBRL,Restaurants,"Cracker Barrel Old Country Store, Inc. - Common Stock"
CBRS,Semiconductors,Cerebras Systems Inc. - Class A Common Stock
CBSH,Banks—Regional,"Commerce Bancshares, Inc. - Common Stock"
CBT,Specialty Chemicals,Cabot Corporation Common Stock
CBUS,Biotechnology,"Cibus, Inc. - Class A Common Stock"
CBZ,Specialty Business Services,"CBIZ, Inc. Common Stock"
CC,Specialty Chemicals,Chemours Company (The) Common Stock
CCAP,Asset Management,"Crescent Capital BDC, Inc. - Common Stock"
CCAQ,Shell Companies,Collective Acquisition Corp. - Class A ordinary shares
CCB,Banks—Regional,Coastal Financial Corporation - Common Stock
CCBG,Banks—Regional,Capital City Bank Group - Common Stock
CCC,Software—Application,CCC Intelligent Solutions Holdings Inc. - Common Stock
CCCC,Biotechnology,"C4 Therapeutics, Inc. - Common Stock"
CCCT,Shell Companies,Columbus Circle Capital Corp III - Class A Ordinary Shares
CCEC,Marine Shipping,Capital Clean Energy Carriers Corp. - Common Share
CCEL,Medical Care Facilities,"Cryo-Cell International, Inc. Common Stock"
CCEP,Beverages—Non-Alcoholic,Coca-Cola Europacific Partners plc - Ordinary Shares
CCG,Internet Content & Information,Cheche Group Inc. - Class A Ordinary Shares
CCHH,Restaurants,CCH Holdings Ltd - Class A Ordinary Shares
CCI,REIT—Specialty,Crown Castle Inc. Common Stock
CCII,Shell Companies,Cohen Circle Acquisition Corp. II - Class A Ordinary Shares
CCJ,Uranium,Cameco Corporation Common Stock
CCK,Packaging & Containers,"Crown Holdings, Inc."
CCL,Travel Services,Carnival Corporation Ltd. Common Shares
CCLD,Health Information Services,"CareCloud, Inc. - Common Stock"
CCNE,Banks—Regional,CNB Financial Corporation - Common Stock
CCO,Advertising Agencies,"Clear Channel Outdoor Holdings, Inc. Common Stock"
CCOI,Telecom Services,"Cogent Communications Holdings, Inc. - Common Stock"
CCSI,Software—Infrastructure,"Consensus Cloud Solutions, Inc. - Common Stock"
CCTG,Electrical Equipment & Parts,CCSC Technology International Holdings Limited - Class A Ordinary Shares
CCU,Beverages—Brewers,"Compania Cervecerias Unidas, S.A. Common Stock"
CCXI,Shell Companies,Churchill Capital Corp XI - Class A Ordinary Shares
CCZ,,Comcast Holdings ZONES
CD,Capital Markets,Chaince Digital Holdings Inc. - American Ordinary Shares
CDE,Gold,"Coeur Mining, Inc. Common Stock"
CDIO,Biotechnology,Cardio Diagnostics Holdings Inc. - Common stock
CDLX,Advertising Agencies,"Cardlytics, Inc. - Common Stock"
CDNA,Diagnostics & Research,"CareDx, Inc. - Common Stock"
CDNL,Engineering & Construction,Cardinal Infrastructure Group Inc. - Class A Common Stock
CDNS,Software—Application,"Cadence Design Systems, Inc. - Common Stock"
CDP,REIT—Office,COPT Defense Properties Common Shares of Beneficial Interest
CDRE,Aerospace & Defense,"Cadre Holdings, Inc. Common Stock"
CDRO,Gambling,"Codere Online Luxembourg, S.A. - Ordinary Shares"
CDT,Biotechnology,CDT Equity Inc. - Common Stock
CDTG,Waste Management,CDT Environmental Technology Investment Holdings Limited - ordinary shares
CDW,Information Technology Services,CDW Corporation - Common Stock
CDXS,Biotechnology,"Codexis, Inc. - Common Stock"
CDZI,Pollution & Treatment Controls,"Cadiz, Inc. - Common Stock"
CE,Chemicals,Celanese Corporation Common Stock
CECO,Pollution & Treatment Controls,CECO Environmental Corp. - Common Stock
CEG,Utilities—Independent Power Producers,Constellation Energy Corporation - Common Stock When-Issued
CELC,Biotechnology,Celcuity Inc. - Common Stock
CELH,Beverages—Non-Alcoholic,"Celsius Holdings, Inc. - Common Stock"
CELU,Biotechnology,Celularity Inc. - Class A Common Stock
CELZ,Biotechnology,"Creative Medical Technology Holdings, Inc. - Common Stock"
CENN,Auto Manufacturers,Cenntro Inc. - Common Stock
CENT,Packaged Foods,Central Garden & Pet Company - Common Stock
CENTA,Packaged Foods,Central Garden & Pet Company - Class A Common Stock Nonvoting
CENX,Aluminum,Century Aluminum Company - Common Stock
CEPF,Shell Companies,"Cantor Equity Partners IV, Inc. - Class A Ordinary Shares"
CEPL,Specialty Industrial Machinery,"Capstone Energy Plus, Inc. - Common Stock"
CEPO,Shell Companies,"Cantor Equity Partners I, Inc. - Class A Ordinary Shares"
CEPS,Shell Companies,"Cantor Equity Partners VI, Inc. - Class A Ordinary Shares"
CEPV,Shell Companies,"Cantor Equity Partners V, Inc. - Class A Ordinary Shares"
CERS,Medical Devices,Cerus Corporation - Common Stock
CERT,Health Information Services,"Certara, Inc. - Common Stock"
CET,Asset Management,Central Securities Corporation Common Stock
CETX,Software—Infrastructure,Cemtrex Inc. - Common Stock
CETY,Specialty Industrial Machinery,"Clean Energy Technologies, Inc. - Common Stock"
CEVA,Semiconductors,"CEVA, Inc. - Common Stock"
CF,Agricultural Inputs,"CF Industries Holdings, Inc. Common Stock"
CFBK,Banks—Regional,CF Bankshares Inc. - Common Stock
CFFI,Banks—Regional,C&F Financial Corporation - Common Stock
CFFN,Banks—Regional,"Capitol Federal Financial, Inc. - Common Stock"
CFG,Banks—Regional,"Citizens Financial Group, Inc. Common Stock"
CFR,Banks—Regional,"Cullen/Frost Bankers, Inc. Common Stock"
CG,Asset Management,The Carlyle Group Inc. - Common Stock
CGAU,Gold,Centerra Gold Inc. Common Shares
CGC,Drug Manufacturers—Specialty & Generic,Canopy Growth Corporation - Common Shares
CGCF,Shell Companies,Cartesian Growth Corporation IV - Class A Ordinary Shares
CGEM,Biotechnology,"Cullinan Therapeutics, Inc. - Common Stock"
CGEN,Biotechnology,Compugen Ltd. - Ordinary Shares
CGNT,Software—Infrastructure,Cognyte Software Ltd. - Ordinary Shares
CGNX,Scientific & Technical Instruments,Cognex Corporation - Common Stock
CGON,Biotechnology,"CG Oncology, Inc. - Common stock"
CGTL,Specialty Retail,Creative Global Technology Holdings Limited - Class A Ordinary Shares
CGTX,Biotechnology,"Cognition Therapeutics, Inc. - Common Stock"
CHAI,Internet Content & Information,"Core AI Holdings, Inc. - Common Shares"
CHAR,Shell Companies,Charlton Aria Acquisition Corporation - Class A Ordinary Shares
CHCI,Real Estate Services,"Comstock Holding Companies, Inc. - Class A Common Stock"
CHCO,Banks—Regional,City Holding Company - Common Stock
CHD,Household & Personal Products,"Church & Dwight Company, Inc. Common Stock"
CHDN,Gambling,"Churchill Downs, Incorporated - Common Stock"
CHE,Medical Care Facilities,Chemed Corp
CHEC,Shell Companies,Chenghe Acquisition III Co. - Class A Ordinary Shares
CHEF,Food Distribution,"The Chefs' Warehouse, Inc. - Common Stock"
CHGA,Real Estate Services,Change Agents Corporation  - Common Stock
CHGG,Education & Training Services,"Chegg, Inc. Common Stock"
CHH,Lodging,"Choice Hotels International, Inc. Common Stock"
CHKP,Software—Infrastructure,Check Point Software Technologies Ltd. - Ordinary Shares
CHMG,Banks—Regional,Chemung Financial Corp  - Common Stock
CHMI,REIT—Mortgage,Cherry Hill Mortgage Investment Corporation Common Stock
CHNR,Other Industrial Metals & Mining,"China Natural Resources, Inc. - Common Shares"
CHOW,Software—Infrastructure,ChowChow Cloud International Holdings Limited Ordinary Shares
CHPG,Shell Companies,ChampionsGate Acquisition Corporation - Class A Ordinary Share
CHPT,Specialty Retail,"ChargePoint Holdings, Inc. Common Stock"
CHR,Advertising Agencies,"Cheer Holding, Inc.  - Class A Ordinary Share"
CHRD,Oil & Gas E&P,Chord Energy Corporation - Common Stock
CHRN,Information Technology Services,ChronoScale Holdings Corporation - Common Stock
CHRS,Biotechnology,"Coherus Oncology, Inc. - Common Stock"
CHRW,Integrated Freight & Logistics,"C.H. Robinson Worldwide, Inc. - Common Stock"
CHSN,Restaurants,Chanson International Holding - Class A Ordinary Shares
CHT,Telecom Services,"Chunghwa Telecom Co., Ltd."
CHTR,Telecom Services,"Charter Communications, Inc. - Class A Common Stock"
CHWY,Internet Retail,"Chewy, Inc. Class A Common Stock"
CHYM,Software—Application,"Chime Financial, Inc. - Class A Common Stock"
CI,Healthcare Plans,The Cigna Group Common Stock
CIA,Insurance—Life,"Citizens, Inc. Class A Common Stock ($1.00 Par)"
CIEN,Communication Equipment,Ciena Corporation Common Stock
CIFR,Information Technology Services,Cipher Digital Inc. - Common Stock
CIGI,Real Estate Services,Colliers International Group Inc.  - Subordinate Voting Shares
CIGL,Security & Protection Services,Concorde International Group Ltd - Class A Ordinary Shares
CIIT,Integrated Freight & Logistics,"Tianci International, Inc. - Common Stock"
CIM,REIT—Mortgage,Chimera Investment Corporation Common Stock
CINF,Insurance—Property & Casualty,Cincinnati Financial Corporation - Common Stock
CING,Biotechnology,Cingulate Inc. - Common Stock
CINT,Software—Infrastructure,CI&T Inc Class A Common Shares
CION,Asset Management,CION Investment Corporation Common Stock
CIRC,Staffing & Employment Services,"Circle8 Group, Inc. - Common Stock"
CISO,Software—Infrastructure,"CISO Global, Inc. - Common Stock"
CISS,Marine Shipping,C3is Inc. - Common Stock
CITR,Specialty Chemicals,CitroTech Inc. Common Stock
CIVB,Banks—Regional,"Civista Bancshares, Inc.  - Common Stock"
CIX,Security & Protection Services,CompX International Inc. Common Stock
CJMB,Integrated Freight & Logistics,Callan JMB Inc. - Common Stock
CKX,Oil & Gas E&P,"CKX Lands, Inc. Common Stock"
CL,Household & Personal Products,Colgate-Palmolive Company Common Stock
CLAR,Leisure,Clarus Corporation - Common Stock
CLB,Oil & Gas Equipment & Services,Core Laboratories Inc. Common Stock
CLBK,Banks—Regional,"Columbia Financial, Inc. - Common Stock"
CLBR,Shell Companies,Colombier Acquisition Corp. III Class A Ordinary Shares
CLBT,Software—Infrastructure,Cellebrite DI Ltd. - Ordinary Shares
CLDI,Biotechnology,"Calidi Biotherapeutics, Inc. Common Stock"
CLDX,Biotechnology,"Celldex Therapeutics, Inc. - Common Stock"
CLF,Steel,Cleveland-Cliffs Inc. Common Stock
CLFD,Communication Equipment,"Clearfield, Inc. - Common Stock"
CLGN,Biotechnology,CollPlant Biotechnologies Ltd. - Ordinary Shares
CLH,Waste Management,"Clean Harbors, Inc. Common Stock"
CLIK,Personal Services,Click Holdings Limited - Ordinary Share
CLIR,Pollution & Treatment Controls,ClearSign Technologies Corporation - Common Stock
CLMB,Electronics & Computer Distribution,"Climb Global Solutions, Inc. - Common Stock"
CLMT,Specialty Chemicals,"Calumet, Inc - Common Stock"
CLNE,Oil & Gas Refining & Marketing,Clean Energy Fuels Corp. - Common Stock
CLNN,Packaged Foods,Clene Inc. - Common Stock
CLOV,Healthcare Plans,"Clover Health Investments, Corp.  - Class A Common stock"
CLPR,REIT—Residential,Clipper Realty Inc. Common Stock
CLPS,Information Technology Services,CLPS Incorporation - Common Stock
CLPT,Medical Devices,ClearPoint Neuro Inc. - Common Stock
CLRB,Biotechnology,"Cellectar Biosciences, Inc. - Common Stock"
CLRO,Communication Equipment,"ClearOne, Inc. - Common Stock"
CLS,Electronic Components,"Celestica, Inc. Common Stock"
CLSK,Capital Markets,"CleanSpark, Inc. - Common Stock"
CLST,Banks—Regional,"Catalyst Bancorp, Inc. - common stock"
CLVT,Information Technology Services,Clarivate Plc Ordinary Shares
CLW,Paper & Paper Products,Clearwater Paper Corporation Common Stock
CLWT,Pollution & Treatment Controls,Euro Tech Holdings Company Limited - Ordinary Shares
CLX,Household & Personal Products,Clorox Company (The) Common Stock
CLYM,Biotechnology,"Climb Bio, Inc. - Common Stock"
CM,Banks—Diversified,Canadian Imperial Bank of Commerce Common Stock
CMBT,Oil & Gas Midstream,CMB.TECH NV Ordinary Shares
CMC,Metal Fabrication,Commercial Metals Company Common Stock
CMCL,Gold,Caledonia Mining Corporation Plc Common Shares
CMCO,Farm & Heavy Construction Machinery,Columbus McKinnon Corporation - Common Stock
CMCSA,Telecom Services,Comcast Corporation - Class A Common Stock
CMCT,REIT—Office,Creative Media  - Common Stock
CMDB,Marine Shipping,Costamare Bulkers Holdings Limited Common Stock
CME,Financial Data & Stock Exchanges,CME Group Inc. - Class A Common Stock
CMG,Restaurants,"Chipotle Mexican Grill, Inc. Common Stock"
CMI,Specialty Industrial Machinery,Cummins Inc. Common Stock
CMND,Biotechnology,Clearmind Medicine Inc. - Common Shares
CMP,Other Industrial Metals & Mining,Compass Minerals Intl Inc Common Stock
CMPR,Specialty Business Services,Cimpress plc - Ordinary Shares
CMPS,Medical Care Facilities,COMPASS Pathways Plc - American Depository Shares
CMPX,Biotechnology,"Compass Therapeutics, Inc. - Common Stock"
CMRC,Software—Application,"Commerce.com, Inc. - Series 1 Common Stock"
CMRE,Marine Shipping,Costamare Inc. Common Stock $0.0001 par value
CMS,Utilities—Regulated Electric,CMS Energy Corporation Common Stock
CMT,Specialty Chemicals,Core Molding Technologies Inc Common Stock
CMTL,Communication Equipment,Comtech Telecommunications Corp. - Common Stock
CNA,Insurance—Property & Casualty,CNA Financial Corporation Common Stock
CNC,Healthcare Plans,Centene Corporation Common Stock
CNCK,Capital Markets,Coincheck Group N.V. - Ordinary Shares
CNDT,Information Technology Services,Conduent Incorporated - Common Stock
CNET,Advertising Agencies,ZW Data Action Technologies Inc. - Common Stock
CNEY,Specialty Chemicals,CN Energy Group Inc. - Class A Ordinary Shares
CNH,Farm & Heavy Construction Machinery,CNH Industrial N.V. Common Shares
CNI,Railroads,Canadian National Railway Company Common Stock
CNK,Entertainment,"Cinemark Holdings Inc Cinemark Holdings, Inc. Common Stock"
CNL,Gold,Collective Mining Ltd. - Common Stock
CNM,Industrial Distribution,"Core & Main, Inc. Class A Common Stock"
CNMD,Medical Devices,CONMED Corporation Common Stock
CNNE,Restaurants,"Cannae Holdings, Inc. Common Stock"
CNO,Insurance—Life,"CNO Financial Group, Inc. Common Stock"
CNO-A,,"CNO Financial Group, Inc. 5.125% Subordinated Debentures due 2060"
CNOB,Banks—Regional,"ConnectOne Bancorp, Inc. - Common Stock"
CNP,Utilities—Regulated Electric,"CenterPoint Energy, Inc (Holding Co) Common Stock"
CNQ,Oil & Gas E&P,Canadian Natural Resources Limited Common Stock
CNR,Thermal Coal,"Core Natural Resources, Inc. Common Stock"
CNS,Asset Management,Cohen & Steers Inc Common Stock
CNSP,Biotechnology,"CNS Pharmaceuticals, Inc. - Common Stock"
CNSY,Biotechnology,"Cerenome, Inc. - Common Stock"
CNTB,Biotechnology,Connect Biopharma Holdings Limited - Ordinary Shares
CNTN,Biotechnology,"Canton Strategic Holdings, Inc. - Common Stock"
CNTX,Biotechnology,Context Therapeutics Inc. - Common Stock
CNTY,Resorts & Casinos,"Century Casinos, Inc. - Common Stock"
CNVS,Entertainment,Cineverse Corp. - Class A Common Stock
CNX,Oil & Gas E&P,CNX Resources Corporation Common Stock
CNXC,Information Technology Services,Concentrix Corporation - Common Stock
CNXN,Electronics & Computer Distribution,"PC Connection, Inc. - Common Stock"
CNXU,Biotechnology,Conexeu Sciences Inc. - Common Stock
COAG,Biotechnology,"Hemab Therapeutics Holdings, Inc. - Common Stock"
COCH,Medical Devices,"Envoy Medical, Inc. - Class A Common Stock"
COCO,Beverages—Non-Alcoholic,"The Vita Coco Company, Inc. - Common Stock"
COCP,Biotechnology,"Cocrystal Pharma, Inc. - Common Stock"
CODA,Aerospace & Defense,"Coda Octopus Group, Inc. - Common stock"
CODI,Conglomerates,D/B/A Compass Diversified Holdings Shares of Beneficial Interest
CODX,Medical Devices,"Co-Diagnostics, Inc. - Common Stock"
COF,Credit Services,Capital One Financial Corporation Common Stock
COFS,Banks—Regional,"ChoiceOne Financial Services, Inc. - Common Stock"
COGT,Biotechnology,"Cogent Biosciences, Inc. - Common Stock"
COHN,Capital Markets,Cohen & Company Inc.
COHR,Scientific & Technical Instruments,Coherent Corp. Common Stock
COHU,Semiconductor Equipment & Materials,"Cohu, Inc. - Common Stock"
COIN,Financial Data & Stock Exchanges,"Coinbase Global, Inc. - Class A Common Stock"
COKE,Beverages—Non-Alcoholic,"Coca-Cola Consolidated, Inc. - Common Stock"
COLA,Shell Companies,Columbus Acquisition Corp - Ordinary Shares
COLB,Banks—Regional,"Columbia Banking System, Inc. - Common Stock"
COLL,Drug Manufacturers—Specialty & Generic,"Collegium Pharmaceutical, Inc. - Common Stock"
COLM,Apparel Manufacturing,Columbia Sportswear Company - Common Stock
COMP,Real Estate Services,"Compass, Inc. Class A Common Stock"
CON,Medical Care Facilities,"Concentra Group Holdings Parent, Inc. Common Stock"
COO,Medical Instruments & Supplies,"The Cooper Companies, Inc.  - Common Stock"
COOK,"Furnishings, Fixtures & Appliances","Traeger, Inc. Common Stock"
COOT,Packaged Foods,Australian Oilseeds Holdings Limited - Ordinary Shares
COP,Oil & Gas E&P,ConocoPhillips Common Stock
COPL,Shell Companies,Copley Acquisition Corp Ordinary Shares
COPR,Copper,Idaho Copper Corporation Common Stock
COR,Medical Distribution,"Cencora, Inc. Common Stock"
CORT,Biotechnology,Corcept Therapeutics Incorporated - Common Stock
CORZ,Software—Infrastructure,"Core Scientific, Inc. - Common Stock"
COSM,Medical Distribution,Cosmos Health Inc. - Common Stock
COSO,Banks—Regional,"CoastalSouth Bancshares, Inc. Common Stock"
COST,Discount Stores,Costco Wholesale Corporation - Common Stock
COTY,Household & Personal Products,Coty Inc. Class A Common Stock
COUR,Education & Training Services,"Coursera, Inc. Common Stock"
COYA,Biotechnology,"Coya Therapeutics, Inc. - Common Stock"
CP,Railroads,Canadian Pacific Kansas City Limited Common Shares
CPA,Airlines,"Copa Holdings, S.A. Class A Common Stock"
CPAY,Software—Infrastructure,"Corpay, Inc. Common Stock"
CPB,Packaged Foods,The Campbell's Company - Common Stock
CPBI,Banks—Regional,"Central Plains Bancshares, Inc. - Common Stock"
CPF,Banks—Regional,Central Pacific Financial Corp New
CPHC,Resorts & Casinos,Canterbury Park Holding Corporation - Common Stock
CPHI,Drug Manufacturers—Specialty & Generic,"China Pharma Holdings, Inc. Common Stock"
CPIX,Drug Manufacturers—Specialty & Generic,Cumberland Pharmaceuticals Inc. - Common Stock
CPK,Utilities—Regulated Gas,Chesapeake Utilities Corporation Common Stock
CPNG,Internet Retail,"Coupang, Inc. Class A Common Stock"
CPOP,Entertainment,"Pop Culture Group Co., Ltd - Class A Ordinary Shares"
CPRI,Luxury Goods,Capri Holdings Limited Ordinary Shares
CPRT,Specialty Business Services,"Copart, Inc. - Common Stock"
CPS,Auto Parts,Cooper-Standard Holdings Inc. Common Stock
CPSH,Electronic Components,CPS Technologies Corp. - Common Stock
CPSS,Credit Services,"Consumer Portfolio Services, Inc. - Common Stock"
CR,Specialty Industrial Machinery,Crane Company Common Stock
CRAC,Shell Companies,Crown Reserve Acquisition Corp. I - Class A Ordinary Shares
CRAI,Consulting Services,"CRA International,Inc. - Common Stock"
CRAN,Shell Companies,Crane Harbor Acquisition Corp. II - Class A Ordinary Shares
CRAQ,Shell Companies,Cal Redwood Acquisition Corp. - Class A Ordinary Shares
CRBG,Asset Management,Corebridge Financial Inc. Common Stock
CRBP,Biotechnology,"Corbus Pharmaceuticals Holdings, Inc. - Common Stock"
CRBU,Biotechnology,"Caribou Biosciences, Inc. - Common Stock"
CRC,Oil & Gas E&P,California Resources Corporation Common Stock
CRCL,Capital Markets,"Circle Internet Group, Inc. Class A Common Stock"
CRCT,Computer Hardware,"Cricut, Inc. - Class A common stock"
CRD.A,Insurance Brokers,Crawford & Company Common Stock
CRD.B,Insurance Brokers,Crawford & Company Common Stock
CRDF,Biotechnology,"Cardiff Oncology, Inc. - Common Stock"
CRDL,Drug Manufacturers—Specialty & Generic,Cardiol Therapeutics Inc. - Class A Common Shares
CRDO,Semiconductors,Credo Technology Group Holding Ltd - Ordinary Shares
CRE,Specialty Business Services,Cre8 Enterprise Limited - Class A Ordinary Shares
CREX,Software—Application,"Creative Realities, Inc. - Common Stock"
CRGO,Software—Application,Freightos Limited - Ordinary shares
CRGY,Oil & Gas E&P,Crescent Energy Company Class A Common Stock
CRH,Building Materials,CRH PLC Ordinary Shares
CRI,Apparel Retail,"Carter's, Inc. Common Stock"
CRIS,Biotechnology,"Curis, Inc. - Common Stock"
CRK,Oil & Gas E&P,"Comstock Resources, Inc. Common Stock"
CRL,Diagnostics & Research,"Charles River Laboratories International, Inc. Common Stock"
CRM,Software—Application,"Salesforce, Inc. Common Stock"
CRMD,Biotechnology,CorMedix Inc. - Common Stock
CRML,Other Industrial Metals & Mining,Critical Metals Corp. - Ordinary Shares
CRMT,Auto & Truck Dealerships,"America's Car-Mart, Inc. - Common Stock"
CRNC,Software—Application,Cerence Inc. - Common Stock
CRNT,Communication Equipment,Ceragon Networks Ltd. - Ordinary Shares
CRON,Drug Manufacturers—Specialty & Generic,Cronos Group Inc. - Common Share
CROX,Footwear & Accessories,"Crocs, Inc. - Common Stock"
CRS,Metal Fabrication,Carpenter Technology Corporation Common Stock
CRSP,Biotechnology,CRISPR Therapeutics AG - Common Shares
CRSR,Computer Hardware,"Corsair Gaming, Inc. - Common Stock"
CRTO,Advertising Agencies,Criteo S.A. - Ordinary Shares
CRUS,Semiconductors,"Cirrus Logic, Inc. - Common Stock"
CRVL,Insurance Brokers,CorVel Corp. - Common Stock
CRVO,Biotechnology,CervoMed Inc. - Common Stock
CRVS,Biotechnology,"Corvus Pharmaceuticals, Inc. - Common Stock"
CRWD,Software—Infrastructure,"CrowdStrike Holdings, Inc. - Class A Common Stock"
CRWS,"Furnishings, Fixtures & Appliances","Crown Crafts, Inc. - Common Stock"
CRWV,Software—Infrastructure,"CoreWeave, Inc. - Class A Common Stock"
CSAI,Software—Infrastructure,"Cloudastructure, Inc. - Class A Common Stock"
CSBR,Biotechnology,"Champions Oncology, Inc. - Common Stock"
CSCO,Communication Equipment,"Cisco Systems, Inc. - Common Stock"
CSGP,Real Estate Services,"CoStar Group, Inc. - Common Stock"
CSHR,Capital Markets,CoinShares PLC - Ordinary Shares
CSIQ,Solar,Canadian Solar Inc. - Common Shares
CSL,Building Products & Equipment,Carlisle Companies Incorporated Common Stock
CSPI,Information Technology Services,CSP Inc. - Common Stock
CSQR,Information Technology Services,"Csquare, Inc. Common Stock"
CSR,REIT—Residential,D/B/A Centerspace Common Stock
CSTE,Building Products & Equipment,Caesarstone Ltd. - Ordinary Shares
CSTL,Diagnostics & Research,"Castle Biosciences, Inc. - Common stock"
CSTM,Aluminum,Constellium SE Ordinary Shares (France)
CSV,Personal Services,"Carriage Services, Inc. Common Stock"
CSW,Specialty Industrial Machinery,"CSW Industrials, Inc. Common Stock"
CSWC,Asset Management,Capital Southwest Corporation - Common Stock
CSX,Railroads,CSX Corporation - Common Stock
CTAA,Shell Companies,ClearThink 1 Acquisition Corp. - Class A Ordinary Shares
CTAS,Specialty Business Services,Cintas Corporation - Common Stock
CTEV,Health Information Services,Claritev Corporation Class A Common Stock
CTGO,Gold,Contango Silver & Gold Inc. Common Stock
CTKB,Medical Devices,"Cytek Biosciences, Inc. - Common Stock"
CTM,Information Technology Services,"Castellum, Inc. Common Stock"
CTMX,Biotechnology,"CytomX Therapeutics, Inc. - Common Stock"
CTNM,Biotechnology,"Contineum Therapeutics, Inc. - Common stock"
CTNT,Integrated Freight & Logistics,Cheetah Net Supply Chain Service Inc. - Class A Common Stock
CTO,REIT—Diversified,"CTO Realty Growth, Inc. Common Stock"
CTOR,Drug Manufacturers—Specialty & Generic,"Citius Oncology, Inc.  - Common Stock"
CTOS,Rental & Leasing Services,"Custom Truck One Source, Inc. Common Stock"
CTRI,Utilities—Regulated Gas,"Centuri Holdings, Inc. Common Stock"
CTRM,Marine Shipping,Castor Maritime Inc. - Common Shares
CTRN,Apparel Retail,"Citi Trends, Inc. - Common Stock"
CTS,Electronic Components,CTS Corporation Common Stock
CTSH,Information Technology Services,Cognizant Technology Solutions Corporation - Class A Common Stock
CTSO,Medical Devices,Cytosorbents Corporation - Common Stock
CTVA,Agricultural Inputs,"Corteva, Inc. Common Stock"
CTW,Electronic Gaming & Multimedia,CTW - Class A Ordinary Shares
CTXR,Biotechnology,"Citius Pharmaceuticals, Inc. - Common Stock"
CUB,Shell Companies,Lionheart Holdings - Class A Ordinary Shares
CUBE,REIT—Industrial,CubeSmart Common Shares
CUBI,Banks—Regional,"Customers Bancorp, Inc Common Stock"
CUE,Biotechnology,"Cue Biopharma, Inc. - Common Stock"
CULP,Textile Manufacturing,"Culp, Inc. - Common Shares"
CUPR,Medical Instruments & Supplies,Cuprina Holdings (Cayman) Limited - Class A Ordinary shares
CURB,REIT—Retail,Curbline Properties Corp. Common Stock
CURI,Broadcasting,CuriosityStream Inc.  - Class A Common Stock
CURR,Software—Application,Currenc Group Inc. - Ordinary Shares
CURV,Apparel Retail,Torrid Holdings Inc. Common Stock
CURX,Biotechnology,Curanex Pharmaceuticals Inc - Common Stock
CUZ,REIT—Office,Cousins Properties Incorporated Common Stock
CV,Medical Devices,"CapsoVision, Inc. - Common Stock"
CVBF,Banks—Regional,CVB Financial Corporation - Common Stock
CVCO,Residential Construction,"Cavco Industries, Inc. - Common Stock"
CVE,Oil & Gas Integrated,Cenovus Energy Inc Common Stock
CVEO,Lodging,Civeo Corporation (Canada) Common Shares
CVGI,Auto Parts,"Commercial Vehicle Group, Inc. - Common Stock"
CVI,Oil & Gas Refining & Marketing,CVR Energy Inc. Common Stock
CVKD,Biotechnology,"Cadrenal Therapeutics, Inc. - Common Stock"
CVLG,Trucking,"Covenant Logistics Group, Inc. Class A Common Stock"
CVLT,Software—Application,"Commvault Systems, Inc. - Common Stock"
CVM,Biotechnology,Cel-Sci Corporation Common Stock
CVNA,Auto & Truck Dealerships,Carvana Co. Class A Common Stock
CVR,Tools & Accessories,Chicago Rivet & Machine Co. Common Stock
CVRX,Medical Devices,"CVRx, Inc. - Common Stock"
CVS,Healthcare Plans,CVS Health Corporation Common Stock
CVSA,Education & Training Services,Covista Inc. Common Shares
CVU,Aerospace & Defense,"CPI Aerostructures, Inc. Common Stock"
CVV,Specialty Industrial Machinery,CVD Equipment Corporation - Common Stock
CVX,Oil & Gas Integrated,Chevron Corporation Common Stock
CWCO,Utilities—Regulated Water,Consolidated Water Co. Ltd. - Ordinary Shares
CWD,Asset Management,CaliberCos Inc. - Class A Common Stock
CWEN,Utilities—Renewable,"Clearway Energy, Inc. Class C Common Stock"
CWH,Auto & Truck Dealerships,"Camping World Holdings, Inc. Class A Common Stock"
CWK,Real Estate Services,Cushman & Wakefield Ltd. Common Shares
CWST,Waste Management,"Casella Waste Systems, Inc. - Class A Common Stock"
CWT,Utilities—Regulated Water,California Water Service Group Common Stock
CX,Building Materials,"Cemex, S.A.B. de C.V. Sponsored ADR"
CXAI,Software—Application,CXApp Inc. - Class A Common Stock
CXDO,Telecom Services,"Crexendo, Inc. - Common Stock"
CXII,Shell Companies,Churchill Capital Corp XII - Class A Ordinary Shares
CXM,Software—Application,"Sprinklr, Inc. Class A Common Stock"
CXT,Specialty Industrial Machinery,"Crane NXT, Co. Common Stock"
CXW,Security & Protection Services,"CoreCivic, Inc. Common Stock"
CYAB,Software—Infrastructure,"Cyabra, Inc. - Common Stock"
CYCU,Information Technology Services,"Cycurion, Inc. - Common Stock"
CYD,Auto Manufacturers,China Yuchai International Limited Common Stock
CYN,Software—Application,Cyngn Inc. - Common stock
CYPH,Asset Management,Cypherpunk Technologies Inc. - Common Stock
CYRX,Integrated Freight & Logistics,"CryoPort, Inc. - Common Stock"
CYTK,Biotechnology,"Cytokinetics, Incorporated - Common Stock"
CZFS,Banks—Regional,"Citizens Financial Services, Inc. - Common Stock"
CZNC,Banks—Regional,Citizens & Northern Corp - Common Stock
CZR,Resorts & Casinos,"Caesars Entertainment, Inc. - Common Stock"
D,Utilities—Regulated Electric,"Dominion Energy, Inc. Common Stock"
DAAQ,Shell Companies,Digital Asset Acquisition Corp. - Class A Ordinary shares
DAC,Marine Shipping,Danaos Corporation Common Stock
DAIC,Information Technology Services,"CID HoldCo, Inc. - Common Stock"
DAIO,Electronic Components,Data I/O Corporation - Common Stock
DAKT,Electronic Components,"Daktronics, Inc. - Common Stock"
DAL,Airlines,"Delta Air Lines, Inc. Common Stock"
DAN,Auto Parts,Dana Incorporated Common Stock
DAR,Packaged Foods,Darling Ingredients Inc. Common Stock
DARE,Biotechnology,"Dare Bioscience, Inc. - Common Stock"
DASH,Internet Retail,"DoorDash, Inc. - Common Stock"
DAVE,Software—Application,Dave Inc.  - Class A Common Stock
DB,Banks—Regional,Deutsche Bank AG Common Stock
DBCA,Shell Companies,D. Boral Acquisition I Corp. - Class A Ordinary Shares
DBD,Software—Application,Diebold Nixdorf Incorporated Common stock
DBGI,Apparel Retail,"Digital Brands Group, Inc. - Common Stock"
DBI,Footwear & Accessories,Designer Brands Inc. Class A Common Stock
DBRG,Asset Management,"DigitalBridge Group, Inc."
DBRG-H,,"DigitalBridge Group, Inc. 7.125% Series H"
DBRG-I,,"DigitalBridge Group, Inc. 7.15% Series I"
DBRG-J,,"DigitalBridge Group, Inc. 7.125% Series J"
DBX,Software—Infrastructure,"Dropbox, Inc. - Class A Common Stock"
DC,Gold,Dakota Gold Corp. Common Stock
DCBO,Software—Application,Docebo Inc. - Common Shares
DCGO,Medical Care Facilities,DocGo Inc. - Common Stock
DCH,Auto Parts,Dauch Corporation Common Stock
DCI,Specialty Industrial Machinery,"Donaldson Company, Inc. Common Stock"
DCO,Aerospace & Defense,Ducommun Incorporated Common Stock
DCOM,Banks—Regional,"Dime Commercial Bancshares, Inc. Common Stock"
DCOY,Biotechnology,Decoy Therapeutics Inc. - Common Stock
DCTH,Medical Devices,"Delcath Systems, Inc. - Common Stock"
DCX,Auto Manufacturers,Digital Currency X Technology Inc. - Class A Ordinary Shares
DD,Specialty Chemicals,"DuPont de Nemours, Inc. Common Stock"
DDC,Packaged Foods,DDC Enterprise Limited Class A Ordinary Shares
DDD,Computer Hardware,3D Systems Corporation Common Stock
DDI,Electronic Gaming & Multimedia,"DoubleDown Interactive Co., Ltd. - American Depository Shares"
DDOG,Software—Application,"Datadog, Inc. - Class A Common Stock"
DDS,Department Stores,"Dillard's, Inc. Common Stock"
DE,Farm & Heavy Construction Machinery,Deere & Company Common Stock
DEA,REIT—Office,"Easterly Government Properties, Inc. Common Stock"
DEC,Oil & Gas Integrated,Diversified Energy Company Common Stock
DECK,Footwear & Accessories,Deckers Outdoor Corporation Common Stock
DEFT,Capital Markets,"Defi Technologies, Inc. - Common Stock"
DEI,REIT—Office,"Douglas Emmett, Inc. Common Stock"
DELL,Computer Hardware,Dell Technologies Inc. Class C Common Stock
DEO,Beverages—Wineries & Distilleries,Diageo plc Common Stock
DERM,Drug Manufacturers—Specialty & Generic,Journey Medical Corporation - Common Stock
DETX,Security & Protection Services,"Liberty Defense Holdings, Ltd. - Common Shares"
DFDV,Asset Management,DeFi Development Corp. - Common Stock
DFH,Residential Construction,"Dream Finders Homes, Inc. Class A Common Stock"
DFIN,Software—Application,"Donnelley Financial Solutions, Inc. Common Stock"
DFLI,Electrical Equipment & Parts,Dragonfly Energy Holdings Corp - Common Stock
DFNS,Aerospace & Defense,T3 Defense Inc. - Common Stock
DFSC,Aerospace & Defense,"DEFSEC Technologies Inc. - common stock, no R/S concurrent with offering"
DFTX,Biotechnology,"Definium Therapeutics, Inc.  - Common Shares"
DG,Discount Stores,Dollar General Corporation Common Stock
DGAC,Shell Companies,Disciplined Growth Acquisition Corporation Class A Ordinary Shares
DGICA,Insurance—Property & Casualty,"Donegal Group, Inc. - Class A Common Stock"
DGICB,Insurance—Property & Casualty,"Donegal Group, Inc. - Class B Common Stock"
DGII,Communication Equipment,Digi International Inc. - Common Stock
DGNX,Consulting Services,Diginex Limited - Ordinary Shares
DGP,,"DB Gold Double Long ETN due February 15, 2038"
DGX,Diagnostics & Research,Quest Diagnostics Incorporated Common Stock
DGXX,Utilities—Independent Power Producers,Digi Power X Inc. - Common Subordinate Voting Shares
DGZ,,"DB Gold Short ETN due February 15, 2038"
DH,Health Information Services,Definitive Healthcare Corp. - Class A Common Stock
DHI,Residential Construction,"D.R. Horton, Inc. Common Stock"
DHR,Diagnostics & Research,Danaher Corporation Common Stock
DHT,Oil & Gas Midstream,"DHT Holdings, Inc."
DHX,Software—Application,"DHI Group, Inc. Common Stock"
DIBS,Internet Content & Information,"1stdibs.com, Inc. - Common Stock"
DIN,Restaurants,"Dine Brands Global, Inc. Common Stock"
DINO,Oil & Gas Refining & Marketing,HF Sinclair Corporation Common Stock
DIOD,Semiconductors,Diodes Incorporated - Common Stock
DIS,Entertainment,Walt Disney Company (The) Common Stock
DIT,Food Distribution,AMCON Distributing Company Common Stock
DJCO,Software—Application,Daily Journal Corp. (S.C.) - Common Stock
DJP,,iPath Bloomberg Commodity Index Total Return ETN
DJT,Internet Content & Information,Trump Media & Technology Group Corp. - Common Stock
DK,Oil & Gas Refining & Marketing,"Delek US Holdings, Inc. Common Stock"
DKI,Electronic Gaming & Multimedia,DarkIris Inc. - Class A Ordinary Shares
DKNG,Gambling,DraftKings Inc. - Class A Common Stock
DKS,Specialty Retail,Dick's Sporting Goods Inc Common Stock
DLB,Specialty Business Services,Dolby Laboratories Common Stock
DLHC,Specialty Business Services,DLH Holdings Corp. - Common Stock
DLO,Software—Infrastructure,DLocal Limited - Class A Common Shares
DLPN,Advertising Agencies,"Dolphin Entertainment, Inc. - Common Stock"
DLTH,Apparel Retail,Duluth Holdings Inc. - Class B Common Stock
DLTR,Discount Stores,"Dollar Tree, Inc. - Common Stock"
DLX,Conglomerates,Deluxe Corporation Common Stock
DLXY,Oil & Gas Refining & Marketing,Delixy Holdings Limited - Class A Ordinary Shares
DMAA,Shell Companies,Drugs Made In America Acquisition Corp. - Ordinary Shares
DMAC,Biotechnology,DiaMedica Therapeutics Inc. - Common Stock
DMC,Farm Products,Del Monte Corporation Ordinary Shares
DMII,Shell Companies,Drugs Made In America Acquisition II Corp. - Ordinary Shares
DMRA,Biotechnology,"Damora Therapeutics, Inc. - Ordinary Shares"
DMRC,Software—Application,Digimarc Corporation - Common Stock
DNA,Biotechnology,"Ginkgo Bioworks Holdings, Inc. Class A Common Stock"
DNLI,Biotechnology,Denali Therapeutics Inc. - Common Stock
DNMX,Shell Companies,Dynamix Corporation III - Class A Ordinary Shares
DNN,Uranium,Denison Mines Corp Ordinary Shares (Canada)
DNOW,Industrial Distribution,DNOW Inc. Common Stock
DNTH,Biotechnology,"Dianthus Therapeutics, Inc. - Common Stock"
DNUT,Grocery Stores,"Krispy Kreme, Inc. - Common Stock"
DOC,REIT—Healthcare Facilities,"Healthpeak Properties, Inc. Common Stock"
DOCN,Software—Infrastructure,"DigitalOcean Holdings, Inc. Common Stock"
DOCS,Health Information Services,"Doximity, Inc. Class A Common Stock"
DOCU,Software—Application,"DocuSign, Inc. - Common Stock"
DOGZ,Leisure,Dogness (International) Corporation - Class A Common Stock
DOLE,Farm Products,Dole plc Ordinary Shares
DOMH,Capital Markets,Dominari Holdings Inc. - Common Stock
DOMO,Software—Application,"Domo, Inc. - Class B Common Stock"
DOO,Recreational Vehicles,BRP Inc. - Common Subordinate Voting Shares
DORM,Auto Parts,"Dorman Products, Inc. - Common Stock"
DOUG,Real Estate Services,Douglas Elliman Inc. Common Stock
DOV,Specialty Industrial Machinery,Dover Corporation Common Stock
DOW,Chemicals,Dow Inc. Common Stock
DOX,Software—Infrastructure,Amdocs Limited - Ordinary Shares
DPC,Aerospace & Defense,DPC Holdings PLC Ordinary Shares
DPRO,Computer Hardware,Draganfly Inc. - Common Shares
DPU,,Top KingWin Ltd - Class A Ordinary Shares
DPZ,Restaurants,Domino's Pizza Inc - Common Stock
DRCT,Advertising Agencies,"Direct Digital Holdings, Inc. - Class A Common Stock"
DRDB,Shell Companies,Roman DBDR Acquisition Corp. II - Ordinary shares
DRH,REIT—Hotel & Motel,Diamondrock Hospitality Company - Common Stock
DRI,Restaurants,"Darden Restaurants, Inc. Common Stock"
DRIO,Health Information Services,DarioHealth Corp. - Common Stock
DRMA,Biotechnology,"Dermata Therapeutics, Inc. - Common Stock"
DRS,Aerospace & Defense,"Leonardo DRS, Inc. - Common Stock"
DRTS,Biotechnology,Alpha Tau Medical Ltd. - Ordinary Shares
DRVN,Auto & Truck Dealerships,Driven Brands Holdings Inc. - Common Stock
DSAC,Shell Companies,Daedalus Special Acquisition Corp. - Class A Ordinary Shares
DSGN,Biotechnology,"Design Therapeutics, Inc. - Common Stock"
DSGR,Industrial Distribution,"Distribution Solutions Group, Inc. - Common Stock"
DSGX,Software—Application,The Descartes Systems Group Inc. - Common Stock
DSP,Software—Application,Viant Technology Inc. - common stock
DSS,Packaging & Containers,"DSS, Inc. Common Stock"
DSWL,Electronic Components,"Deswell Industries, Inc. - Common Shares"
DSX,Marine Shipping,Diana Shipping inc. common stock
DSY,Household & Personal Products,Big Tree Cloud Holdings Limited - Class A Ordinary Shares
DT,Software—Application,"Dynatrace, Inc. Common Stock"
DTB,,DTE Energy Company 2020 Series G 4.375% Junior Subordinated Debentures due 2080
DTCX,Financial Data & Stock Exchanges,"Datacentrex, Inc. - Common Stock"
DTE,Utilities—Regulated Electric,DTE Energy Company Common Stock
DTG,,DTE Energy Company 2021 Series E 4.375% Junior Subordinated Debentures
DTI,Oil & Gas Equipment & Services,Drilling Tools International Corporation  - Common Stock
DTIL,Biotechnology,"Precision BioSciences, Inc. - Common Stock"
DTK,,DTE Energy Company 2025 Series H 6.25% Junior Subordinated Debentures due 2085
DTM,Oil & Gas Midstream,"DT Midstream, Inc. Common Stock"
DTSQ,Shell Companies,DT Cloud Star Acquisition Corporation - Ordinary Shares
DTSS,Software—Infrastructure,Datasea Intelligent Technology Ltd. - Class A Ordinary Shares
DTST,Information Technology Services,Data Storage Corporation - Common Stock
DTW,,DTE Energy Company 2017 Series E 5.25% Junior Subordinated Debentures due 2077
DUK,Utilities—Regulated Electric,Duke Energy Corporation (Holding Company) Common Stock
DUKB,,Duke Energy Corporation 5.625% Junior Subordinated Debentures due 2078
DUKR,Aerospace & Defense,DUKE Robotics Corp. - Common Stock
DUO,Real Estate Services,Fangdd Network Group Ltd. - Class A Ordinary Shares
DUOL,Software—Application,"Duolingo, Inc. - Class A Common Stock"
DUOT,Software—Application,"Duos Technologies Group, Inc. - Common Stock"
DV,Advertising Agencies,"DoubleVerify Holdings, Inc. Common Stock"
DVA,Medical Care Facilities,DaVita Inc. Common Stock
DVLT,Software—Infrastructure,Datavault AI Inc. - Common Stock
DVN,Oil & Gas E&P,Devon Energy Corporation Common Stock
DWSN,Oil & Gas Equipment & Services,Dawson Geophysical Company - Common Stock
DWTX,Biotechnology,"Dogwood Therapeutics, Inc.  - Common Stock"
DX,REIT—Mortgage,"Dynex Capital, Inc. Common Stock"
DXC,Information Technology Services,DXC Technology Company Common Stock
DXCM,Medical Devices,"DexCom, Inc. - Common Stock"
DXLG,Apparel Retail,"Destination XL Group, Inc. - Common Stock"
DXPE,Industrial Distribution,"DXP Enterprises, Inc. - Common Stock"
DXST,Waste Management,Decent Holding Inc. - Class A Ordinary Shares
DXYZ,Asset Management,Destiny Tech100 Inc. Common Stock
DY,Engineering & Construction,"Dycom Industries, Inc. Common Stock"
DYAI,Biotechnology,"Dyadic International, Inc. - Common Stock"
DYN,Biotechnology,"Dyne Therapeutics, Inc. - Common Stock"
DYNC,Shell Companies,Dynamix Corporation - Class A Ordinary Share
DYOR,Shell Companies,Insight Digital Partners II - Class A Ordinary Shares
DZZ,,"DB Gold Double Short ETN due February 15, 2038"
E,Oil & Gas Integrated,ENI S.p.A. Common Stock
EAF,Electrical Equipment & Parts,GrafTech International Ltd. Common Stock
EARN,Asset Management,Ellington Credit Company Common Shares of Beneficial Interest
EAT,Restaurants,"Brinker International, Inc. Common Stock"
EBAY,Internet Retail,eBay Inc. - Common Stock
EBC,Banks—Regional,"Eastern Bankshares, Inc. - Common Stock"
EBF,Business Equipment & Supplies,"Ennis, Inc. Common Stock"
EBMT,Banks—Regional,"Eagle Bancorp Montana, Inc. - Common Stock"
EBON,Computer Hardware,Ebang International Holdings Inc. - Class A Ordinary Shares
EBS,Drug Manufacturers—Specialty & Generic,Emergent BioSolutions Inc. Common Stock
ECBK,Banks—Regional,"ECB Bancorp, Inc. - Common Stock"
ECC,Asset Management,Eagle Point Credit Company Common Share of Beneficial Interest
ECG,Engineering & Construction,"Everus Construction Group, Inc. Common Stock"
ECHO,Telecom Services,EchoStar Corporation - Common stock
ECL,Specialty Chemicals,Ecolab Inc. Common Stock
ECO,Marine Shipping,Okeanis Eco Tankers Corp. Common Stock
ECOR,Medical Devices,"electroCore, Inc. - Common Stock"
ECPG,Credit Services,Encore Capital Group Inc - Common Stock
ECVT,Specialty Chemicals,Ecovyst Inc. Common Stock
ECX,Auto Parts,ECARX Holdings Inc. - Class A Ordinary shares
ED,Utilities—Regulated Electric,"Consolidated Edison, Inc. Common Stock"
EDBL,Farm Products,Edible Garden AG Incorporated - Common Stock
EDIT,Biotechnology,"Editas Medicine, Inc. - Common Stock"
EDRY,Marine Shipping,EuroDry Ltd. - Common Shares
EDSA,Biotechnology,"Edesa Biotech, Inc. - Common Shares"
EDTK,Education & Training Services,Skillful Craftsman Education Technology Limited - Ordinary Share
EDU,Education & Training Services,"New Oriental Education & Technology Group, Inc. Sponsored ADR representing 10 Ordinary Share (Cayman Islands)"
EDUC,Publishing,Educational Development Corporation - Common Stock
EDVA,Biotechnology,"Endovia Health Sciences, Inc. Common Stock"
EE,Oil & Gas Midstream,"Excelerate Energy, Inc. Class A Common Stock"
EEFT,Software—Infrastructure,"Euronet Worldwide, Inc. - Common Stock"
EEIQ,Education & Training Services,EpicQuest Education Group International Limited - Common Stock
EFC,REIT—Mortgage,Ellington Financial Inc. Common Stock
EFOI,"Furnishings, Fixtures & Appliances","Energy Focus, Inc. - Common Stock"
EFOR,Information Technology Services,"Everforth, Inc. Common Stock"
EFSC,Banks—Regional,Enterprise Financial Services Corporation - Common Stock
EFSI,Banks—Regional,Eagle Financial Services Inc - Common Stock
EFTY,,"Etoiles Capital Group Co., Ltd. - Class A Ordinary Shares"
EFX,Consulting Services,"Equifax, Inc. Common Stock"
EFXT,Oil & Gas Equipment & Services,Enerflex Ltd Common Shares
EG,Insurance—Reinsurance,"Everest Group, Ltd. Common Stock"
EGAN,Software—Application,eGain Corporation - Common Stock
EGBN,Banks—Regional,"Eagle Bancorp, Inc. - Common Stock"
EGG,Consulting Services,Enigmatig Limited Class A Ordinary Shares
EGHA,Shell Companies,EGH Acquisition Corp. - Class A ordinary shares
EGHT,Software—Application,8x8 Inc - Common stock
EGO,Gold,Eldorado Gold Corporation Ordinary Shares
EGP,REIT—Industrial,"EastGroup Properties, Inc. Common Stock"
EGY,Oil & Gas E&P,"VAALCO Energy, Inc.  Common Stock"
EHC,Medical Care Facilities,Encompass Health Corporation Common Stock
EHGO,Business Equipment & Supplies,Eshallgo Inc. - Class A Ordinary Shares
EHLD,Marine Shipping,Euroholdings Ltd. - Common Stock
EHTH,Insurance Brokers,"eHealth, Inc. - Common Stock"
EIC,Asset Management,Eagle Point Income Company Common Shares of Beneficial Interest
EIG,Insurance—Specialty,Employers Holdings Inc Common Stock
EIKN,Biotechnology,"Eikon Therapeutics, Inc. - Common Stock"
EIX,Utilities—Regulated Electric,Edison International Common Stock
EJH,Personal Services,E-Home Household Service Holdings Limited - Ordinary shares
EL,Household & Personal Products,"Estee Lauder Companies, Inc. (The) Common Stock"
ELA,Luxury Goods,Envela Corporation Common Stock
ELAB,Biotechnology,PMGC Holdings Inc. - Common Stock
ELAN,Drug Manufacturers—Specialty & Generic,Elanco Animal Health Incorporated Common Stock
ELBM,Other Industrial Metals & Mining,Electra Battery Materials Corporation - Common Stock
ELDN,Biotechnology,"Eledon Pharmaceuticals, Inc. - Common Stock"
ELE,Other Precious Metals & Mining,Elemental Royalty Corporation - Common Stock
ELF,Household & Personal Products,"e.l.f. Beauty, Inc. Common Stock"
ELLO,Utilities—Renewable,Ellomay Capital Ltd Ordinary Shares (Israel)
ELMD,Medical Devices,"Electromed, Inc. Common Stock"
ELMT,Aerospace & Defense,The Elmet Group Co. - Common Stock
ELOG,Integrated Freight & Logistics,Eastern International Ltd. - Ordinary Shares
ELOX,Biotechnology,"Eloxx Pharmaceuticals, Inc. - Common Stock"
ELPW,Electrical Equipment & Parts,Elong Power Holding Limited - Class A Ordinary Shares
ELS,REIT—Residential,"Equity Lifestyle Properties, Inc. Common Stock"
ELTK,Electronic Components,Eltek Ltd. - Ordinary Shares
ELTX,Biotechnology,"Elicio Therapeutics, Inc. - Common Stock"
ELUT,Medical Devices,"Elutia, Inc. - Class A Common Stock"
ELV,Healthcare Plans,"Elevance Health, Inc. Common Stock"
ELVA,Electrical Equipment & Parts,Electrovaya Inc. - Common Shares
ELVN,Biotechnology,"Enliven Therapeutics, Inc.  - Common Stock"
ELVR,Other Industrial Metals & Mining,Elevra Lithium Limited - American Depository Shares
ELWT,Telecom Services,"Elauwit Connection, Inc. - Common Stock"
EMA,Utilities—Regulated Electric,Emera Incorporated Common Shares
EMAT,Other Industrial Metals & Mining,Evolution Metals & Technologies Corp. - Common Stock
EMBC,Medical Instruments & Supplies,Embecta Corp. - Common Stock
EMBJ,Aerospace & Defense,Embraer S.A. Common Stock
EME,Engineering & Construction,"EMCOR Group, Inc. Common Stock"
EMIS,Shell Companies,Emmis Acquisition Corp. - Class A Ordinary Share
EML,Tools & Accessories,Eastern Company (The) - Common Stock
EMN,Specialty Chemicals,Eastman Chemical Company Common Stock
EMPD,Recreational Vehicles,Empery Digital Inc. - Common stock
EMR,Specialty Industrial Machinery,Emerson Electric Company Common Stock
ENB,Oil & Gas Midstream,Enbridge Inc Common Stock
ENGN,Biotechnology,enGene Therapeutics Inc. - Common Stock
ENGS,Waste Management,Energys Group Limited - Ordinary Shares
ENHA,Packaged Foods,Enhanced Group Inc. Class A Common Stock
ENLT,Utilities—Renewable,Enlight Renewable Energy Ltd. - Ordinary Shares
ENLV,Biotechnology,Enlivex Ltd. - Ordinary Shares
ENOV,Medical Devices,Enovis Corporation Common Stock
ENPH,Solar,"Enphase Energy, Inc. - Common Stock"
ENR,Electrical Equipment & Parts,"Energizer Holdings, Inc. Common Stock"
ENS,Electrical Equipment & Parts,EnerSys Common Stock
ENSC,Biotechnology,"Ensysce Biosciences, Inc. - Common Stock"
ENSG,Medical Care Facilities,"The Ensign Group, Inc. - Common Stock"
ENTA,Biotechnology,"Enanta Pharmaceuticals, Inc. - Common Stock"
ENTG,Semiconductor Equipment & Materials,"Entegris, Inc. - Common Stock"
ENTX,Biotechnology,Entera Bio Ltd. - Ordinary Shares
ENVA,Credit Services,"Enova International, Inc. Common Stock"
ENVB,Biotechnology,"Enveric Biosciences, Inc.  - Common Stock"
ENVX,Electrical Equipment & Parts,Enovix Corporation - Common Stock
EOCN,,Eocene Ltd. - Ordinary Shares
EOG,Oil & Gas E&P,"EOG Resources, Inc. Common Stock"
EOLS,Drug Manufacturers—Specialty & Generic,"Evolus, Inc. - Common Stock"
EONR,Oil & Gas E&P,EON Resources Inc. Class A Common Stock
EOSE,Electrical Equipment & Parts,"Eos Energy Enterprises, Inc. - Common Stock"
EP,Oil & Gas E&P,Empire Petroleum Corporation Common Stock
EPAC,Specialty Industrial Machinery,Enerpac Tool Group Corp. Common Stock
EPAM,Information Technology Services,"EPAM Systems, Inc. Common Stock"
EPC,Household & Personal Products,Edgewell Personal Care Company Common Stock
EPD,Oil & Gas Midstream,Enterprise Products Partners L.P. Common Stock
EPM,Oil & Gas E&P,"Evolution Petroleum Corporation, Inc. Common Stock"
EPOW,Electrical Equipment & Parts,E-Power Inc. - Class A Ordinary Shares
EPR,REIT—Specialty,EPR Properties Common Stock
EPR-E,,EPR Properties Series E Cumulative Conv Pfd Shs Ser E
EPRX,Biotechnology,Eupraxia Pharmaceuticals Inc. - Common Stock
EPSM,Beverages—Wineries & Distilleries,Epsium Enterprise Limited - Class A Ordinary Shares
EPSN,Oil & Gas E&P,Epsilon Energy Ltd. - Common Shares
EQ,Biotechnology,"Equillium, Inc. - Common Stock"
EQBK,Banks—Regional,"Equity Bancshares, Inc. Class A Common Stock"
EQH,Asset Management,"Equitable Holdings, Inc. Common Stock"
EQIX,REIT—Specialty,"Equinix, Inc. - Common Stock"
EQNR,Oil & Gas Integrated,Equinor ASA
EQPT,Rental & Leasing Services,EquipmentShare.com Inc - Class A Common Stock
EQS,Asset Management,"Equus Total Return, Inc. Common Stock"
EQT,Oil & Gas E&P,EQT Corporation Common Stock
EQX,Gold,Equinox Gold Corp. Common Shares
ERAS,Biotechnology,"Erasca, Inc. - Common Stock"
ERIE,Insurance Brokers,Erie Indemnity Company - Class A Common Stock
ERII,Pollution & Treatment Controls,"Energy Recovery, Inc. - Common Stock"
ERNA,Biotechnology,Ernexa Therapeutics Inc. - Common Stock
ERO,Copper,Ero Copper Corp. Common Shares
EROC,Specialty Industrial Machinery,"ERock, Inc. Class A Common Stock"
EROK,Oil & Gas Equipment & Services,"EagleRock Land, LLC Class A shares representing limited liability company interests"
ES,Utilities—Regulated Electric,Eversource Energy (D/B/A) Common Stock
ESAB,Metal Fabrication,ESAB Corporation Common Stock
ESCA,Leisure,"Escalade, Incorporated - Common Stock"
ESE,Scientific & Technical Instruments,ESCO Technologies Inc. Common Stock
ESEA,Marine Shipping,Euroseas Ltd. - Common Stock
ESI,Specialty Chemicals,Element Solutions Inc. Common Stock
ESLA,Biotechnology,"Estrella Immunopharma, Inc. - Common Stock"
ESLT,Aerospace & Defense,Elbit Systems Ltd. - Ordinary Shares
ESNT,Insurance—Specialty,Essent Group Ltd. Common Shares
ESOA,Engineering & Construction,Energy Services of America Corporation - Common Stock
ESP,Electrical Equipment & Parts,Espey Mfg. & Electronics Corp. Common Stock
ESQ,Banks—Regional,"Esquire Financial Holdings, Inc. - Common Stock"
ESTA,Medical Devices,Establishment Labs Holdings Inc. - Common Shares
ESTC,Software—Application,Elastic N.V. Ordinary Shares
ETD,"Furnishings, Fixtures & Appliances",Ethan Allen Interiors Inc. Common Stock
ETN,Specialty Industrial Machinery,"Eaton Corporation, PLC Ordinary Shares"
ETO,Asset Management,Eaton Vance Tax-Advantage Global Dividend Opp Common Stock
ETON,Drug Manufacturers—Specialty & Generic,"Eton Pharmaceuticals, Inc. - Common Stock"
ETOR,Capital Markets,eToro Group Ltd. - Class A Common Shares
ETR,Utilities—Regulated Electric,Entergy Corporation Common Stock
ETS,Trucking,Elite Express Holding Inc. - Class A Common Stock
ETSY,Internet Retail,"Etsy, Inc. Common Stock"
EU,Uranium,enCore Energy Corp. - Common Stock
EUDA,Real Estate Services,Euda Health Holdings Limited - Ordinary Shares
EURK,Shell Companies,Eureka Acquisition Corp - Class A Ordinary Share
EVAC,Shell Companies,EQV Ventures Acquisition Corp. II Class A Ordinary Shares
EVC,Advertising Agencies,Entravision Communications Corporation Common Stock
EVCM,Software—Application,EverCommerce Inc. - Common Stock
EVER,Internet Content & Information,"EverQuote, Inc. - Class A Common Stock"
EVEX,Aerospace & Defense,"Eve Holding, Inc. Common Stock"
EVGN,Biotechnology,Evogene Ltd. - Ordinary Shares
EVGO,Specialty Retail,EVgo Inc. - Common Stock
EVH,Health Information Services,"Evolent Health, Inc Class A Common Stock"
EVI,Industrial Distribution,"EVI Industries, Inc.  Common Stock"
EVLV,Security & Protection Services,"Evolv Technologies Holdings, Inc. - Class A Common Stock"
EVMN,Biotechnology,"Evommune, Inc. Common Stock"
EVOX,Shell Companies,Evolution Global Acquisition Corp - Class A Ordinary Shares
EVR,Capital Markets,Evercore Inc. Class A Common Stock
EVRG,Utilities—Regulated Electric,"Evergy, Inc. - Common Stock"
EVTC,Software—Infrastructure,"Evertec, Inc. Common Stock"
EVTL,Aerospace & Defense,Vertical Aerospace Ltd. Ordinary Shares
EW,Medical Devices,Edwards Lifesciences Corporation Common Stock
EWAV,Shell Companies,East West Ave Acquisition Corp. - Common Stock
EWBC,Banks—Regional,"East West Bancorp, Inc. - Common Stock"
EWTX,Biotechnology,"Edgewise Therapeutics, Inc. - Common Stock"
EXC,Utilities—Regulated Electric,Exelon Corporation - Common Stock
EXE,Oil & Gas E&P,Expand Energy Corporation - Common Stock
EXEL,Biotechnology,"Exelixis, Inc. - Common Stock"
EXFY,Software—Application,"Expensify, Inc. - Class A Common Stock"
EXK,Silver,Endeavour Silver Corporation Ordinary Shares (Canada)
EXLS,Information Technology Services,"ExlService Holdings, Inc. - Common Stock"
EXOD,Software—Infrastructure,"Exodus Movement, Inc. Class A Common Stock"
EXOZ,Biotechnology,eXoZymes Inc. - Common Stock
EXP,Building Materials,Eagle Materials Inc Common Stock
EXPD,Integrated Freight & Logistics,"Expeditors International of Washington, Inc. Common Stock"
EXPE,Travel Services,"Expedia Group, Inc. - Common Stock"
EXPO,Engineering & Construction,"Exponent, Inc. - Common Stock"
EXR,REIT—Industrial,Extra Space Storage Inc Common Stock
EXTR,Communication Equipment,"Extreme Networks, Inc. - Common Stock"
EXYN,Software—Infrastructure,"Exyn Technologies, Inc. - Common Stock"
EYE,Specialty Retail,"National Vision Holdings, Inc. - Common Stock"
EYPT,Biotechnology,"EyePoint, Inc. - Common Stock"
EZGO,Recreational Vehicles,EZGO Technologies Ltd. - Ordinary Shares
EZPW,Credit Services,"EZCORP, Inc. - Class A Non-Voting Common Stock"
EZRA,Insurance Brokers,"Reliance Global Group, Inc. - Common Stock"
F,Auto Manufacturers,Ford Motor Company Common Stock
FA,Specialty Business Services,First Advantage Corporation - Common Stock
FABC,Semiconductors,"Fabric.AI, Inc. - Common Stock"
FAC,Electrical Equipment & Parts,Factorial Energy Inc. - Class A Common Stock
FACT,Shell Companies,FACT II Acquisition Corp. - Class A Ordinary Shares
FAF,Insurance—Specialty,First American Corporation (New) Common Stock
FAMI,Packaged Foods,"Farmmi, Inc. - Class A Ordinary Shares"
FANG,Oil & Gas E&P,"Diamondback Energy, Inc. - Common Stock"
FAST,Industrial Distribution,Fastenal Company - Common Stock
FATE,Biotechnology,"Fate Therapeutics, Inc. - Common Stock"
FATN,Software—Infrastructure,"FatPipe, Inc. - common stock"
FBDT,Aerospace & Defense,First Breach Inc. - Common Stock
FBGL,Engineering & Construction,FBS Global Limited - Ordinary Shares
FBIN,Building Products & Equipment,"Fortune Brands Innovations, Inc. Common Stock"
FBIO,Biotechnology,"Fortress Biotech, Inc. - Common Stock"
FBIZ,Banks—Regional,"First Business Financial Services, Inc. - Common Stock"
FBK,Banks—Regional,FB Financial Corporation Common Stock
FBLA,Banks—Regional,"FB Bancorp, Inc. - Common Stock"
FBLG,Biotechnology,"FibroBiologics, Inc. - Common Stock"
FBNC,Banks—Regional,First Bancorp - Common Stock
FBP,Banks—Regional,First BanCorp. New Common Stock
FBYD,Conglomerates,"Falcon's Beyond Global, Inc. - Class A Common Stock"
FC,Education & Training Services,Franklin Covey Company Common Stock
FCAP,Banks—Regional,"First Capital, Inc. - Common Stock"
FCBM,Banks—Regional,"First Carolina Financial Services, Inc. Common Stock"
FCEL,Electrical Equipment & Parts,"FuelCell Energy, Inc. - Common Stock"
FCF,Banks—Regional,First Commonwealth Financial Corporation Common Stock
FCFS,Credit Services,"FirstCash Holdings, Inc. - Common Stock"
FCHL,Education & Training Services,Fitness Champs Holdings Limited - Ordinary Shares
FCN,Consulting Services,"FTI Consulting, Inc. Common Stock"
FCNCA,Banks—Regional,"First Citizens BancShares, Inc. - Class A Common Stock"
FCRS,Shell Companies,FutureCrest Acquisition Corp. Class A Ordinary Shares
FCUV,Scientific & Technical Instruments,Focus Universal Inc. - Common Stock
FCX,Copper,"Freeport-McMoRan, Inc. Common Stock"
FDBC,Banks—Regional,"Fidelity D & D Bancorp, Inc. - Common Stock"
FDMM,Shell Companies,Freedom Metals Acquisition Corp. - Class A Ordinary Shares
FDMT,Biotechnology,"4D Molecular Therapeutics, Inc. - Common Stock"
FDS,Financial Data & Stock Exchanges,FactSet Research Systems Inc. Common Stock
FDSB,Banks—Regional,"Fifth District Bancorp, Inc. - Common Stock"
FDX,Integrated Freight & Logistics,FedEx Corporation Common Stock
FDXF,Integrated Freight & Logistics,"FedEx Freight Holding Company, Inc. Common Stock"
FE,Utilities—Regulated Electric,FirstEnergy Corp. Common Stock
FEAM,Specialty Chemicals,"5E Advanced Materials, Inc. - Common Stock"
FEBO,Consumer Electronics,Fenbo Holdings Limited - Class A Ordinary Shares
FEED,Medical Devices,"ENvue Medical, Inc. - Common Stock"
FEIM,Communication Equipment,"Frequency Electronics, Inc. - Common Stock"
FELE,Specialty Industrial Machinery,"Franklin Electric Co., Inc. - Common Stock"
FEMY,Medical Instruments & Supplies,Femasys Inc. - Common Stock
FENC,Biotechnology,Fennec Pharmaceuticals Inc. - Common Stock
FER,Engineering & Construction,Ferrovial N.V. - Ordinary Shares
FERA,Shell Companies,Fifth Era Acquisition Corp I - Class A Ordinary Shares
FERG,Industrial Distribution,Ferguson Enterprises Inc. Common Stock
FET,Oil & Gas Equipment & Services,"Forum Energy Technologies, Inc. Common Stock"
FF,Specialty Chemicals,FutureFuel Corp.  Common shares
FFAI,Auto Manufacturers,Faraday Future Intelligent Electric Inc. - Class A Common Stock
FFBC,Banks—Regional,First Financial Bancorp. - Common Stock
FFIN,Banks—Regional,"First Financial Bankshares, Inc. - Common Stock"
FFIV,Software—Infrastructure,"F5, Inc. - Common Stock"
FG,Insurance—Life,"F&G Annuities & Life, Inc. Common Stock"
FGBI,Banks—Regional,"First Guaranty Bancshares, Inc. - Common Stock"
FGI,"Furnishings, Fixtures & Appliances",FGI Industries Ltd. - Ordinary Shares
FGII,Shell Companies,FG Imperii Acquisition Corp. - Class A Ordinary Shares
FGL,Engineering & Construction,Founder Group Limited - Class A Ordinary Shares
FGNX,Asset Management,FG Nexus Inc. - Common Stock
FHB,Banks—Regional,"First Hawaiian, Inc. - Common Stock"
FHI,Asset Management,"Federated Hermes, Inc. Common Stock"
FHN,Banks—Regional,First Horizon Corporation Common Stock
FHTX,Biotechnology,Foghorn Therapeutics Inc. - Common Stock
FIBK,Banks—Regional,"First Interstate BancSystem, Inc. - Common Stock"
FICO,Software—Application,Fair Isaac Corporation Common Stock
FIEE,Communication Equipment,"FiEE, Inc - Common Stock"
FIG,Software—Application,"Figma, Inc. Class A Common Stock"
FIGR,Capital Markets,"Figure Technology Solutions, Inc. - Class A Common Stock"
FIGS,Apparel Manufacturing,"FIGS, Inc. Class A Common Stock"
FIGX,Shell Companies,FIGX Capital Acquisition Corp. - Class A ordinary share
FINW,Banks—Regional,FinWise Bancorp - Common Stock
FIP,Conglomerates,FTAI Infrastructure Inc. - Common Stock
FIRY,Electronic Gaming & Multimedia,Firy Inc. Class A Common Stock
FIS,Information Technology Services,"Fidelity National Information Services, Inc. Common Stock"
FISI,Banks—Regional,"Financial Institutions, Inc. - Common Stock"
FISN,Specialty Industrial Machinery,"Deep Fission, Inc. - Common Stock"
FISV,Information Technology Services,"Fiserv, Inc. - Common Stock"
FITB,Banks—Regional,Fifth Third Bancorp Common Stock
FIVE,Specialty Retail,"Five Below, Inc. - Common Stock"
FIVN,Software—Infrastructure,"Five9, Inc. - Common Stock"
FIX,Engineering & Construction,"Comfort Systems USA, Inc. Common Stock"
FIZZ,Beverages—Non-Alcoholic,National Beverage Corp. - Common Stock
FJET,Aerospace & Defense,"Starfighters Space, Inc. Common Stock"
FKWL,Communication Equipment,Franklin Wireless Corp. - common stock
FLD,Capital Markets,"Fold Holdings, Inc. - Class A Common Stock"
FLEX,Electronic Components,Flex Ltd. - Ordinary Shares
FLG,Banks—Regional,"Flagstar Bank, N.A. Common Stock"
FLGT,Diagnostics & Research,"Fulgent Genetics, Inc. - Common Stock"
FLL,Resorts & Casinos,"Full House Resorts, Inc. - Common Stock"
FLNA,Biotechnology,"Filana Therapeutics, Inc. - Common Stock"
FLNC,Utilities—Renewable,"Fluence Energy, Inc. - Class A Common Stock"
FLNG,Oil & Gas Midstream,FLEX LNG Ltd. Ordinary Shares
FLNT,Advertising Agencies,"Fluent, Inc. - Common Stock"
FLO,Packaged Foods,"Flowers Foods, Inc. Common Stock"
FLOC,Oil & Gas Equipment & Services,Flowco Holdings Inc. Class A Common Stock
FLR,Engineering & Construction,Fluor Corporation Common Stock
FLS,Specialty Industrial Machinery,Flowserve Corporation Common Stock
FLUT,Gambling,Flutter Entertainment plc Ordinary Shares
FLUX,Electrical Equipment & Parts,"Flux Power Holdings, Inc. - Common Stock"
FLWS,Specialty Retail,"1-800-FLOWERS.COM, Inc. - Class A Common Stock"
FLXS,"Furnishings, Fixtures & Appliances","Flexsteel Industries, Inc. - Common Stock"
FLY,Aerospace & Defense,Firefly Aerospace Inc. - Common Stock
FLYE,Auto Manufacturers,"Fly-E Group, Inc. - Common Stock"
FLYW,Software—Infrastructure,Flywire Corporation - Voting Common Stock
FLYX,Airlines,"flyExclusive, Inc. Class A Common Stock"
FMAC,Shell Companies,Future Money Acquisition Corporation - Ordinary Shares
FMAO,Banks—Regional,"Farmers & Merchants Bancorp, Inc. - Common Stock"
FMBH,Banks—Regional,"First Mid Bancshares, Inc. - Common Stock"
FMC,Agricultural Inputs,FMC Corporation Common Stock
FMFC,Footwear & Accessories,Kandal M Venture Limited - Class A ordinary Shares
FMNB,Banks—Regional,Farmers National Banc Corp. - Common Stock
FMST,Other Industrial Metals & Mining,Foremost Clean Energy Ltd. - Common Shares
FMX,Beverages—Brewers,Fomento Economico Mexicano S.A.B. de C.V. Common Stock
FN,Electronic Components,Fabrinet Ordinary Shares
FNB,Banks—Regional,F.N.B. Corporation Common Stock
FND,Home Improvement Retail,"Floor & Decor Holdings, Inc. Common Stock"
FNF,Insurance—Specialty,"Fidelity National Financial, Inc. Common Stock"
FNGD,,"MicroSectors FANG  Index -3X Inverse Leveraged ETNs due January 8, 2038"
FNGO,,"MicroSectors FANG  Index 2X Leveraged ETNs due January 8, 2038"
FNGR,Telecom Services,"FingerMotion, Inc. - common stock"
FNKO,Leisure,"Funko, Inc. - Class A Common Stock"
FNLC,Banks—Regional,"First Bancorp, Inc (ME) - Common Stock"
FNUC,Other Industrial Metals & Mining,Frontier Nuclear and Minerals Inc. - Common Shares
FNV,Gold,Franco-Nevada Corporation
FNWB,Banks—Regional,First Northwest Bancorp - Common Stock
FNWD,Banks—Regional,Finward Bancorp - common stock
FOA,Credit Services,Finance of America Companies Inc. Class A Common Stock
FOFO,Consulting Services,"Hang Feng Technology Innovation Co., Ltd. - Ordinary Shares"
FOR,Real Estate—Development,Forestar Group Inc Common Stock
FORM,Semiconductor Equipment & Materials,"FormFactor, Inc. - Common Stock"
FORR,Consulting Services,"Forrester Research, Inc. - Common Stock"
FOSL,Footwear & Accessories,"Fossil Group, Inc. - Common Stock"
FOUR,Software—Infrastructure,"Shift4 Payments, Inc. Class A Common Stock"
FOX,Entertainment,Fox Corporation - Class B Common Stock
FOXA,Entertainment,Fox Corporation - Class A Common Stock
FOXF,Auto Parts,Fox Factory Holding Corp. - Common Stock
FOXX,Consumer Electronics,Foxx Development Holdings Inc. - Common Stock
FPH,Real Estate—Development,"Five Point Holdings, LLC Class A Common Shares"
FPI,REIT—Specialty,Farmland Partners Inc. Common Stock
FPS,Electrical Equipment & Parts,"Forgent Power Solutions, Inc. Class A Common Stock"
FRAF,Banks—Regional,Franklin Financial Services Corporation - Common Stock
FRBA,Banks—Regional,First Bank  - Common Stock
FRD,Steel,Friedman Industries Inc. - Common Stock
FRGT,Software—Application,"Freight Technologies, Inc. - Ordinary Shares"
FRHC,Financial Conglomerates,Freedom Holding Corp. - Common Stock
FRME,Banks—Regional,First Merchants Corporation - Common Stock
FRMI,REIT—Specialty,Fermi Inc. - Common Stock
FRMM,Software—Application,"Forum Markets, Incorporated - Common Stock"
FRNM,Diagnostics & Research,"Freenome, Inc. - Common stock"
FRO,Oil & Gas Midstream,Frontline Plc Ordinary Shares
FROG,Software—Application,JFrog Ltd. - Ordinary shares
FRPH,Real Estate Services,"FRP Holdings, Inc. - Common Stock"
FRPT,Packaged Foods,"Freshpet, Inc. - Common Stock"
FRSH,Software—Application,Freshworks Inc. - Class A Common Stock
FRST,Banks—Regional,Primis Financial Corp. - Common Stock
FRTT,Internet Retail,Fort Technology Inc. - Common Shares
FRVO,Utilities—Renewable,Fervo Energy Company - Class A common stock
FSBC,Banks—Regional,Five Star Bancorp - Common Stock
FSBW,Banks—Regional,"FS Bancorp, Inc. - Common Stock"
FSEA,Banks—Regional,"First Seacoast Bancorp, Inc. - Common Stock"
FSHP,Shell Companies,Flag Ship Acquisition Corp. - Ordinary Shares
FSI,Specialty Chemicals,Flexible Solutions International Inc. Common Stock (CDA)
FSK,Asset Management,FS KKR Capital Corp. Common Stock
FSLR,Solar,"First Solar, Inc. - Common Stock"
FSLY,Software—Application,"Fastly, Inc. - Class A Common Stock"
FSM,Gold,Fortuna Mining Corp. Common Shares
FSP,REIT—Office,Franklin Street Properties Corp. Common Stock
FSS,Farm & Heavy Construction Machinery,Federal Signal Corporation Common Stock
FSTR,Railroads,L.B. Foster Company - Common Stock
FSUN,Banks—Regional,FirstSun Capital Bancorp - Common Stock
FSV,Real Estate Services,FirstService Corporation - Common Shares
FTAI,Aerospace & Defense,FTAI Aviation Ltd. - Common Stock
FTCI,Solar,"FTC Solar, Inc. - Common Stock"
FTDR,Personal Services,"Frontdoor, Inc. - Common Stock"
FTEK,Pollution & Treatment Controls,"Fuel Tech, Inc. - Common Stock"
FTFT,Software—Application,Future FinTech Group Inc. - Common Stock
FTH,Biotechnology,"Faeth Therapeutics, Inc.  - Common Stock"
FTHA,Shell Companies,Forefront Tech Holdings Acquisition Corp - Class A Ordinary Shares
FTHM,Real Estate Services,Fathom Holdings Inc. - Common Stock
FTI,Oil & Gas Equipment & Services,TechnipFMC plc Ordinary Share
FTK,Oil & Gas Equipment & Services,"Flotek Industries, Inc. Common Stock"
FTLF,Packaged Foods,"FitLife Brands, Inc. - Common Stock"
FTNT,Software—Infrastructure,"Fortinet, Inc. - Common Stock"
FTRA,Shell Companies,FutureCorp Space Acquisition 1 Class A Ordinary Shares
FTRE,Biotechnology,Fortrea Holdings Inc. - Common Stock
FTS,Utilities—Regulated Electric,Fortis Inc. Common Shares
FTV,Scientific & Technical Instruments,Fortive Corporation Common Stock
FTW,Oil & Gas E&P,Presidio Production Company Class A Common Stock
FUBO,Broadcasting,FuboTV Inc. Class A Common Stock
FUFU,Capital Markets,BitFuFu Inc. - Class A Ordinary Shares
FUL,Specialty Chemicals,H. B. Fuller Company Common Stock
FULC,Biotechnology,"Fulcrum Therapeutics, Inc. - Common Stock"
FULT,Banks—Regional,Fulton Financial Corporation - Common Stock
FUN,Leisure,Six Flags Entertainment Corporation Common Stock New
FURY,Gold,Fury Gold Mines Limited Common Shares
FUSB,Banks—Regional,"First US Bancshares, Inc. - Common Stock"
FUSE,Software—Application,Fusemachines Inc. - Common stock
FVAV,Shell Companies,Fortress Value Acquisition Corp. V - Class A Ordinary Shares
FVCB,Banks—Regional,"FVCBankcorp, Inc. - Common Stock"
FVN,Shell Companies,Future Vision II Acquisition Corporation - Ordinary Shares
FVR,REIT—Diversified,"FrontView REIT, Inc. Common Stock"
FVRR,Internet Content & Information,"Fiverr International Ltd. Ordinary Shares, no par value"
FWAC,Shell Companies,Futurewave Acquisition Corporation - Ordinary Shares
FWDI,Footwear & Accessories,"Forward Industries, Inc. - Common Stock"
FWONA,Entertainment,Liberty Media Corporation - Series A Liberty Formula One Common Stock
FWONK,Entertainment,Liberty Media Corporation - Series C Liberty Formula One Common Stock
FWRD,Integrated Freight & Logistics,Forward Air Corporation - Common Stock
FWRG,Restaurants,"First Watch Restaurant Group, Inc. - Common Stock"
FXAC,Shell Companies,FortuneX Acquisition Corporation - Ordinary shares
FXHO,Consumer Electronics,UTime Limited - Class A Ordinary Shares
FXNC,Banks—Regional,First National Corporation - Common Stock
G,Information Technology Services,Genpact Limited Common Stock
GABC,Banks—Regional,"German American Bancorp, Inc. - Common Stock"
GAIA,Entertainment,"Gaia, Inc. - Class A Common Stock"
GAIN,Asset Management,Gladstone Investment Corporation - Business Development Company
GALT,Biotechnology,Galectin Therapeutics Inc. - Common Stock
GAM,Asset Management,"General American Investors, Inc. Common Stock"
GAME,Electronic Gaming & Multimedia,"GameSquare Holdings, Inc. - Common stock"
GANX,Biotechnology,"Gain Therapeutics, Inc. - Common Stock"
GAP,Apparel Retail,"Gap, Inc. (The) Common Stock"
GASS,Marine Shipping,"StealthGas, Inc. - common stock"
GATX,Rental & Leasing Services,GATX Corporation Common Stock
GAU,Gold,Galiano Gold Inc.
GAUZ,Electronic Components,Gauzy Ltd. - Ordinary Shares
GBCI,Banks—Regional,"Glacier Bancorp, Inc. Common Stock"
GBFH,Banks—Regional,GBank Financial Holdings Inc. - Common Stock
GBLI,Insurance—Property & Casualty,"Global Indemnity Group, LLC - Class A Common Shares"
GBR,Real Estate Services,"New Concept Energy, Inc Common Stock"
GBTG,Travel Services,"Global Business Travel Group, Inc. Class A Common Stock"
GBX,Railroads,"Greenbrier Companies, Inc. (The) Common Stock"
GCBC,Banks—Regional,"Greene County Bancorp, Inc. - Common Stock"
GCDT,Specialty Industrial Machinery,Green Circle Decarbonize Technology Limited Class A Ordinary Shares
GCGR,Shell Companies,General Catalyst Global Resilience Merger Corp. - Class A Ordinary Shares
GCL,Electronic Gaming & Multimedia,GCL Global Holdings Ltd - Ordinary Shares
GCMG,Asset Management,GCM Grosvenor Inc. - Class A Common Stock
GCO,Apparel Retail,Genesco Inc. Common Stock
GCT,Software—Infrastructure,GigaCloud Technology Inc - Class A Ordinary Shares
GCTK,Medical Devices,"GlucoTrack, Inc. - Common Stock"
GCTS,Semiconductors,"GCT Semiconductor Holding, Inc. Common Stock"
GD,Aerospace & Defense,General Dynamics Corporation Common Stock
GDC,Electronic Gaming & Multimedia,GD Culture Group Limited - Common Stock
GDDY,Software—Infrastructure,GoDaddy Inc. Class A Common Stock
GDEV,Electronic Gaming & Multimedia,GDEV Inc. - Ordinary Shares
GDHG,Leisure,Golden Heaven Group Holdings Ltd.  - Class A Ordinary Shares
GDOT,Credit Services,"Green Dot Corporation Class A Common Stock, $0.001 par value"
GDRX,Health Information Services,"GoodRx Holdings, Inc. - Class A Common Stock"
GDTC,Biotechnology,CytoMed Therapeutics Limited - Ordinary Shares
GDYN,Information Technology Services,"Grid Dynamics Holdings, Inc. - Class A Common Stock"
GE,Aerospace & Defense,GE Aerospace Common Stock
GEF,Packaging & Containers,Greif Inc. Class A Common Stock
GEF.B,Packaging & Containers,"Greif, Inc. Corporation Class B Common Stock"
GEG,Asset Management,"Great Elm Group, Inc.  - Common Stock"
GEHC,Medical Devices,GE HealthCare Technologies Inc. - Common Stock
GELS,Drug Manufacturers—Specialty & Generic,Gelteq Limited - Ordinary Shares
GEMI,Capital Markets,"Gemini Space Station, Inc. - Class A Common Stock"
GEN,Software—Infrastructure,Gen Digital Inc. - Common Stock
GENB,Biotechnology,"Generate Biomedicines, Inc. - Common Stock"
GENC,Farm & Heavy Construction Machinery,"Gencor Industries, Inc. Common Stock"
GENI,Internet Content & Information,Genius Sports Limited Ordinary Shares
GENK,Restaurants,"GEN Restaurant Group, Inc. - Class A Common Stock"
GEO,Security & Protection Services,Geo Group Inc (The) REIT
GEOS,Oil & Gas Equipment & Services,Geospace Technologies Corporation - Common Stock
GERN,Biotechnology,Geron Corporation - Common Stock
GETY,Internet Content & Information,"Getty Images Holdings, Inc. Class A Common Stock"
GEV,Specialty Industrial Machinery,GE Vernova Inc. Common Stock
GEVO,Specialty Chemicals,"Gevo, Inc. - Common Stock"
GFAI,Security & Protection Services,"Guardforce AI Co., Limited - Ordinary Shares"
GFF,Building Products & Equipment,Griffon Corporation Common Stock
GFL,Waste Management,"GFL Environmental Inc. Subordinate voting shares, no par value"
GFR,Oil & Gas E&P,Greenfire Resources Ltd. Common Shares
GFS,Semiconductors,GlobalFoundries Inc. - Ordinary Share
GFUZ,Specialty Industrial Machinery,General Fusion Group Ltd. - Common Shares
GGB,Steel,Gerdau S.A. Common Stock
GGG,Specialty Industrial Machinery,Graco Inc. Common Stock
GGR,Auto Manufacturers,Gogoro Inc. - Ordinary Shares
GH,Diagnostics & Research,"Guardant Health, Inc. - Common Stock"
GHC,Conglomerates,Graham Holdings Company Common Stock
GHM,Specialty Industrial Machinery,Graham Corporation Common Stock
GHRS,Biotechnology,GH Research PLC - Ordinary Shares
GHXI,Shell Companies,"Gores Holdings XI, Inc. - Class A Ordinary Shares"
GIB,Information Technology Services,CGI Inc. Common Stock
GIBO,Internet Content & Information,GIBO Holdings Limited - Class A Ordinary Shares
GIC,Industrial Distribution,Global Industrial Company Common Stock
GIFT,Internet Content & Information,"Giftify, Inc. - Common Stock"
GIGM,Electronic Gaming & Multimedia,GigaMedia Limited - Ordinary Shares
GIII,Apparel Manufacturing,"G-III Apparel Group, LTD. - Common Stock"
GIL,Apparel Manufacturing,"Gildan Activewear, Inc. Class A Sub. Vot. Common Stock"
GILD,Drug Manufacturers—General,"Gilead Sciences, Inc. - Common Stock"
GILT,Communication Equipment,Gilat Satellite Networks Ltd. - Ordinary Shares
GIPR,REIT—Diversified,Generation Income Properties Inc. - Common stock
GIS,Packaged Foods,"General Mills, Inc. Common Stock"
GITS,Internet Content & Information,"Global Interactive Technologies, Inc. Common Stock - Common Stock"
GIW,Shell Companies,GigCapital8 Corp. - Class A Ordinary Shares
GIX,Shell Companies,GigCapital9 Corp. - Class A Ordinary Share
GIXI,Advertising Agencies,Gix Internet Ltd. - Ordinary Shares
GJH,,Synthetic Fixed-Income Securities Inc 6.375% (STRATS) Cl A-1
GKOS,Medical Devices,Glaukos Corporation Common Stock
GL,Insurance—Life,Globe Life Inc. Common Stock
GL-D,,Globe Life Inc. 4.25% Junior Subordinated Debentures due 2061
GLAS,Drug Manufacturers—Specialty & Generic,Glass House Brands Inc. Subordinate Voting Shares
GLBE,Internet Retail,Global-E Online Ltd. - ordinary shares
GLBS,Marine Shipping,Globus Maritime Limited - Common Stock
GLDG,Gold,GoldMining Inc. Common Shares
GLE,Information Technology Services,Global Engine Group Holding Limited - Class A Ordinary Shares
GLED,Shell Companies,GalaxyEdge Acquisition Corporation Ordinary Shares
GLIBA,Telecom Services,Liberty Capital Corporation - Series A GCI Group Common Stock
GLIBK,Telecom Services,Liberty Capital Corporation - Series C GCI Group Common Stock
GLND,Oil & Gas E&P,Greenland Energy Company - Common Stock
GLNG,Oil & Gas Midstream,Golar LNG Limited - Common Shares
GLOB,Information Technology Services,Globant S.A. Common Shares
GLOO,Software—Application,"Gloo Holdings, Inc. - Common Stock"
GLPI,REIT—Specialty,"Gaming and Leisure Properties, Inc. - Common Stock"
GLRE,Insurance—Reinsurance,"Greenlight Reinsurance, Ltd. - Class A Ordinary Shares"
GLSI,Biotechnology,"Greenwich LifeSciences, Inc. - Common stock"
GLU,Asset Management,Gabelli Global Utility Common Shares of Beneficial Ownership
GLUE,Biotechnology,"Monte Rosa Therapeutics, Inc. - Common Stock"
GLW,Electronic Components,Corning Incorporated Common Stock
GLXG,Staffing & Employment Services,Galaxy Payroll Group Limited - Class A Ordinary Shares
GLXY,Capital Markets,Galaxy Digital Inc. - Class A common stock
GM,Auto Manufacturers,General Motors Company Common Stock
GME,Specialty Retail,GameStop Corporation Common Stock
GMED,Medical Devices,"Globus Medical, Inc. Class A Common Stock"
GMEX,Consumer Electronics,GMEX ROBOTICS CORPORATION - Class A Ordinary Shares
GMHS,Electronic Gaming & Multimedia,Gamehaus Holdings Inc. - Class A Ordinary Shares
GMM,Information Technology Services,Global Mofy AI Limited  - Class A Ordinary Shares
GMRS,Medical Care Facilities,GMR Solutions Inc. Class A Common Stock
GNE,Utilities—Regulated Electric,Genie Energy Ltd. Class B Common Stock Stock
GNK,Marine Shipping,Genco Shipping & Trading Limited Ordinary Shares New (Marshall Islands)
GNL,REIT—Diversified,"Global Net Lease, Inc. Common Stock"
GNLN,Tobacco,"Greenlane Holdings, Inc. - Class A Common Stock"
GNLX,Biotechnology,Genelux Corporation - Common Stock
GNPX,Biotechnology,"Genprex, Inc. - Common Stock"
GNRC,Specialty Industrial Machinery,Generac Holdlings Inc. Common Stock
GNS,Education & Training Services,Genius Group Limited Ordinary Shares
GNSS,Scientific & Technical Instruments,Genasys Inc. - Common Stock
GNTX,Auto Parts,Gentex Corporation - Common Stock
GNW,Insurance—Life,Genworth Financial Inc Common Stock
GO,Grocery Stores,Grocery Outlet Holding Corp. - Common Stock
GOAI,Software—Infrastructure,Eva Live Inc. - Common Stock
GOGO,Telecom Services,Gogo Inc. - Common Stock
GOLD,Capital Markets,"Gold.com, Inc. Common Stock"
GOLF,Leisure,Acushnet Holdings Corp. Common Stock
GOOG,Internet Content & Information,Alphabet Inc. - Class C Capital Stock
GOOGL,Internet Content & Information,Alphabet Inc. - Class A Common Stock
GOOS,Apparel Manufacturing,Canada Goose Holdings Inc. Subordinate Voting Shares
GORO,Gold,Goldgroup Mining Inc. Common Shares
GOSS,Biotechnology,"Gossamer Bio, Inc. - Common Stock"
GOVX,Biotechnology,"GeoVax Labs, Inc. - Common Stock"
GP,Farm & Heavy Construction Machinery,GreenPower Motor Company Inc. - Common Shares
GPAC,Shell Companies,General Purpose Acquisition Corp. - Class A Ordinary Shares
GPAT,Shell Companies,GP-Act III Acquisition Corp. - Class A Ordinary Share
GPC,Auto Parts,Genuine Parts Company Common Stock
GPGI,Metal Fabrication,"GPGI, Inc. Class A Common Stock"
GPI,Auto & Truck Dealerships,"Group 1 Automotive, Inc. Common Stock"
GPK,Packaging & Containers,Graphic Packaging Holding Company
GPN,Specialty Business Services,Global Payments Inc. Common Stock
GPOR,Oil & Gas E&P,Gulfport Energy Corporation Common Shares
GPRE,Chemicals,"Green Plains, Inc. - Common Stock"
GPRK,Oil & Gas E&P,Geopark Ltd Common Shares
GPRO,Consumer Electronics,"GoPro, Inc. - Class A Common Stock"
GPUS,Conglomerates,"Hyperscale Data, Inc. Common Stock"
GRAB,Software—Application,Grab Holdings Limited - Class A Ordinary Shares
GRAL,Diagnostics & Research,"GRAIL, Inc. - Common Stock"
GRAN,Capital Markets,Grande Group Limited - Class A Ordinary Shares
GRBK,Residential Construction,"Green Brick Partners, Inc. Common Stock"
GRC,Specialty Industrial Machinery,Gorman-Rupp Company (The) Common Stock
GRCE,Biotechnology,"Grace Therapeutics, Inc. - Common Stock"
GRDN,Medical Care Facilities,"Guardian Pharmacy Services, Inc. Class A Common Stock"
GRDX,Biotechnology,GridAI Technologies Corp.  - Common Stock
GRI,Biotechnology,"GRI Bio, Inc. - Common Stock"
GRML,Other Precious Metals & Mining,Greenland Mines Ltd - Common Stock
GRMN,Scientific & Technical Instruments,Garmin Ltd. Common Stock (Switzerland)
GRND,Software—Application,Grindr Inc. Common Stock
GRNQ,Consulting Services,Greenpro Capital Corp. - Common Stock
GRNT,Oil & Gas E&P,"Granite Ridge Resources, Inc. Common Stock"
GRO,Other Industrial Metals & Mining,Brazil Potash Corp. Common Shares
GROV,Household & Personal Products,"Grove Collaborative Holdings, Inc. Class A Common Stock"
GROW,Asset Management,"U.S. Global Investors, Inc. - Class A Common Stock"
GROY,Gold,Gold Royalty Corp. Common Shares
GRPN,Internet Content & Information,"Groupon, Inc. - Common Stock"
GRRR,Software—Infrastructure,Gorilla Technology Group Inc. - Ordinary shares
GRSD,Gambling,Grandstand Limited - Ordinary Shares
GRWG,Specialty Retail,GrowGeneration Corp. - Common Stock
GS,Capital Markets,"Goldman Sachs Group, Inc. (The) Common Stock"
GS-D,,"Goldman Sachs Group, Inc. (The) Dep Shs repstg 1/1000 Pfd Ser D Fltg"
GSAT,Telecom Services,"Globalstar, Inc. - Common Stock"
GSBC,Banks—Regional,"Great Southern Bancorp, Inc. - Common Stock"
GSBD,Asset Management,"Goldman Sachs BDC, Inc. Common Stock"
GSHD,Insurance Brokers,"Goosehead Insurance, Inc. - Class A Common Stock"
GSHR,Shell Companies,Gesher Acquisition Corp. II - Class A Ordinary Shares
GSIT,Semiconductors,"GSI Technology, Inc. - Common Stock"
GSIW,Capital Markets,Garden Stage Limited - Class A Ordinary Shares
GSL,Marine Shipping,Global Ship Lease Inc New Class A Common Shares
GSM,Other Industrial Metals & Mining,Ferroglobe PLC - Ordinary Shares
GSRF,Shell Companies,GSR IV Acquisition Corp. - Class A ordinary share
GSRV,Shell Companies,GSR V Acquisition Corp. - Class A ordinary shares
GSUN,Education & Training Services,Golden Sun Technology Group Limited - Class A Ordinary Shares
GT,Auto Parts,The Goodyear Tire & Rubber Company - Common Stock
GTBP,Biotechnology,"GT Biopharma, Inc. - Common Stock"
GTE,Oil & Gas E&P,Gran Tierra Energy Inc. Common Stock
GTEC,Auto Parts,Greenland Technologies Holding Corporation - Class A Ordinary Shares
GTEN,Shell Companies,"Gores Holdings X, Inc. - Class A ordinary shares"
GTERA,Shell Companies,Globa Terra Acquisition Corporation - Class A Ordinary Shares
GTES,Specialty Industrial Machinery,Gates Industrial Corporation Ltd. Common Shares
GTIM,Restaurants,Good Times Restaurants Inc. - Common Stock
GTLB,Software—Infrastructure,GitLab Inc. - Class A Common Stock
GTM,Software—Application,ZoomInfo Technologies Inc. - Common Stock
GTN,Broadcasting,"Gray Media, Inc. Common Stock"
GTN.A,Broadcasting,"Gray Media, Inc. Class A Common Stock"
GTX,Auto Parts,Garrett Motion Inc. - Common Stock
GTY,REIT—Retail,Getty Realty Corporation Common Stock
GUAC,Shell Companies,Berto Acquisition Corp. II - Ordinary Shares
GURE,Chemicals,"Gulf Resources, Inc. - Common Stock"
GUTS,Biotechnology,"Fractyl Health, Inc. - Common Stock"
GVA,Engineering & Construction,Granite Construction Incorporated Common Stock
GVH,Integrated Freight & Logistics,Globavend Holdings Limited - Ord Shares
GWAV,Waste Management,"Greenwave Technology Solutions, Inc. - Common Stock"
GWH,Electrical Equipment & Parts,"ESS Tech, Inc. Common Stock"
GWRE,Software—Application,"Guidewire Software, Inc. Common Stock"
GWRS,Utilities—Regulated Water,"Global Water Resources, Inc. - common stock"
GWW,Industrial Distribution,"W.W. Grainger, Inc. Common Stock"
GXAI,Electronic Gaming & Multimedia,Gaxos.ai Inc. - Common Stock
GXO,Integrated Freight & Logistics,"GXO Logistics, Inc. Common Stock"
GYGY,Software—Infrastructure,"Game Your Game, Inc. - Common Stock"
GYRE,Biotechnology,"Gyre Therapeutics, Inc. - Common Stock"
GYRO,Real Estate Services,"Gyrodyne , LLC - Common Stock"
H,Lodging,Hyatt Hotels Corporation Class A Common Stock
HACQ,Shell Companies,HCM IV Acquisition Corp. - Class A Ordinary Share
HAE,Medical Devices,Haemonetics Corporation Common Stock
HAFC,Banks—Regional,Hanmi Financial Corporation - Common Stock
HAFN,Marine Shipping,Hafnia Limited Common Shares
HAIN,Packaged Foods,"The Hain Celestial Group, Inc. - Common Stock"
HAL,Oil & Gas Equipment & Services,Halliburton Company Common Stock
HALO,Biotechnology,"Halozyme Therapeutics, Inc. - Common Stock"
HAO,Advertising Agencies,Haoxi Health Technology Limited - Class A Ord Share
HAPN,Banks—Regional,"Happen, Inc. - Common Stock"
HAS,Leisure,"Hasbro, Inc. - Common Stock"
HASI,Asset Management,"HA Sustainable Infrastructure Capital, Inc. Common Stock"
HAVA,Shell Companies,Harvard Ave Acquisition Corporation - Class A Ordinary Share
HAWK,Aerospace & Defense,"HawkEye 360, Inc. Common Stock"
HAYW,Electrical Equipment & Parts,"Hayward Holdings, Inc. Common Stock"
HBAN,Banks—Regional,Huntington Bancshares Incorporated - Common Stock
HBB,"Furnishings, Fixtures & Appliances",Hamilton Beach Brands Holding Company Class A Common Stock
HBCP,Banks—Regional,"Home Bancorp, Inc. - Common Stock"
HBIO,Medical Instruments & Supplies,"Harvard Bioscience, Inc. - Common Stock"
HBM,Copper,Hudbay Minerals Inc. Ordinary Shares (Canada)
HBNB,Real Estate Services,Hotel101 Global Holdings Corp. - Class A Ordinary Shares
HBNC,Banks—Regional,"Horizon Bancorp, Inc. - Common Stock"
HBT,Banks—Regional,"HBT Financial, Inc. - Common Stock"
HCA,Medical Care Facilities,"HCA Healthcare, Inc. Common Stock"
HCAC,Shell Companies,Hall Chadwick Acquisition Corp. - Class A Ordinary Shares
HCAI,Farm & Heavy Construction Machinery,"Huachen AI Parking Management Technology Holding Co., Ltd. - Class A Ordinary Shares"
HCAT,Health Information Services,"Health Catalyst, Inc - Common stock"
HCC,Coking Coal,"Warrior Met Coal, Inc. Common Stock"
HCHL,,Happy City Holdings Limited - Class A Ordinary shares
HCI,Insurance—Property & Casualty,"HCI Group, Inc. Common Stock"
HCIC,Shell Companies,Hennessy Capital Investment Corp. VIII - Class A Ordinary Shares
HCKT,Information Technology Services,"The Hackett Group, Inc. - Common Stock"
HCMA,Shell Companies,HCM III Acquisition Corp. - Class A Ordinary Share
HCSG,Medical Care Facilities,"Healthcare Services Group, Inc. - Common Stock"
HCTI,Health Information Services,"Healthcare Triangle, Inc. - Common Stock"
HCWB,Biotechnology,HCW Biologics Inc. - Common Stock
HCWC,Grocery Stores,Healthy Choice Wellness Corp. Class A Common Stock
HD,Home Improvement Retail,"Home Depot, Inc. (The) Common Stock"
HDB,Banks—Regional,HDFC Bank Limited Common Stock
HDRN,Specialty Industrial Machinery,"Hadron Energy, Inc. - Common Stock"
HDSN,Specialty Chemicals,"Hudson Technologies, Inc. - Common Stock"
HE,Utilities—Regulated Electric,"Hawaiian Electric Industries, Inc. Common Stock"
HEI,Aerospace & Defense,Heico Corporation Common Stock
HEI.A,Aerospace & Defense,Heico Corporation Common Stock
HELE,Household & Personal Products,Helen of Troy Limited - Common Stock
HELP,Biotechnology,Cybin Inc. - Common Stock
HESM,Oil & Gas Midstream,Hess Midstream LP Class A Representing Limited Partner Interests
HFBL,Banks—Regional,"Home Federal Bancorp, Inc. of Louisiana - Common Stock"
HFFG,Food Distribution,HF Foods Group Inc. - Common Stock
HFWA,Banks—Regional,Heritage Financial Corporation - Common Stock
HG,Insurance—Reinsurance,"Hamilton Insurance Group, Ltd. Class B Common Shares"
HGBL,Capital Markets,Heritage Global Inc. - Common Stock
HGTY,Insurance—Property & Casualty,"Hagerty, Inc. Class A Common Stock"
HGV,Resorts & Casinos,Hilton Grand Vacations Inc. Common Stock
HHH,Real Estate—Development,Howard Hughes Holdings Inc. Common Stock
HHS,Conglomerates,"Harte Hanks, Inc. - Common Stock"
HIFS,Banks—Regional,Hingham Institution for Savings - Common Stock
HIG,Insurance—Diversified,"The Hartford Insurance Group, Inc. Common Stock"
HIHO,Metal Fabrication,Highway Holdings Limited - Common Stock
HII,Aerospace & Defense,"Huntington Ingalls Industries, Inc. Common Stock"
HIMS,Drug Manufacturers—Specialty & Generic,"Hims & Hers Health, Inc. Class A Common Stock"
HIND,Biotechnology,"Vyome Holdings, Inc. - Common Stock"
HIPO,Insurance—Property & Casualty,Hippo Holdings Inc. Common Stock
HIT,Software—Application,"Health In Tech, Inc. - Class A Common Stock"
HITI,Pharmaceutical Retailers,High Tide Inc. - Common Shares
HIVE,Capital Markets,HIVE Digital Technologies Ltd - Common Shares
HIW,REIT—Office,"Highwoods Properties, Inc. Common Stock"
HKIT,Information Technology Services,Hitek Global Inc. - Class A Ordinary Share
HKPD,Medical Distribution,"Cellyan Biotechnology Co., Ltd  - Class A Ordinary Shares"
HL,Other Precious Metals & Mining,Hecla Mining Company Common Stock
HLF,Packaged Foods,Herbalife Ltd. Common Shares
HLI,Capital Markets,"Houlihan Lokey, Inc. Class A Common Stock"
HLIO,Specialty Industrial Machinery,"Helios Technologies, Inc. Common Stock"
HLIT,Communication Equipment,Harmonic Inc. - Common Stock
HLLY,Auto Parts,Holley Inc. Common Stock
HLMN,Tools & Accessories,Hillman Solutions Corp. - Common Stock
HLNE,Asset Management,Hamilton Lane Incorporated - Class A Common Stock
HLP,Steel,Hongli Group Inc. - Class A Ordinary Shares
HLT,Lodging,Hilton Worldwide Holdings Inc. Common Stock
HLXC,Shell Companies,Helix Acquisition Corp. III - Class A Ordinary Shares
HMC,Auto Manufacturers,"Honda Motor Company, Ltd. Common Stock"
HMH,Oil & Gas Equipment & Services,HMH Holding Inc. - Common Stock
HMN,Insurance—Property & Casualty,Horace Mann Educators Corporation Common Stock
HMR,Marine Shipping,Heidmar Maritime Holdings Corp. - Common Stock
HMY,Gold,Harmony Gold Mining Company Limited
HNGE,Health Information Services,"Hinge Health, Inc. Class A Common Stock"
HNI,"Furnishings, Fixtures & Appliances",HNI Corporation Common Stock
HNNA,Asset Management,"Hennessy Advisors, Inc. - Common Stock"
HNRG,Utilities—Independent Power Producers,Hallador Energy Company - Common Stock
HNST,Household & Personal Products,"The Honest Company, Inc. - Common Stock"
HNVR,Banks—Regional,"Hanover Bancorp, Inc. - Common Stock"
HODO,Software—Application,House of Doge Inc. - Common Stock
HOFT,"Furnishings, Fixtures & Appliances",Hooker Furnishings Corporation - Common Stock
HOG,Recreational Vehicles,"Harley-Davidson, Inc. Common Stock"
HOLO,Software—Application,MicroCloud Hologram Inc. - Ordinary Shares
HOMB,Banks—Regional,"Home BancShares, Inc. Common Stock"
HON,Conglomerates,Honeywell International Inc. - Common Stock
HONA,Aerospace & Defense,Honeywell Aerospace Inc. - Common Stock
HOOD,Capital Markets,"Robinhood Markets, Inc. - Class A Common Stock"
HOPE,Banks—Regional,"Hope Bancorp, Inc. - Common Stock"
HOS,Marine Shipping,"Hornbeck Offshore Services, Inc. Common Stock"
HOUR,Internet Retail,"Hour Loop, Inc. - common stock"
HOV,Residential Construction,"Hovnanian Enterprises, Inc. Class A Common Stock"
HOVR,Aerospace & Defense,New Horizon Aircraft Ltd. - Class A Ordinary Shares
HOWL,Biotechnology,"Werewolf Therapeutics, Inc. - Common Stock"
HP,Oil & Gas Drilling,"Helmerich & Payne, Inc. Common Stock"
HPAI,Software—Infrastructure,Helport AI Limited - Ordinary Shares
HPE,Communication Equipment,Hewlett Packard Enterprise Company Common Stock
HPK,Oil & Gas E&P,"HighPeak Energy, Inc. - Common Stock"
HPP,REIT—Office,"Hudson Pacific Properties, Inc. Common Stock"
HPQ,Computer Hardware,HP Inc. Common Stock
HQ,Software—Infrastructure,Horizon Quantum Holdings Ltd. - Class A Ordinary Shares
HQH,Asset Management,abrdn Healthcare Investors Shares of Beneficial Interest
HQI,Staffing & Employment Services,"HireQuest, Inc. - Common Stock"
HQL,Asset Management,abrdn Life Sciences Investors Shares of Beneficial Interest
HQY,Health Information Services,"HealthEquity, Inc. - Common Stock"
HRB,Personal Services,"H&R Block, Inc. Common Stock"
HRI,Rental & Leasing Services,Herc Holdings Inc. Common Stock
HRL,Packaged Foods,Hormel Foods Corporation Common Stock
HRMY,Biotechnology,"Harmony Biosciences Holdings, Inc. - Common Stock"
HROW,Drug Manufacturers—Specialty & Generic,"Harrow, Inc. - Common Stock"
HRTG,Insurance—Property & Casualty,"Heritage Insurance Holdings, Inc. Common Stock"
HRTX,Biotechnology,"Heron Therapeutics, Inc.   - Common Stock"
HRZN,Asset Management,Horizon Technology Finance Corporation - Common Stock
HSBC,Banks—Diversified,"HSBC Holdings, plc. Common Stock"
HSCS,Medical Devices,HeartSciences Inc. - Common Stock
HSDT,Asset Management,Solana Company - Class A Common Stock
HSHP,Marine Shipping,Himalaya Shipping Ltd. Common Shares
HSIC,Medical Distribution,"Henry Schein, Inc. - Common Stock"
HSLV,Silver,Highlander Silver Corp. Common Shares
HST,REIT—Hotel & Motel,"Host Hotels & Resorts, Inc. - Common Stock"
HSTM,Health Information Services,"HealthStream, Inc. - Common Stock"
HSY,Confectioners,The Hershey Company Common Stock
HTCO,Marine Shipping,High-Trend International Group - Class A Ordinary Shares
HTCR,Software—Application,"Heartcore Enterprises, Inc. - Common Stock"
HTFL,Health Information Services,"Heartflow, Inc. - Common Stock"
HTGC,Asset Management,"Hercules Capital, Inc. Common Stock"
HTH,Financial Conglomerates,Hilltop Holdings Inc.
HTLD,Trucking,"Heartland Express, Inc. - Common Stock"
HTLM,Specialty Retail,HomesToLife Ltd - Ordinary Shares
HTO,Utilities—Regulated Water,H2O America  - Common Stock
HTOO,Utilities—Renewable,Fusion Fuel Green PLC - Ordinary Shares
HTZ,Rental & Leasing Services,"Hertz Global Holdings, Inc - Common Stock"
HUBB,Electrical Equipment & Parts,Hubbell Inc Common Stock
HUBC,Software—Infrastructure,Hub Cyber Security Ltd. - Ordinary Shares
HUBG,Integrated Freight & Logistics,"Hub Group, Inc. - Class A Common Stock"
HUBS,Software—Application,"HubSpot, Inc. Common Stock"
HUDI,Steel,"Huadi International Group Co., Ltd. - Ordinary Shares"
HUHU,Specialty Industrial Machinery,HUHUTECH International Group Inc. - Ordinary Shares
HUM,Healthcare Plans,Humana Inc. Common Stock
HUMA,Biotechnology,"Humacyte, Inc. - Common Stock"
HUN,Chemicals,Huntsman Corporation Common Stock
HURA,Biotechnology,"TuHURA Biosciences, Inc. - Common Stock"
HURC,Specialty Industrial Machinery,"Hurco Companies, Inc. - Common Stock"
HURN,Consulting Services,Huron Consulting Group Inc. - Common Stock
HUT,Capital Markets,Hut 8 Corp. - Common Stock
HVII,Shell Companies,Hennessy Capital Investment Corp. VII - Ordinary Shares
HVMC,Shell Companies,Highview Merger Corp. - Class A Ordinary Share
HVT,Home Improvement Retail,"Haverty Furniture Companies, Inc. Common Stock"
HVT.A,Home Improvement Retail,"Haverty Furniture Companies, Inc. Common Stock"
HWBK,Banks—Regional,"Hawthorn Bancshares, Inc. - Common Stock"
HWC,Banks—Regional,Hancock Whitney Corporation - Common Stock
HWH,Restaurants,HWH International Inc. - Common Stock
HWKN,Specialty Chemicals,"Hawkins, Inc. - Common Stock"
HWM,Aerospace & Defense,Howmet Aerospace Inc. Common Stock
HXHX,Integrated Freight & Logistics,Haoxin Holdings Limited - Class A Ordinary Shares
HXL,Aerospace & Defense,Hexcel Corporation Common Stock
HY,Farm & Heavy Construction Machinery,"Hyster-Yale, Inc. Class A common stock"
HYFM,Farm & Heavy Construction Machinery,"Hydrofarm Holdings Group, Inc. - Common Stock"
HYFT,Biotechnology,MindWalk Holdings Corp. - Common Stock
HYLN,Auto Parts,Hyliion Holdings Corp. Class A Common Stock
HYMC,Gold,Hycroft Mining Holding Corporation - Class A Common Stock
HYNE,Banks—Regional,"Hoyne Bancorp, Inc. - Common Stock"
HYPD,Biotechnology,"Hyperion DeFi, Inc. - Common Stock"
HYPR,Medical Devices,"Hyperfine, Inc.  - Class A Common Stock"
HZO,Specialty Retail,"MarineMax, Inc.  (FL) Common Stock"
IA,Aerospace & Defense,"Innovative Solutions and Support, Inc. - Common Stock"
IACO,Shell Companies,Idea Acquisition Corp. - Class A Ordinary Shares
IACQ,Shell Companies,Irenic Acquisition Corp. - Class A Ordinary Shares
IAG,Gold,Iamgold Corporation Ordinary Shares
IART,Medical Devices,Integra LifeSciences Holdings Corporation - Common Stock
IAUX,Gold,i-80 Gold Corp. Common Shares
IBAC,Shell Companies,IB Acquisition Corp. - Common Stock
IBCP,Banks—Regional,Independent Bank Corporation - Common Stock
IBEX,Information Technology Services,IBEX Limited - Common Share
IBG,Beverages—Wineries & Distilleries,Innovation Beverage Group Limited - Ordinary Shares
IBIO,Biotechnology,"iBio, Inc. - Common Stock"
IBKR,Capital Markets,"Interactive Brokers Group, Inc. - Class A Common Stock"
IBM,Information Technology Services,International Business Machines Corporation Common Stock
IBN,Banks—Regional,ICICI Bank Limited Common Stock
IBO,Biotechnology,"Impact BioMedical, Inc. Common Stock"
IBOC,Banks—Regional,International Bancshares Corporation - Common Stock
IBP,Residential Construction,"Installed Building Products, Inc. Common Stock"
IBTA,Software—Application,"Ibotta, Inc. Class A Common Stock"
ICCC,Biotechnology,ImmuCell Corporation - Common Stock
ICCM,Medical Devices,IceCure Medical Ltd. - Ordinary Shares
ICE,Financial Data & Stock Exchanges,Intercontinental Exchange Inc. Common Stock
ICFI,Consulting Services,"ICF International, Inc. - Common Stock"
ICHR,Semiconductor Equipment & Materials,Ichor Holdings - Ordinary Shares
ICL,Agricultural Inputs,ICL Group Ltd. Ordinary Shares
ICLR,Diagnostics & Research,ICON plc - Ordinary Shares
ICMB,Asset Management,"Investcorp Credit Management BDC, Inc. - Common Stock"
ICON,Marine Shipping,Icon Energy Corp. - Common stock
ICU,Biotechnology,SeaStar Medical Holding Corporation - Common Stock
ICUI,Medical Instruments & Supplies,"ICU Medical, Inc. - Common Stock"
IDA,Utilities—Regulated Electric,"IDACORP, Inc. Common Stock"
IDAC,Shell Companies,Iron Dome Acquisition I Corp. - Class A Ordinary Shares
IDAI,Software—Application,T Stamp Inc. - Class A Common Stock
IDCC,Software—Application,"InterDigital, Inc. - Common Stock"
IDN,Software—Application,"Intellicheck, Inc. - Common Stock"
IDR,Gold,"Idaho Strategic Resources, Inc. Common Stock"
IDT,Telecom Services,IDT Corporation Class B Common Stock
IDXX,Diagnostics & Research,"IDEXX Laboratories, Inc. - Common Stock"
IDYA,Biotechnology,"IDEAYA Biosciences, Inc. - Common Stock"
IE,Copper,Ivanhoe Electric Inc. Common Stock
IEAG,Shell Companies,Infinite Eagle Acquisition Corp. - Class A Ordinary Shares
IESC,Engineering & Construction,"IES Holdings, Inc. - Common Stock"
IEX,Specialty Industrial Machinery,IDEX Corporation Common Stock
IFBD,Software—Application,"Infobird Co., Ltd - Ordinary Shares"
IFF,Specialty Chemicals,"International Flavors & Fragrances, Inc. Common Stock"
IFRX,Biotechnology,InflaRx N.V. - Common Stock
IFS,Banks—Regional,Intercorp Financial Services Inc. Common Shares
IGAC,,Invest Green Acquisition Corporation - Class A Ordinary Shares
IGC,Biotechnology,"IGC Pharma, Inc. Common Stock"
IGIC,Insurance—Diversified,International General Insurance Holdings Ltd. - Ordinary Shares
IHRT,Broadcasting,"iHeartMedia, Inc. - Class A Common Stock"
IHS,Real Estate Services,IHS Holding Limited Ordinary Shares
III,Information Technology Services,"Information Services Group, Inc. - Common Stock"
IIIN,Metal Fabrication,"Insteel Industries, Inc. Common Stock"
IIIV,Software—Infrastructure,"i3 Verticals, Inc. - Common Stock"
IIPR,REIT—Industrial,"Innovative Industrial Properties, Inc. Common Stock"
IKT,Biotechnology,"Inhibikase Therapeutics, Inc. - Common Stock"
ILAG,Building Products & Equipment,Intelligent Living Application Group Inc. - Ordinary Shares
ILLR,Software—Application,Triller Group Inc. - Common Stock
ILLU,Shell Companies,Illumination Acquisition Corp I - Class A Ordinary Shares
ILMN,Diagnostics & Research,"Illumina, Inc. - Common Stock"
IMA,Biotechnology,"ImageneBio, Inc. - Common Stock"
IMAX,Entertainment,Imax Corporation Common Stock
IMC,Other Industrial Metals & Mining,IMC Rare Earths Ltd Ordinary Shares
IMCC,Drug Manufacturers—Specialty & Generic,IM Cannabis Corp. - Common Shares
IMDX,Diagnostics & Research,Insight Molecular Diagnostics Inc. - Common Stock
IMKTA,Grocery Stores,"Ingles Markets, Incorporated - Class A Common Stock"
IMMR,Software—Application,Immersion Corporation - Common Stock
IMMX,Biotechnology,"Immix Biopharma, Inc. - Common Stock"
IMNM,Biotechnology,"Immunome, Inc. - Common Stock"
IMNN,Biotechnology,"Imunon, Inc. - Common Stock"
IMO,Oil & Gas Integrated,Imperial Oil Limited Common Stock
IMPP,Oil & Gas Midstream,Imperial Petroleum Inc. - Common Shares
IMRX,Biotechnology,Immuneering Corporation - Class A Common Stock
IMSR,Utilities—Regulated Electric,Terrestrial Energy Inc. - Common Stock
IMTE,Electronic Components,Integrated Media Technology Limited - Ordinary Shares
IMTX,Biotechnology,Immatics N.V. - Ordinary Shares
IMUX,Biotechnology,"Immunic, Inc.  - Common Stock"
IMVT,Biotechnology,"Immunovant, Inc.  - Common Stock"
IMXI,Software—Infrastructure,"International Money Express, Inc. - Common Stock"
INAB,Biotechnology,"IN8bio, Inc. - Common Stock"
INAC,Shell Companies,Indigo Acquisition Corp. - Ordinary Shares
INBK,Banks—Regional,First Internet Bancorp - Common Stock
INBS,Medical Devices,Intelligent Bio Solutions Inc.  - Common Stock
INBX,Biotechnology,"Inhibrx Biosciences, Inc. - Common Stock"
INCR,Drug Manufacturers—Specialty & Generic,Intercure Ltd. - ordinary shares
INCY,Biotechnology,Incyte Corporation - Common Stock
INDB,Banks—Regional,Independent Bank Corp. - Common Stock
INDI,Semiconductors,"indie Semiconductor, Inc. - Class A Common Stock"
INDO,Oil & Gas E&P,Indonesia Energy Corporation Limited Ordinary Shares
INDP,Biotechnology,"Indaptus Therapeutics, Inc. - Common Stock"
INDV,Drug Manufacturers—Specialty & Generic,"Indivior Pharmaceuticals, Inc.  - Common Stock"
INEO,Auto Parts,INNEOVA Holdings Limited - Class A Ordinary Shares
INFQ,Software—Infrastructure,"Infleqtion, Inc. Common Stock"
INFU,Medical Devices,"InfuSystems Holdings, Inc. Common Stock"
ING,Banks—Diversified,"ING Group, N.V. Common Stock"
INGM,Information Technology Services,Ingram Micro Holding Corporation Common Stock
INGN,Medical Devices,"Inogen, Inc - Common Stock"
INGR,Packaged Foods,Ingredion Incorporated Common Stock
INHD,Steel,Inno Holdings Inc. - Common Stock
INIO,Specialty Industrial Machinery,INNIO N.V. - Ordinary Shares
INKT,Biotechnology,"MiNK Therapeutics, Inc. - Common Stock"
INLF,Specialty Industrial Machinery,INLIF LIMITED - Class A Ordinary shares
INLX,Software—Application,"Intellinetics, Inc. Common Stock"
INM,Drug Manufacturers—Specialty & Generic,InMed Pharmaceuticals Inc. - Common Shares
INMB,Biotechnology,INmune Bio Inc. - Common stock
INMD,Medical Devices,InMode Ltd.  - Ordinary Shares
INN,REIT—Hotel & Motel,"Summit Hotel Properties, Inc. Common Stock"
INNV,Medical Care Facilities,InnovAge Holding Corp. - Common Stock
INO,Biotechnology,"Inovio Pharmaceuticals, Inc. - Common Stock"
INOD,Information Technology Services,Innodata Inc. - Common Stock
INR,Oil & Gas E&P,"Infinity Natural Resources, Inc. Class A Common Stock"
INSE,Gambling,"Inspired Entertainment, Inc. - Common Stock"
INSG,Communication Equipment,Inseego Corp. - Common Stock
INSM,Biotechnology,Insmed Incorporated - Common Stock
INSP,Medical Devices,"Inspire Medical Systems, Inc. Common Stock"
INSW,Oil & Gas Midstream,"International Seaways, Inc. Common Stock"
INTA,Software—Application,"Intapp, Inc. - Common Stock"
INTC,Semiconductors,Intel Corporation - Common Stock
INTG,Lodging,The Intergroup Corporation - Common Stock
INTJ,Consulting Services,Intelligent Group Limited - Class A Ordinary Shares
INTR,Banks—Regional,Inter & Co. Inc. - Class A Common Shares
INTS,Biotechnology,"Intensity Therapeutics, Inc. - Common Stock"
INTT,Semiconductor Equipment & Materials,inTest Corporation Common Stock
INTU,Software—Application,Intuit Inc. - Common Stock
INTZ,Software—Infrastructure,Intrusion Inc. - Common Stock
INUV,Software—Application,"Inuvo, Inc."
INV,Asset Management,"Innventure, Inc. - Common Stock"
INVA,Biotechnology,"Innoviva, Inc. - Common Stock"
INVE,Building Products & Equipment,"Identiv, Inc. - Common Stock"
INVH,REIT—Residential,Invitation Homes Inc. Common Stock
INVX,Oil & Gas Equipment & Services,"Innovex International, Inc. Common Stock"
INVZ,Auto Parts,Innoviz Technologies Ltd. - Ordinary shares
IOND,Capital Markets,Ionic Digital Inc. - Class A Common Stock
IONQ,Computer Hardware,"IonQ, Inc. Common Stock"
IONS,Biotechnology,"Ionis Pharmaceuticals, Inc. - Common Stock"
IOSP,Specialty Chemicals,Innospec Inc. - Common Stock
IOT,Software—Infrastructure,Samsara Inc. Class A Common Stock
IOTR,Telecom Services,iOThree Limited - Ordinary Shares
IOVA,Biotechnology,"Iovance Biotherapeutics, Inc. - Common Stock"
IP,Packaging & Containers,International Paper Company Common Stock
IPAR,Household & Personal Products,"Interparfums, Inc. - Common Stock"
IPDN,Staffing & Employment Services,"Professional Diversity Network, Inc. - Common Stock"
IPEX,Shell Companies,Inflection Point Acquisition Corp. - Class A Ordinary Shares
IPFX,Shell Companies,Inflection Point Acquisition Corp. VI - Class A Ordinary Shares
IPGP,Semiconductor Equipment & Materials,IPG Photonics Corporation - Common Stock
IPI,Agricultural Inputs,"Intrepid Potash, Inc Common Stock"
IPM,Software—Application,Intelligent Protection Management Corp.  - Common Stock
IPSC,Biotechnology,"Century Therapeutics, Inc. - Common Stock"
IPST,Capital Markets,"IP Strategy Holdings, Inc. - Common Stock"
IPVV,Shell Companies,"InterPrivate Investment Partners V, Inc. - Class A Ordinary Shares"
IPW,Internet Retail,iPower Inc. - Common Stock
IPWR,Semiconductors,Ideal Power Inc. - Common Stock
IPXG,Shell Companies,Inection Point Acquisition Corp. VII  - Class A Ordinary Shares
IQST,Telecom Services,iQSTEL Inc. - Common Stock
IQV,Diagnostics & Research,"IQVIA Holdings, Inc. Common Stock"
IR,Specialty Industrial Machinery,Ingersoll Rand Inc. Common Stock
IRAB,Shell Companies,Iris Acquisition Corp II Class A Ordinary Shares
IRD,Biotechnology,"Opus Genetics, Inc. - Common Stock"
IRDM,Telecom Services,Iridium Communications Inc - Common Stock
IREN,Capital Markets,IREN Limited - Ordinary Shares
IRHO,Shell Companies,Iron Horse Acquisitions II Corp. - Common Stock
IRIX,Medical Devices,IRIDEX Corporation - Common Stock
IRM,REIT—Specialty,Iron Mountain Incorporated (Delaware)Common Stock REIT
IRMD,Medical Devices,iRadimed Corporation - Common Stock
IRON,Biotechnology,"Disc Medicine, Inc. - Common Stock"
IRTC,Medical Devices,"iRhythm Holdings, Inc.  - Common Stock"
IRWD,Drug Manufacturers—Specialty & Generic,"Ironwood Pharmaceuticals, Inc. - Class A Common Stock"
ISBA,Banks—Regional,Isabella Bank Corporation - Common stock
ISNR,Shell Companies,Snow Rothschild Acquisition Corp. - Class A Ordinary Shares
ISOU,Uranium,IsoEnergy Ltd. Common Shares
ISPC,Diagnostics & Research,iSpecimen Inc. - Common Stock
ISPR,Tobacco,Ispire Technology Inc. - Common Stock
ISRG,Medical Instruments & Supplies,"Intuitive Surgical, Inc. - Common Stock"
ISTR,Banks—Regional,Investar Holding Corporation - Common Stock
IT,Information Technology Services,"Gartner, Inc. Common Stock"
ITG,Engineering & Construction,"ITG, Inc. - Class A Common Stock"
ITGR,Medical Devices,Integer Holdings Corporation Common Stock
ITHA,Shell Companies,ITHAX Acquisition Corp III - Class A Ordinary Shares
ITIC,Insurance—Specialty,Investors Title Company - Common Stock
ITOC,Medical Devices,iTonic Holdings Ltd - Class A Ordinary Shares
ITP,Paper & Paper Products,"IT Tech Packaging, Inc. Common Stock"
ITRG,Other Precious Metals & Mining,Integra Resources Corp. Common Shares
ITRI,Scientific & Technical Instruments,"Itron, Inc. - Common Stock"
ITRN,Scientific & Technical Instruments,Ituran Location and Control Ltd. - Ordinary Shares
ITT,Specialty Industrial Machinery,ITT Inc. Common Stock
ITW,Specialty Industrial Machinery,Illinois Tool Works Inc. Common Stock
IVA,Biotechnology,Inventiva S.A. - American Depository Shares
IVDA,Security & Protection Services,"Iveda Solutions, Inc. - Common Stock"
IVF,Medical Devices,"INVO Fertility, Inc. - Common Stock"
IVR,REIT—Mortgage,INVESCO MORTGAGE CAPITAL INC Common Stock
IVVD,Biotechnology,"Invivyd, Inc. - Common Stock"
IVZ,Asset Management,Invesco Ltd Common Stock
IXHL,Drug Manufacturers—Specialty & Generic,Incannex Healthcare Inc. - Common Stock
IZEA,Advertising Agencies,"IZEA Worldwide, Inc. - Common Stock"
IZM,Electronics & Computer Distribution,ICZOOM Group Inc. - Class A Ordinary Shares
J,Engineering & Construction,Jacobs Solutions Inc. Common Stock
JACK,Restaurants,Jack In The Box Inc. - Common Stock
JACS,Shell Companies,Jackson Acquisition Company II Class A Ordinary Shares
JAGU,Uranium,Jaguar Uranium Corp. Class A Common Shares
JAGX,Biotechnology,"Jaguar Health, Inc. - Common Stock"
JAKK,Leisure,"JAKKS Pacific, Inc. - Common Stock"
JAN,REIT—Residential,"Janus Living, Inc. Class A-1 Common Stock"
JANX,Biotechnology,"Janux Therapeutics, Inc. - Common Stock"
JATT,Shell Companies,JATT II Acquisition Corp - Ordinary Shares
JAZZ,Biotechnology,Jazz Pharmaceuticals plc - Ordinary Shares
JBDI,Specialty Retail,JBDI Holdings Limited - Ordinary Shares
JBGS,REIT—Diversified,JBG SMITH Properties Common Shares
JBHT,Integrated Freight & Logistics,"J.B. Hunt Transport Services, Inc. - Common Stock"
JBI,Building Products & Equipment,"Janus International Group, Inc. Common Stock"
JBIO,Biotechnology,"Jade Biosciences, Inc. - Common Stock"
JBK,,Lehman ABS 3.50 3.50% Adjustable Corp Backed Tr Certs GS Cap I
JBL,Electronic Components,Jabil Inc. Common Stock
JBLU,Airlines,JetBlue Airways Corporation - Common Stock
JBS,Packaged Foods,JBS N.V. Class A Common Shares
JBSS,Packaged Foods,"John B. Sanfilippo & Son, Inc. - Common Stock"
JBTM,Specialty Industrial Machinery,JBT Marel Corporation Common Stock
JCAP,Credit Services,"Jefferson Capital, Inc. - Common Stock"
JCI,Building Products & Equipment,Johnson Controls International plc Ordinary Share
JCSE,Specialty Industrial Machinery,JE Cleantech Holdings Limited - Ordinary Shares
JCTC,Lumber & Wood Production,Jewett-Cameron Trading Company - Common Shares
JDZG,Education & Training Services,JIADE LIMITED - Class A Ordinary Shares
JEF,Capital Markets,Jefferies Financial Group Inc. Common Stock
JELD,Building Products & Equipment,"JELD-WEN Holding, Inc. Common Stock"
JEM,Apparel Retail,707 Cayman Holdings Limited - Ordinary Shares
JENA,Shell Companies,Jena Acquisition Corporation II Class A Ordinary Shares
JHX,Building Materials,James Hardie Industries plc. Ordinary Shares
JILL,Apparel Retail,"J. Jill, Inc. Common Stock"
JJSF,Packaged Foods,J & J Snack Foods Corp. - Common Stock
JKHY,Information Technology Services,"Jack Henry & Associates, Inc. - Common Stock"
JL,Apparel Manufacturing,J-Long Group Limited - Class A Ordinary Shares
JLHL,Building Products & Equipment,Julong Holding Limited - Class A Ordinary Shares
JLL,Real Estate Services,Jones Lang LaSalle Incorporated Common Stock
JMKE,Restaurants,Jersey Mike's Subs Inc. Class A Common Stock
JMSB,Banks—Regional,"John Marshall Bancorp, Inc. - Common Stock"
JNJ,Drug Manufacturers—General,Johnson & Johnson Common Stock
JOB,Staffing & Employment Services,GEE Group Inc. Common Stock
JOBY,Airports & Air Services,"Joby Aviation, Inc. Common Stock"
JOE,Real Estate—Diversified,St. Joe Company (The) Common Stock
JONE,Shell Companies,Jones Ventures INTL Acquisition1 Corp - Class A Ordinary Shares
JOUT,Leisure,Johnson Outdoors Inc. - Class A Common Stock
JPM,Banks—Diversified,JP Morgan Chase & Co. Common Stock
JRSH,Apparel Manufacturing,"Jerash Holdings (US), Inc. - Common Stock"
JRVR,Insurance—Specialty,"James River Group Holdings, Inc. - Common Stock"
JSPR,Biotechnology,"Jasper Therapeutics, Inc. - Class A Common Stock"
JTAI,Software—Application,Jet.AI Inc. - Common Stock
JTTT,Shell Companies,JATT III Acquisition Corp - Ordinary Shares
JUNS,Biotechnology,"Jupiter Neurosciences, Inc. - Common Stock"
JVA,Packaged Foods,"Coffee Holding Co., Inc. - Common Stock"
JWEL,Internet Retail,Jowell Global Ltd. - Ordinary Shares
JXG,Apparel Manufacturing,JX Luxventure Group Inc. - Common Stock
JXN,Insurance—Life,Jackson Financial Inc. Class A Common Stock
JYD,Integrated Freight & Logistics,Jayud Global Logistics Limited - Class A Ordinary Shares
JYNT,Medical Care Facilities,The Joint Corp. - Common Stock
JZXN,Auto & Truck Dealerships,"Jiuzi Holdings, Inc. - Ordinary Shares"
KAI,Specialty Industrial Machinery,Kadant Inc Common Stock
KALA,Biotechnology,"KALA BIO, Inc. - Common Stock"
KALU,Aluminum,Kaiser Aluminum Corporation - Common Stock
KAPA,Biotechnology,"Kairos Pharma, Ltd. Common Stock"
KARD,Biotechnology,"Kardigan, Inc. - Common Stock"
KARO,Software—Application,Karooooo Ltd. - Ordinary shares
KAZR,Engineering & Construction,Skyline Builders Group Holding Limited - Class A Ordinary Shares
KB,Banks—Regional,KB Financial Group Inc
KBDC,Asset Management,"Kayne Anderson BDC, Inc. Common Stock"
KBH,Residential Construction,KB Home Common Stock
KBON,Shell Companies,Karbon Capital Partners Corp. - Class A Ordinary Shares
KBR,Engineering & Construction,"KBR, Inc. Common Stock"
KBSX,Leisure,FST Corp. - Ordinary Shares
KCHV,Shell Companies,Kochav Defense Acquisition Corp. - Class A Ordinary Shares
KD,Information Technology Services,"Kyndryl Holdings, Inc. Common Stock"
KDK,Software—Infrastructure,"Kodiak AI, Inc. - Common Stock"
KDP,Beverages—Non-Alcoholic,Keurig Dr Pepper Inc. - Common Stock
KE,Electrical Equipment & Parts,"Kimball Electronics, Inc. - Common Stock"
KEEL,Information Technology Services,Keel Infrastructure Corp. - Common Stock
KELYA,Staffing & Employment Services,"Kelly Services, Inc. - Class A Common Stock"
KELYB,Staffing & Employment Services,"Kelly Services, Inc. - Class B Common Stock"
KEN,Utilities—Independent Power Producers,Kenon Holdings Ltd. Ordinary Shares
KEP,Utilities—Regulated Electric,Korea Electric Power Corporation Common Stock
KEQU,"Furnishings, Fixtures & Appliances",Kewaunee Scientific Corporation - Common Stock
KEX,Marine Shipping,Kirby Corporation Common Stock
KEY,Banks—Regional,KeyCorp Common Stock
KEYS,Scientific & Technical Instruments,Keysight Technologies Inc. Common Stock
KEYY,Shell Companies,Keystone Acquisition Corp. - Class A Ordinary Shares
KFFB,Banks—Regional,Kentucky First Federal Bancorp - Common Stock
KFII,Shell Companies,K&F Growth Acquisition Corp. II - Class A Ordinary shares
KFRC,Staffing & Employment Services,"Kforce, Inc. Common Stock"
KFY,Staffing & Employment Services,Korn Ferry Common Stock
KG,Insurance—Reinsurance,"Kestrel Group, Ltd. - Common Stock"
KGC,Gold,Kinross Gold Corporation Common Stock
KGEI,Oil & Gas E&P,Kolibri Global Energy Inc. - Common stock
KGS,Oil & Gas Equipment & Services,"Kodiak Gas Services, Inc. Common Stock"
KHC,Packaged Foods,The Kraft Heinz Company - Common Stock
KIDS,Medical Devices,OrthoPediatrics Corp. - Common Stock
KIDZ,Education & Training Services,KIDZ AI Inc. - Class B Common Stock
KIM,REIT—Retail,Kimco Realty Corporation (HC) Common Stock
KINS,Insurance—Property & Casualty,"Kingstone Companies, Inc - Common Stock"
KITT,Aerospace & Defense,"Nauticus Robotics, Inc. - Common stock"
KKR,Asset Management,KKR & Co. Inc. Common Stock
KLAC,Semiconductor Equipment & Materials,KLA Corporation  - Common Stock
KLAR,Credit Services,Klarna Group plc Ordinary Shares
KLC,Education & Training Services,"KinderCare Learning Companies, Inc. Common Stock"
KLIC,Semiconductor Equipment & Materials,"Kulicke and Soffa Industries, Inc. - Common Stock"
KLRA,Biotechnology,"Kailera Therapeutics, Inc. - Common stock"
KLRS,Biotechnology,"Kalaris Therapeutics, Inc.  - Common Stock"
KLTR,Software—Application,"Kaltura, Inc. - Common Stock"
KLXE,Oil & Gas Equipment & Services,"KLX Energy Services Holdings, Inc.  - Common Stock"
KMB,Household & Personal Products,Kimberly-Clark Corporation - Common Stock
KMDA,Drug Manufacturers—Specialty & Generic,Kamada Ltd. - Ordinary Shares
KMI,Oil & Gas Midstream,"Kinder Morgan, Inc. Common Stock"
KMPB,,Kemper Corporation 5.875% Fixed-Rate Reset Junior Subordinated Debentures due 2062
KMPR,Insurance—Property & Casualty,Kemper Corporation
KMRK,Leisure,K-Tech Solutions Company Limited - Class A Ordinary Shares
KMT,Tools & Accessories,Kennametal Inc. Common Stock
KMTS,Medical Instruments & Supplies,"Kestra Medical Technologies, Ltd. - Common Stock"
KMX,Auto & Truck Dealerships,CarMax Inc
KN,Electronic Components,Knowles Corporation Common Stock
KNDI,Recreational Vehicles,"Kandi Technologies Group, Inc. - Ordinary Shares"
KNF,Building Materials,Knife Riv Holding Co. Common Stock
KNRX,Software—Application,KNOREX LTD. Class A Ordinary Shares
KNSA,Drug Manufacturers—Specialty & Generic,"Kiniksa Pharmaceuticals International, plc - Class A Ordinary Shares"
KNSL,Insurance—Property & Casualty,"Kinsale Capital Group, Inc. Common Stock"
KNTK,Oil & Gas Midstream,Kinetik Holdings Inc. Class A Common Stock
KNX,Trucking,Knight-Swift Transportation Holdings Inc.
KO,Beverages—Non-Alcoholic,Coca-Cola Company (The) Common Stock
KOD,Biotechnology,Kodiak Sciences Inc - Common Stock
KODK,Specialty Business Services,Eastman Kodak Company Common New
KOP,Specialty Chemicals,Koppers Holdings Inc. Common Stock
KOPN,Electronic Components,Kopin Corporation - Common Stock
KOS,Oil & Gas E&P,Kosmos Energy Ltd. Common Shares (DE)
KOSS,Consumer Electronics,Koss Corporation - Common Stock
KOYN,Shell Companies,CSLM Digital Asset Acquisition Corp III - Class A Ordinary Shares
KPET,Shell Companies,KPET Ultra Paceline Corporation Class A Ordinary Shares
KPLT,Software—Infrastructure,"Katapult Holdings, Inc. - Common Stock"
KPRX,Biotechnology,"Kiora Pharmaceuticals, Inc.  - Common Stock"
KPTI,Biotechnology,Karyopharm Therapeutics Inc. - Common Stock
KR,Grocery Stores,Kroger Company (The) Common Stock
KRAQ,Shell Companies,KRAKacquisition Corp - Class A Ordinary Shares
KRC,REIT—Office,Kilroy Realty Corporation Common Stock
KRMD,Medical Instruments & Supplies,"KORU Medical Systems, Inc. - Common Stock"
KRMN,Aerospace & Defense,Karman Holdings Inc. Common Stock
KRNT,Specialty Industrial Machinery,Kornit Digital Ltd. - Ordinary Shares
KRNY,Banks—Regional,Kearny Financial - Common Stock
KRO,Specialty Chemicals,Kronos Worldwide Inc Common Stock
KROS,Biotechnology,"Keros Therapeutics, Inc. - common stock"
KRRO,Biotechnology,"Korro Bio, Inc. - Common Stock"
KRSA,Biotechnology,"Korsana Biosciences, Inc. - Common Stock"
KRSP,Shell Companies,Rice Acquisition Corporation 3 Class A Ordinary Shares
KRT,Packaging & Containers,Karat Packaging Inc. - Common Stock
KRUS,Restaurants,"Kura Sushi USA, Inc. - Class A Common Stock"
KRYS,Biotechnology,"Krystal Biotech, Inc. - Common Stock"
KSCP,Building Products & Equipment,"Knightscope, Inc. - Class A Common Stock"
KSPI,Software—Infrastructure,Joint Stock Company Kaspi.kz - American Depository Shares
KSS,Department Stores,Kohl's Corporation Common Stock
KT,Telecom Services,KT Corporation Common Stock
KTB,Apparel Manufacturing,"Kontoor Brands, Inc. Common Stock"
KTCC,Computer Hardware,Key Tronic Corporation - Common Stock
KTOS,Aerospace & Defense,"Kratos Defense & Security Solutions, Inc. - Common Stock"
KTTA,Biotechnology,Pasithea Therapeutics Corp. - Common Stock
KTWO,Shell Companies,K2 Capital Acquisition Corporation - Class A Ordinary Share
KULR,Electronic Components,"KULR Technology Group, Inc. Common Stock"
KURA,Biotechnology,"Kura Oncology, Inc. - Common Stock"
KUST,Entertainment,"Kustom Entertainment, Inc. - Common Stock"
KVHI,Telecom Services,"KVH Industries, Inc. - Common Stock"
KVUE,Household & Personal Products,Kenvue Inc. Common Stock
KVYO,Software—Application,"Klaviyo, Inc. Series A Common Stock"
KWR,Specialty Chemicals,Quaker Houghton Common Stock
KWY,Asset Management,Kingsway Corporation Common Stock
KXIN,Auto & Truck Dealerships,Kaixin Holdings - Ordinary Shares
KYIV,Telecom Services,Kyivstar Group Ltd. - Common Shares
KYMR,Biotechnology,"Kymera Therapeutics, Inc. - Common Stock"
KYNB,Biotechnology,"Kyntra Bio, Inc. - Common Stock"
KYTX,Biotechnology,"Kyverna Therapeutics, Inc. - Common Stock"
L,Insurance—Property & Casualty,Loews Corporation Common Stock
LAB,Medical Devices,Standard BioTools Inc. - Common Stock
LABT,Biotechnology,Lakewood-Amedex Biotherapeutics Inc. - Common Stock
LAC,Other Industrial Metals & Mining,Lithium Americas Corp. Common Shares
LAD,Auto & Truck Dealerships,"Lithia Motors, Inc. Common Stock"
LADR,REIT—Mortgage,Ladder Capital Corp Class A Common Stock
LAES,Semiconductors,SEALSQ Corp - Ordinary Shares
LAFA,Shell Companies,LaFayette Acquisition Corp. - Ordinary Share
LAKE,Apparel Manufacturing,"Lakeland Industries, Inc. - Common Stock"
LAMR,REIT—Specialty,Lamar Advertising Company - Class A Common Stock
LAND,REIT—Specialty,Gladstone Land Corporation - Common Stock
LANV,Luxury Goods,Lanvin Group Holdings Limited Ordinary Shares
LAR,Other Industrial Metals & Mining,Lithium Argentina AG Common Shares
LARK,Banks—Regional,Landmark Bancorp Inc. - Common Stock
LASE,Specialty Industrial Machinery,Laser Photonics Corporation - Common Stock
LASR,Semiconductors,"nLIGHT, Inc. - Common Stock"
LATA,Shell Companies,Galata Acquisition Corp. II - Class A Ordinary Shares
LAUR,Education & Training Services,"Laureate Education, Inc. - Common Stock"
LAW,Software—Application,"CS Disco, Inc. Common Stock"
LAZ,Capital Markets,"Lazard, Inc. Common Stock"
LB,Oil & Gas Equipment & Services,LandBridge Company LLC Class A Shares Representing Limited Liability Company Interests
LBGJ,Specialty Industrial Machinery,Li Bang International Corporation Inc. - Class A Ordinary Shares
LBRT,Oil & Gas Equipment & Services,Liberty Energy Inc. Class A common stock
LBRX,Biotechnology,LB Pharmaceuticals Inc - Common Stock
LBTYA,Telecom Services,Liberty Global Ltd. - Class A Common Shares
LBTYB,Telecom Services,Liberty Global Ltd. - Class B Common Shares
LBTYK,Telecom Services,Liberty Global Ltd. - Class C Common Shares
LCCC,Shell Companies,Lakeshore Acquisition III Corp. - Ordinary Shares
LCFY,Internet Content & Information,Locafy Limited - Ordinary Share
LCID,Auto Manufacturers,"Lucid Group, Inc. - Common Stock"
LCII,Recreational Vehicles,LCI Industries
LCLN,Capital Markets,"Lincoln International, Inc. Class A Common Stock"
LCNB,Banks—Regional,LCNB Corporation - Common Stock
LCTX,Biotechnology,"Lineage Cell Therapeutics, Inc. Common Stock"
LCUT,"Furnishings, Fixtures & Appliances","Lifetime Brands, Inc. - Common Stock"
LDI,Mortgage Finance,"loanDepot, Inc. Class A Common Stock"
LDOS,Information Technology Services,"Leidos Holdings, Inc. Common Stock"
LE,Apparel Retail,"Lands' End, Inc. - Common Stock"
LEA,Auto Parts,Lear Corporation Common Stock
LECO,Tools & Accessories,"Lincoln Electric Holdings, Inc. - Common Shares"
LEDS,Semiconductors,SemiLEDS Corporation - Common Stock
LEE,Publishing,"Lee Enterprises, Incorporated - Common Stock"
LEGH,Residential Construction,Legacy Housing Corporation - Common Stock
LEGO,Shell Companies,Legato Merger Corp. IV Ordinary Shares
LEN,Residential Construction,Lennar Corporation Class A Common Stock
LEN.B,Residential Construction,Lennar Corporation Class B
LENZ,Biotechnology,"LENZ Therapeutics, Inc. - Common Stock"
LEO,Asset Management,"BNY Mellon Strategic Municipals, Inc. Common Stock"
LESL,Specialty Retail,"Leslie's, Inc. - Common Stock"
LEU,Uranium,Centrus Energy Corp. Class A Common Stock
LEVI,Apparel Manufacturing,Levi Strauss & Co Class A Common Stock
LEXX,Biotechnology,Lexaria Bioscience Corp. - Common Stock
LFAC,Shell Companies,Leapfrog Acquisition Corporation - Class A Ordinary Shares
LFCR,Drug Manufacturers—Specialty & Generic,"Lifecore Biomedical, Inc. - Common Stock"
LFMD,Health Information Services,"LifeMD, Inc. - Common Stock"
LFST,Medical Care Facilities,"LifeStance Health Group, Inc. - Common Stock"
LFTO,Advertising Agencies,"Liftoff Mobile, Inc. - Common Stock"
LFUS,Electronic Components,"Littelfuse, Inc. - Common Stock"
LFVN,Packaged Foods,Lifevantage Corporation - Common Stock
LFWD,Medical Devices,Lifeward Ltd. - Ordinary Shares
LGCL,Software—Application,Lucas GC Limited - Class A Ordinary Shares
LGCY,Education & Training Services,Legacy Education Inc. Common Stock
LGIH,Residential Construction,"LGI Homes, Inc. - Common Stock"
LGL,Scientific & Technical Instruments,"LGL Group, Inc. (The) Common Stock"
LGN,Engineering & Construction,Legence Corp. - Class A Common stock
LGND,Biotechnology,Ligand Pharmaceuticals Incorporated - Common Stock
LGO,Other Industrial Metals & Mining,Largo Inc. - Common Shares
LGPS,Conglomerates,LogProstyle Inc. Common Shares
LGVN,Biotechnology,Longeveron Inc. - Class A Common stock
LH,Diagnostics & Research,Labcorp Holdings Inc. Common Stock
LHAI,Real Estate Services,Linkhome Holdings Inc. - Common stock
LHSW,Software—Infrastructure,Lianhe Sowell International Group Ltd - Class A Ordinary Shares
LHX,Aerospace & Defense,"L3Harris Technologies, Inc. Common Stock"
LICN,Specialty Business Services,Lichen International Limited - Class A Ordinary Shares
LIDR,Software—Infrastructure,"AEye, Inc. - Class A Common Stock"
LIEN,Asset Management,"Chicago Atlantic BDC, Inc. - Common Stock"
LIF,Software—Application,"Life360, Inc. - Common Stock"
LIFE,Insurance Brokers,Ethos Technologies Inc. - Class A Common Stock
LII,Building Products & Equipment,"Lennox International, Inc. Common Stock"
LILA,Telecom Services,Liberty Latin America Ltd. - Class A Common Stock
LILAK,Telecom Services,Liberty Latin America Ltd. - Class C Common Stock
LILAP,Telecom Services,Liberty Latin America Ltd. - 9.0% Fixed Rate Cumulative Perpetual Redeemable Series A Preference Shares
LIME,Rental & Leasing Services,"Neutron Holdings, Inc. - Common Stock"
LIMN,Biotechnology,"Liminatus Pharma, Inc. - Class A Common Stock"
LIN,Specialty Chemicals,Linde plc - Ordinary Shares
LINC,Education & Training Services,Lincoln Educational Services Corporation - Common Stock
LIND,Travel Services,Lindblad Expeditions Holdings Inc.  - Common Stock
LINE,REIT—Industrial,"Lineage, Inc. - Common Stock"
LINK,Electronic Components,"Interlink Electronics, Inc. - Common Stock"
LION,Entertainment,Lionsgate Studios Corp Common Shares
LIQT,Pollution & Treatment Controls,"LiqTech International, Inc. - Common Stock"
LITE,Communication Equipment,Lumentum Holdings Inc. - Common Stock
LITS,Biotechnology,"Lite Strategy, Inc. - Common Stock"
LIVE,Home Improvement Retail,Live Ventures Incorporated - Common Stock
LIVN,Medical Devices,LivaNova PLC - Ordinary Shares
LKFN,Banks—Regional,Lakeland Financial Corporation - Common Stock
LKQ,Auto Parts,LKQ Corporation - Common Stock
LKSP,Shell Companies,Lake Superior Acquisition Corp. - Class A Ordinary Shares
LLY,Drug Manufacturers—General,Eli Lilly and Company Common Stock
LLYVA,Entertainment,"Liberty Live Holdings, Inc. - Series A Liberty Live Group Common Stock"
LLYVK,Entertainment,"Liberty Live Holdings, Inc. - Series C Liberty Live Group Common Stock"
LMAT,Medical Instruments & Supplies,"LeMaitre Vascular, Inc. - Common Stock"
LMB,Building Products & Equipment,"Limbach Holdings, Inc. - Common Stock"
LMND,Insurance—Property & Casualty,"Lemonade, Inc. Common Stock"
LMNR,Farm Products,Limoneira Co - Common Stock
LMRI,Medical Devices,"Lumexa Imaging Holdings, Inc. - Common Stock"
LMT,Aerospace & Defense,Lockheed Martin Corporation Common Stock
LNAI,Biotechnology,Lunai Bioworks Inc. - Common Stock
LNC,Insurance—Life,Lincoln National Corporation Common Stock
LND,Farm Products,Brasilagro Brazilian Agric Real Estate Co Sponsored ADR (Brazil)
LNG,Oil & Gas Midstream,"Cheniere Energy, Inc. Common Stock"
LNKS,Electrical Equipment & Parts,Linkers Industries Limited - Class A Ordinary Shares
LNN,Farm & Heavy Construction Machinery,Lindsay Corporation Common Stock
LNSR,Medical Devices,"LENSAR, Inc. - Common Stock"
LNT,Utilities—Regulated Electric,Alliant Energy Corporation - Common Stock
LNTH,Drug Manufacturers—Specialty & Generic,"Lantheus Holdings, Inc. - Common Stock"
LNZA,Waste Management,"LanzaTech Global, Inc. - Common Stock"
LOAN,REIT—Mortgage,"Manhattan Bridge Capital, Inc - Common Stock"
LOAR,Aerospace & Defense,Loar Holdings Inc. Common Stock
LOB,Banks—Regional,"Live Oak Bancshares, Inc. Common Stock"
LOBO,Auto Manufacturers,LOBO TECHNOLOGIES LTD. - Class A Ordinary Shares
LOCL,Farm Products,Local Bounti Corporation Common Stock
LOCO,Restaurants,"El Pollo Loco Holdings, Inc. - Common Stock"
LODE,Other Precious Metals & Mining,Comstock Inc. Common Stock
LOGI,Computer Hardware,Logitech International S.A. - Registered Shares
LONA,Biotechnology,"LeonaBio, Inc. - Common Stock"
LOOP,Specialty Chemicals,"Loop Industries, Inc. - Common Stock"
LOPE,Education & Training Services,"Grand Canyon Education, Inc. - Common Stock"
LOVE,"Furnishings, Fixtures & Appliances",The Lovesac Company - Common Stock
LOW,Home Improvement Retail,"Lowe's Companies, Inc. Common Stock"
LPA,Real Estate—Development,Logistic Properties of the Americas Ordinary Shares
LPAA,Shell Companies,Launch One Acquisition Corp. - Class A Ordinary Shares
LPBB,Shell Companies,Launch Two Acquisition Corp. - Class A Ordinary Shares
LPCN,Biotechnology,Lipocine Inc. - Common Stock
LPCV,Shell Companies,Launchpad Cadenza Acquisition Corp I - Class A Ordinary Share
LPG,Oil & Gas Midstream,Dorian LPG Ltd. Common Stock
LPL,Consumer Electronics,"LG Display Co, Ltd AMERICAN DEPOSITORY SHARES"
LPLA,Capital Markets,LPL Financial Holdings Inc. - Common Stock
LPTH,Electronic Components,"LightPath Technologies, Inc. - Class A Common Stock"
LPX,Building Products & Equipment,Louisiana-Pacific Corporation Common Stock
LQDA,Drug Manufacturers—Specialty & Generic,Liquidia Corporation - Common Stock
LQDT,Internet Retail,"Liquidity Services, Inc. - Common Stock"
LRCX,Semiconductor Equipment & Materials,Lam Research Corporation - Common Stock
LRHC,Real Estate Services,La Rosa Holdings Corp. - Common Stock
LRMR,Biotechnology,"Larimar Therapeutics, Inc. - Common Stock"
LRN,Education & Training Services,"Stride, Inc. Common Stock"
LSAK,Software—Infrastructure,"Lesaka Technologies, Inc. - Common Stock"
LSBK,Banks—Regional,"Lake Shore Bancorp, Inc. - Common Stock"
LSCC,Semiconductors,Lattice Semiconductor Corporation - Common Stock
LSE,Oil & Gas Equipment & Services,"Leishen Energy Holding Co., Ltd. - Class A Ordinary Shares"
LSF,Packaged Foods,"Laird Superfood, Inc. Common Stock"
LSPD,Software—Application,Lightspeed Commerce Inc. Subordinate Voting Shares
LSTA,Biotechnology,"Lisata Therapeutics, Inc. - Common Stock"
LSTR,Integrated Freight & Logistics,"Landstar System, Inc. - Common Stock"
LTBR,Electrical Equipment & Parts,Lightbridge Corporation - Common Stock
LTC,REIT—Healthcare Facilities,"LTC Properties, Inc. Common Stock"
LTGO,Biotechnology,"Latigo Biotherapeutics, Inc. - Common Stock"
LTGR,Shell Companies,Long Table Growth Corp. - Class A Ordinary Shares
LTH,Leisure,"Life Time Group Holdings, Inc. Common Stock"
LTRN,Biotechnology,Lantern Pharma Inc. - Common Stock
LTRX,Communication Equipment,"Lantronix, Inc. - Common Stock"
LUCD,Medical Devices,Lucid Diagnostics Inc. - Common Stock
LUCK,Leisure,Lucky Strike Entertainment Corporation Class A Common Stock
LUCY,Medical Instruments & Supplies,"Innovative Eyewear, Inc. - Common Stock"
LUD,Steel,Luda Technology Group Limited Ordinary Shares
LULU,Apparel Retail,lululemon athletica inc. - Common Stock
LUMN,Telecom Services,"Lumen Technologies, Inc. Common Stock"
LUNG,Medical Devices,Pulmonx Corporation - Common Stock
LUNR,Aerospace & Defense,"Intuitive Machines, Inc. - Class A Common Stock"
LUV,Airlines,Southwest Airlines Company Common Stock
LVLU,Apparel Retail,"Lulu's Fashion Lounge Holdings, Inc. - Common Stock"
LVO,Internet Content & Information,"LiveOne, Inc. - Common Stock"
LVS,Resorts & Casinos,Las Vegas Sands Corp. Common Stock
LVWR,Recreational Vehicles,"LiveWire Group, Inc. Common Stock"
LW,Packaged Foods,"Lamb Weston Holdings, Inc. Common Stock"
LWAC,Shell Companies,LightWave Acquisition Corp. - Class A Ordinary Shares
LWAY,Packaged Foods,"Lifeway Foods, Inc. - Common Stock"
LWLG,Specialty Chemicals,"Lightwave Logic, Inc. - Common Stock"
LXEO,Biotechnology,"Lexeo Therapeutics, Inc. - Common Stock"
LXFR,Specialty Industrial Machinery,Luxfer Holdings PLC Ordinary Shares
LXRX,Biotechnology,"Lexicon Pharmaceuticals, Inc. - Common Stock"
LXU,Chemicals,"LSB Industries, Inc. Common Stock"
LYB,Specialty Chemicals,LyondellBasell Industries NV Ordinary Shares Class A (Netherlands)
LYEL,Biotechnology,"Lyell Immunopharma, Inc. - Common Stock"
LYFT,Software—Application,"Lyft, Inc. - Class A Common Stock"
LYNX,Aerospace & Defense,Lyntris Inc. Common Stock
LYTS,Electronic Components,LSI Industries Inc. - Common Stock
LYV,Entertainment,"Live Nation Entertainment, Inc. Common Stock"
LZ,Specialty Business Services,"LegalZoom.com, Inc. - Common Stock"
LZB,"Furnishings, Fixtures & Appliances",La-Z-Boy Incorporated Common Stock
LZM,Other Industrial Metals & Mining,Lifezone Metals Limited Ordinary Shares
LZMH,Information Technology Services,LZ Technology Holdings Limited - Class B Ordinary Shares
M,Department Stores,Macy's Inc Common Stock
MA,Credit Services,Mastercard Incorporated Common Stock
MAAS,Asset Management,Maase Inc. - Class A Ordinary Shares
MAC,REIT—Retail,Macerich Company (The) Common Stock
MACI,Shell Companies,Melar Acquisition Corp. I - Class A Ordinary Shares
MAGH,,Magnitude International Ltd - Ordinary Shares
MAGN,Household & Personal Products,Magnera Corporation Common Stock
MAIA,Biotechnology,"MAIA Biotechnology, Inc. Common Stock"
MAIN,Asset Management,Main Street Capital Corporation Common Stock
MAIR,Building Products & Equipment,Madison Air Solutions Corporation Class A Common Stock
MAKO,Gold,Mako Mining Corp - Common Stock
MAMA,Packaged Foods,"Mama's Creations, Inc. - Common Stock"
MAMK,,MaxsMaking Inc. - Class A Ordinary Shares
MAMO,Recreational Vehicles,Massimo Group - Common Stock
MAN,Staffing & Employment Services,ManpowerGroup Common Stock
MANE,Biotechnology,"Veradermics, Incorporated Common Stock"
MANH,Software—Application,"Manhattan Associates, Inc. - Common Stock"
MAR,Lodging,Marriott International - Class A Common Stock
MARA,Capital Markets,"MARA Holdings, Inc. - Common Stock"
MAS,Building Products & Equipment,Masco Corporation Common Stock
MASK,Software—Application,3 E Network Technology Group Ltd - Class A Ordinary Shares
MASS,Medical Devices,908 Devices Inc. - Common Stock
MAT,Leisure,"Mattel, Inc. - Common Stock"
MATH,Capital Markets,Metalpha Technology Holding Limited - Ordinary Shares
MATV,Specialty Chemicals,"Mativ Holdings, Inc. Common Stock"
MATW,Conglomerates,Matthews International Corporation - Class A Common Stock
MATX,Marine Shipping,"Matson, Inc. Common Stock"
MAX,Internet Content & Information,"MediaAlpha, Inc. Class A Common Stock"
MAYS,Real Estate Services,"J. W. Mays, Inc. - Common Stock"
MAZE,Biotechnology,"Maze Therapeutics, Inc. - Common Stock"
MB,Restaurants,MasterBeef Group - Ordinary Shares
MBAI,Software—Infrastructure,MBody AI Ltd. - Ordinary Share
MBBC,Banks—Regional,"Marathon Bancorp, Inc. - Common Stock"
MBC,"Furnishings, Fixtures & Appliances","MasterBrand, Inc. Common Stock"
MBGL,Software—Infrastructure,Mobility Global Inc. Common Stock
MBI,Insurance—Specialty,MBIA Inc. Common Stock
MBIN,Banks—Regional,Merchants Bancorp - Common Stock
MBIO,Biotechnology,"Mustang Bio, Inc. - Common Stock"
MBLY,Auto Parts,Mobileye Global Inc. - Class A Common Stock
MBOT,Medical Devices,Microbot Medical Inc.  - Common Stock
MBRX,Biotechnology,"Moleculin Biotech, Inc. - Common Stock"
MBUU,Recreational Vehicles,"Malibu Boats, Inc. - Common Stock"
MBVI,Shell Companies,M3-Brigade Acquisition VI Corp. - Class A Ordinary Shares
MBWM,Banks—Regional,Mercantile Bank Corporation - Common Stock
MBX,Biotechnology,"MBX Biosciences, Inc. - Common Stock"
MC,Capital Markets,Moelis & Company Class A Common Stock
MCAH,Shell Companies,Mountain Crest Acquisition 6 Corp. - Ordinary Shares
MCB,Banks—Regional,Metropolitan Bank Holding Corp. Common Stock
MCBS,Banks—Regional,"MetroCity Bankshares, Inc. - Common Stock"
MCD,Restaurants,McDonald's Corporation Common Stock
MCFT,Recreational Vehicles,"MasterCraft Boat Holdings, Inc. - Common Stock"
MCGA,Shell Companies,Yorkville Acquisition Corp. - Class A Ordinary Share
MCHB,Banks—Regional,Mechanics Bancorp - Class A Common Stock
MCHP,Semiconductors,Microchip Technology Incorporated - Common Stock
MCHX,Advertising Agencies,"Marchex, Inc. - Class B Common Stock"
MCI,Asset Management,Barings Corporate Investors Common Stock
MCK,Medical Distribution,McKesson Corporation Common Stock
MCO,Financial Data & Stock Exchanges,Moody's Corporation Common Stock
MCRB,Biotechnology,"Seres Therapeutics, Inc. - Common Stock"
MCRI,Resorts & Casinos,"Monarch Casino & Resort, Inc. - Common Stock"
MCRP,Computer Hardware,Micropolis AI Robotics Ordinary Shares
MCS,Entertainment,Marcus Corporation (The) Common Stock
MCTA,,Charming Medical Limited - Class A Ordinary Shares
MCY,Insurance—Property & Casualty,Mercury General Corporation Common Stock
MD,Medical Care Facilities,"Pediatrix Medical Group, Inc. Common Stock"
MDA,Aerospace & Defense,MDA Space Ltd. Common Shares
MDAI,Medical Devices,"Spectral AI, Inc. - Class A Common Stock"
MDB,Software—Infrastructure,"MongoDB, Inc. - Class A Common Stock"
MDBH,Capital Markets,"MDB Capital Holdings, LLC - Class A common"
MDCX,Drug Manufacturers—General,Medicus Pharma Ltd. - Common Stock
MDGL,Biotechnology,"Madrigal Pharmaceuticals, Inc. - Common Stock"
MDIA,Broadcasting,Mediaco Holding Inc. - Class A Common Stock
MDLN,Medical Instruments & Supplies,Medline Inc. - Class A common stock
MDLZ,Confectioners,"Mondelez International, Inc. - Class A Common Stock"
MDRR,Real Estate Services,"Medalist Diversified, Inc. - Common Stock"
MDT,Medical Devices,Medtronic plc. Ordinary Shares
MDU,Utilities—Regulated Gas,"MDU Resources Group, Inc. Common Stock (Holding Company)"
MDWD,Biotechnology,MediWound Ltd. - Ordinary Shares
MDXG,Biotechnology,"MiMedx Group, Inc - Common Stock"
MDXH,Diagnostics & Research,MDxHealth SA - Ordinary Shares
MEC,Metal Fabrication,"Mayville Engineering Company, Inc. Common Stock"
MED,Personal Services,MEDIFAST INC Common Stock
MEDP,Diagnostics & Research,"Medpace Holdings, Inc. - Common Stock"
MEDS,Medical Distribution,"DataMeds AI, Inc. - Common Stock"
MEGL,Capital Markets,Magic Empire Global Limited - Class A Ordinary Shares
MEI,Electronic Components,"Methode Electronics, Inc. Common Stock"
MELI,Internet Retail,"MercadoLibre, Inc. - Common Stock"
MENS,Biotechnology,Jyong Biotech Ltd. - Ordinary shares
MEOH,Chemicals,Methanex Corporation - Common Stock
MERC,Paper & Paper Products,Mercer International Inc. - Common Stock
MESH,Shell Companies,Meshflow Acquisition Corp. - Class A Ordinary Shares
MET,Insurance—Life,"MetLife, Inc. Common Stock"
META,Internet Content & Information,"Meta Platforms, Inc. - Class A Common Stock"
METC,Coking Coal,"Ramaco Resources, Inc. - Class A Common Stock"
METCB,Coking Coal,"Ramaco Resources, Inc. - Class B Common Stock"
MEVO,Shell Companies,M Evo Global Acquisition Corp II - Class A Ordinary Shares
MF,Advertising Agencies,MindForge Inc. - Class A Ordinary Shares
MFA,REIT—Mortgage,"MFA Financial, Inc."
MFC,Insurance—Life,Manulife Financial Corporation Common Stock
MFG,Banks—Regional,"Mizuho Financial Group, Inc. Sponosred ADR (Japan)"
MFI,Software—Application,mF International Limited - Class A Ordinary Shares
MFIN,Credit Services,Medallion Financial Corp. - Common Stock
MFP,Specialty Industrial Machinery,"Midera Food Processing, Inc. - Common Stock"
MG,Security & Protection Services,Mistras Group Inc Common Stock
MGA,Auto Parts,"Magna International, Inc. Common Stock"
MGEE,Utilities—Regulated Electric,MGE Energy Inc. - Common Stock
MGIH,Packaging & Containers,Millennium Group International Holdings Limited - Ordinary Shares
MGLD,Asset Management,"The Marygold Companies, Inc. Common Stock"
MGM,Resorts & Casinos,MGM Resorts International Common Stock
MGN,Engineering & Construction,Megan Holdings Limited - Class A Ordinary Shares
MGNI,Advertising Agencies,"Magnite, Inc. - Common Stock"
MGNX,Biotechnology,"MacroGenics, Inc. - Common Stock"
MGPI,Beverages—Wineries & Distilleries,"MGP Ingredients, Inc. - Common Stock"
MGRC,Rental & Leasing Services,McGrath RentCorp - Common Stock
MGRT,Information Technology Services,Mega Fortune Company Limited - Ordinary Shares
MGRX,Health Information Services,"Mangoceuticals, Inc. - Common Stock"
MGTX,Biotechnology,MeiraGTx Holdings plc - Ordinary Shares
MGX,Biotechnology,"Metagenomi Therapeutics, Inc. - Common Stock"
MGY,Oil & Gas E&P,Magnolia Oil & Gas Corporation Class A Common Stock
MGYR,Banks—Regional,"Magyar Bancorp, Inc. - Common Stock"
MH,Education & Training Services,"McGraw Hill, Inc. Common Stock"
MHH,Staffing & Employment Services,"Mastech Digital, Inc Common Stock"
MHK,"Furnishings, Fixtures & Appliances","Mohawk Industries, Inc. Common Stock"
MHO,Residential Construction,"M/I Homes, Inc. Common Stock"
MI,Internet Retail,NFT Limited Class A Ordinary Share
MIAC,Shell Companies,Meridian3 Industrials Acquisition Corp - Class A Ordinary Shares
MIAX,Capital Markets,"Miami International Holdings, Inc. Common Stock"
MICC,Packaged Foods,The Magnum Ice Cream Company N.V. Ordinary Shares
MIDD,Specialty Industrial Machinery,The Middleby Corporation - Common Stock
MIMI,Engineering & Construction,Mint Incorporation Limited - Class A Ordinary Shares
MIND,Scientific & Technical Instruments,"MIND Technology, Inc. - Common Stock"
MINE,Gold,Mayfair Gold Corp. Common Shares
MIR,Specialty Industrial Machinery,"Mirion Technologies, Inc. Class A Common Stock"
MIRA,Drug Manufacturers—General,"MIRA Pharmaceuticals, Inc. - Common Stock"
MIRM,Biotechnology,"Mirum Pharmaceuticals, Inc. - common stock"
MIST,Biotechnology,Milestone Pharmaceuticals Inc. - Common Shares
MITK,Software—Application,"Mitek Systems, Inc. - Common Stock"
MITQ,Communication Equipment,"Moving iMage Technologies, Inc. Common Stock"
MKC,Packaged Foods,"McCormick & Company, Incorporated Common Stock"
MKC.V,Packaged Foods,"McCormick & Company, Incorporated Common Stock"
MKDW,Auto Parts,MKDWELL Tech Inc. - Ordinary Shares
MKL,Insurance—Property & Casualty,Markel Group Inc. Common Stock
MKLY,Shell Companies,McKinley Acquisition Corporation - Class A Ordinary Shares
MKSI,Scientific & Technical Instruments,MKS Inc. - Common Stock
MKTW,Financial Data & Stock Exchanges,"MarketWise, Inc. - Class A Common Stock"
MKTX,Capital Markets,"MarketAxess Holdings, Inc. - Common Stock"
MKZR,REIT—Diversified,"MacKenzie Realty Capital, Inc. - Common Stock"
MLAA,Shell Companies,Mountain Lake Acquisition Corp. II - Class A Ordinary Shares
MLAB,Scientific & Technical Instruments,"Mesa Laboratories, Inc. - Common Stock"
MLCI,Asset Management,Mount Logan Capital Inc. - Common Stock
MLEC,Biotechnology,Moolec Science SA - Ordinary Shares
MLGO,Software—Infrastructure,"MicroAlgo, Inc. - Ordinary Shares"
MLI,Metal Fabrication,"Mueller Industries, Inc. Common Stock"
MLKN,"Furnishings, Fixtures & Appliances","MillerKnoll, Inc. - Common Stock"
MLM,Building Materials,"Martin Marietta Materials, Inc. Common Stock"
MLP,Real Estate Services,"Maui Land & Pineapple Company, Inc. Common Stock"
MLPB,,"ETRACS Alerian MLP Infrastructure Index ETN Series B due April 2, 2040"
MLR,Auto Parts,"Miller Industries, Inc. Common Stock"
MLSS,Medical Instruments & Supplies,"Milestone Scientific, Inc. Common Stock"
MLTX,Biotechnology,MoonLake Immunotherapeutics - Class A Ordinary Shares
MLYS,Biotechnology,"Mineralys Therapeutics, Inc. - Common Stock"
MMA,Leisure,Mixed Martial Arts Group Limited Ordinary Shares
MMED,Medical Instruments & Supplies,"MiniMed Group, Inc. - Common Stock"
MMI,Real Estate Services,"Marcus & Millichap, Inc. Common Stock"
MMM,Conglomerates,3M Company Common Stock
MMS,Specialty Business Services,"Maximus, Inc. Common Stock"
MMSI,Medical Instruments & Supplies,"Merit Medical Systems, Inc. - Common Stock"
MMTX,Shell Companies,Miluna Acquisition Corp - Class A Ordinary Shares
MMYT,Travel Services,MakeMyTrip Limited - Ordinary Shares
MNDO,Software—Application,MIND C.T.I. Ltd. - Ordinary Shares
MNDR,Health Information Services,Mobile-health Network Solutions - Class A Ordinary Shares
MNDY,Software—Application,monday.com Ltd. - Ordinary Shares
MNKD,Biotechnology,MannKind Corporation - Common Stock
MNOV,Biotechnology,"MediciNova, Inc. - Common Stock"
MNPR,Biotechnology,Monopar Therapeutics Inc. - Common Stock
MNRO,Auto Parts,"Monro, Inc.  - Common Stock"
MNSB,Banks—Regional,"MainStreet Bancshares, Inc. - Common Stock"
MNST,Beverages—Non-Alcoholic,Monster Beverage Corporation - Common Stock
MNTK,Specialty Chemicals,"Montauk Renewables, Inc. - Common Stock"
MNTN,Software—Application,"MNTN, Inc. Class A Common Stock"
MNTS,Aerospace & Defense,Momentus Inc. - Class A Common Stock
MNY,Internet Content & Information,MoneyHero Limited - Class A Ordinary Shares
MO,Tobacco,"Altria Group, Inc."
MOB,Aerospace & Defense,Mobilicom Limited - Ordinary Shares
MOBI,Medical Devices,"Mobia Medical, Inc. - Common Stock"
MOBX,Semiconductors,"Mobix Labs, Inc. - Class A Common Stock"
MOD,Auto Parts,Modine Manufacturing Company Common Stock
MODD,Medical Devices,"Modular Medical, Inc. - common stock"
MOG.A,Aerospace & Defense,Moog Inc. Class A Common Stock
MOG.B,Aerospace & Defense,Moog Inc. Class B Common Stock
MOH,Healthcare Plans,Molina Healthcare Inc Common Stock
MORN,Financial Data & Stock Exchanges,"Morningstar, Inc. - Common Stock"
MOS,Agricultural Inputs,Mosaic Company (The) Common Stock
MOV,Luxury Goods,Movado Group Inc. Common Stock
MOVE,Software—Infrastructure,"Corvex, Inc. - Common Stock"
MP,Other Industrial Metals & Mining,MP Materials Corp. Common Stock
MPAA,Auto Parts,"Motorcar Parts of America, Inc. - Common Stock"
MPB,Banks—Regional,Mid Penn Bancorp - Common Stock
MPC,Oil & Gas Refining & Marketing,Marathon Petroleum Corporation Common Stock
MPLT,Biotechnology,"MapLight Therapeutics, Inc. - Common Stock"
MPTI,Electronic Components,"M-tron Industries, Inc. Common Stock"
MPU,Entertainment,Mega Matrix Inc. Class A Ordinary Shares
MPV,Asset Management,Barings Participation Investors Common Stock
MPWR,Semiconductors,"Monolithic Power Systems, Inc. - Common Stock"
MQ,Software—Infrastructure,"Marqeta, Inc. - Class A Common Stock"
MRAM,Semiconductors,"Everspin Technologies, Inc. - Common Stock"
MRBK,Banks—Regional,Meridian Corporation - Common Stock
MRCO,Shell Companies,Mercator Acquisition Corp. - Class A Ordinary Shares
MRCY,Aerospace & Defense,Mercury Systems Inc - Common Stock
MRDN,Gambling,Meridian Holdings Inc. - Common Stock
MRK,Drug Manufacturers—General,"Merck & Company, Inc. Common Stock (new)"
MRKR,Biotechnology,"Marker Therapeutics, Inc. - Common Stock"
MRLN,Aerospace & Defense,"Merlin, Inc. - Common Stock"
MRNA,Biotechnology,"Moderna, Inc. - Common Stock"
MRNO,Real Estate—Development,Murano Global Investments PLC - Ordinary Shares
MRP,REIT—Residential,"Millrose Properties, Inc. Class A Common Stock"
MRSH,Insurance Brokers,Marsh Common Stock
MRT,Software—Application,"Marti Technologies, Inc. Class A Ordinary Shares"
MRTN,Trucking,"Marten Transport, Ltd. - Common Stock"
MRVI,Biotechnology,"Maravai LifeSciences Holdings, Inc. - Class A common stock"
MRVL,Semiconductors,"Marvell Technology, Inc. - Common Stock"
MRX,Capital Markets,Marex Group Limited - Ordinary Shares
MS,Capital Markets,Morgan Stanley Common Stock
MS-A,,Morgan Stanley Dep Shs repstg 1/1000 Pfd Ser A
MS-F,,Morgan Stanley Dep Shs Rpstg 1/1000th Int Prd Ser F Fxd to Flag
MSA,Security & Protection Services,MSA Safety Incorporated Common Stock
MSAI,Electronic Components,"MultiSensor AI Holdings, Inc. - Common Stock"
MSBI,Banks—Regional,"Midland States Bancorp, Inc. - Common Stock"
MSCI,Financial Data & Stock Exchanges,MSCI Inc. Common Stock
MSEX,Utilities—Regulated Water,Middlesex Water Company - Common Stock
MSFT,US mega-cap technology,Microsoft
MSGE,Entertainment,Madison Square Garden Entertainment Corp. Class A Common Stock
MSGM,Electronic Gaming & Multimedia,Motorsport Games Inc. - Class A Common Stock
MSGS,Entertainment,Madison Square Garden Sports Corp. Class A Common Stock (New)
MSGY,Engineering & Construction,Masonglory Limited - Class A Ordinary Shares
MSI,Communication Equipment,"Motorola Solutions, Inc. Common Stock"
MSLE,Biotechnology,Satellos Bioscience Inc. - Common Stock
MSM,Industrial Distribution,"MSC Industrial Direct Company, Inc. Common Stock"
MSN,Consumer Electronics,Emerson Radio Corporation Common Stock
MSS,Grocery Stores,Maison Solutions Inc. - Class A Common Stock
MSTR,Software—Application,Strategy Inc - Class A Common Stock
MT,Steel,Arcelor Mittal NY Registry Shares NEW
MTA,Other Precious Metals & Mining,Metalla Royalty & Streaming Ltd. Common Shares
MTAL,Shell Companies,Metals Acquisition Corp. II Class A Ordinary Shares
MTB,Banks—Regional,M&T Bank Corporation Common Stock
MTC,Capital Markets,"MMTec, Inc. - Common Shares"
MTCH,Internet Content & Information,"Match Group, Inc. - Common Stock"
MTD,Diagnostics & Research,"Mettler-Toledo International, Inc. Common Stock"
MTDR,Oil & Gas E&P,Matador Resources Company Common Stock
MTEK,Electronic Components,Maris-Tech Ltd. - ordinary shares
MTEN,Metal Fabrication,Mingteng International Corporation Inc. - Class A Ordinary Shares
MTEX,Food Distribution,"Mannatech, Incorporated - Common Stock"
MTG,Insurance—Specialty,MGIC Investment Corporation Common Stock
MTH,Residential Construction,Meritage Homes Corporation Common Stock
MTN,Resorts & Casinos,"Vail Resorts, Inc. Common Stock"
MTNB,Biotechnology,"Matinas Biopharma Holdings, Inc. Common Stock"
MTNE,Shell Companies,CH4 Natural Solutions Corporation Class A Ordinary Shares
MTRN,Other Industrial Metals & Mining,Materion Corporation
MTRX,Engineering & Construction,Matrix Service Company - Common Stock
MTSI,Semiconductors,"MACOM Technology Solutions Holdings, Inc. - Common Stock"
MTUS,Steel,Metallus Inc. Common Shares
MTVA,Biotechnology,MetaVia Inc.  - Common Stock
MTW,Farm & Heavy Construction Machinery,"Manitowoc Company, Inc. (The) Common Stock"
MTX,Specialty Chemicals,Minerals Technologies Inc. Common Stock
MTZ,Engineering & Construction,"MasTec, Inc. Common Stock"
MU,Semiconductors,"Micron Technology, Inc. - Common Stock"
MUFG,Banks—Diversified,"Mitsubishi UFJ Financial Group, Inc. Common Stock"
MUR,Oil & Gas E&P,Murphy Oil Corporation Common Stock
MUSA,Specialty Retail,Murphy USA Inc. Common Stock
MUX,Other Precious Metals & Mining,McEwen Inc. Common Stock
MUZE,Shell Companies,Muzero Acquisition Corp - Class A Ordinary Shares
MVBF,Banks—Regional,MVB Financial Corp. - Common Stock
MVIS,Scientific & Technical Instruments,"MicroVision, Inc. - Common Stock"
MVST,Auto Parts,"Microvast Holdings, Inc. - Common Stock"
MWA,Specialty Industrial Machinery,MUELLER WATER PRODUCTS Common Stock
MWG,Rental & Leasing Services,Multi Ways Holdings Limited Class A Ordinary Shares
MWH,Utilities—Renewable,"SOLV Energy, Inc. - Class A common stock"
MWYN,"Furnishings, Fixtures & Appliances","Marwynn Holdings, Inc. - Common stock"
MX,Semiconductors,Magnachip Semiconductor Corporation Common Stock
MXC,Oil & Gas E&P,Mexco Energy Corporation Common Stock
MXCT,Medical Devices,"MaxCyte, Inc. - Common Stock"
MXL,Semiconductors,"MaxLinear, Inc - Common Stock"
MYE,Packaging & Containers,"Myers Industries, Inc. Common Stock"
MYFW,Banks—Regional,"First Western Financial, Inc. - Common Stock"
MYGN,Diagnostics & Research,"Myriad Genetics, Inc. - Common Stock"
MYO,Medical Devices,Myomo Inc. Common Stock
MYPS,Electronic Gaming & Multimedia,"PLAYSTUDIOS, Inc.  - Class A Common Stock"
MYRG,Engineering & Construction,"MYR Group, Inc. - Common Stock"
MYSE,Software—Application,"Myseum.AI, Inc. - Common Stock"
MYSZ,Apparel Retail,"My Size, Inc. - Common Stock"
MYX,Shell Companies,Maywood Acquisition Corp. 2 - Class A Ordinary Share
MZTI,Packaged Foods,The Marzetti Company - Common Stock
MZYX,Shell Companies,MOZAYYX Acquisition Corp. Class A Ordinary Shares
NABL,Information Technology Services,"N-able, Inc. Common Stock"
NAGE,Biotechnology,"Niagen Bioscience, Inc. - Common Stock"
NAII,Packaged Foods,"Natural Alternatives International, Inc. - Common Stock"
NAK,Other Industrial Metals & Mining,"Northern Dynasty Minerals, Ltd. Common Stock"
NAKA,Capital Markets,Nakamoto Inc. - Common Stock
NAMM,Gold,Namib Minerals - Ordinary Shares
NAMS,Biotechnology,NewAmsterdam Pharma Company N.V. - Ordinary Shares
NAT,Oil & Gas Midstream,Nordic American Tankers Limited Common Stock
NATH,Restaurants,"Nathan's Famous, Inc. - Common Stock"
NATL,Software—Application,NCR Atleos Corporation Common Stock
NATR,Packaged Foods,"Nature's Sunshine Products, Inc. - Common Stock"
NAUT,Biotechnology,"Nautilus Biotechnology, Inc. - Common Stock"
NAVI,Credit Services,Navient Corporation - Common Stock
NAVN,Software—Application,"Navan, Inc. - Class A Common Stock"
NB,Other Industrial Metals & Mining,NioCorp Developments Ltd. - Common Stock
NBBK,Banks—Regional,"NB Bancorp, Inc. - Common Stock"
NBHC,Banks—Regional,National Bank Holdings Corporation Common Stock
NBIS,Internet Content & Information,Nebius Group N.V. - Class A Ordinary Shares
NBIX,Drug Manufacturers—Specialty & Generic,"Neurocrine Biosciences, Inc. - Common Stock"
NBN,Banks—Regional,Northeast Bank - Common Stock
NBR,Oil & Gas Drilling,Nabors Industries Ltd.
NBRG,Shell Companies,Newbridge Acquisition Limited - Class A Ordinary Share
NBTB,Banks—Regional,NBT Bancorp Inc. - Common Stock
NBTX,Biotechnology,Nanobiotix S.A. - ADSs
NC,Thermal Coal,"NACCO Industries, Inc. Common Stock"
NCDL,Asset Management,Nuveen Churchill Direct Lending Corp. Common Stock
NCEL,Biotechnology,NewcelX Ltd. - Ordinary Shares
NCEW,Integrated Freight & Logistics,New Century Logistics (BVI) Limited - Ordinary Shares
NCI,Apparel Manufacturing,Neo-Concept International Group Holdings Limited - Class A Ordinary Shares
NCLH,Travel Services,Norwegian Cruise Line Holdings Ltd. Ordinary Shares
NCMI,Advertising Agencies,"National CineMedia, Inc. - Common Stock"
NCNO,Software—Application,"nCino, Inc. - Common Stock"
NCO,Shell Companies,Southern Cross Acquisition I Corp. - Ordinary Shares
NCPL,Capital Markets,Netcapital Inc. - Common Stock
NCRA,Packaged Foods,"Nocera, Inc. - common stock"
NCT,Marine Shipping,Intercont (Cayman) Limited - Class A Ordinary shares
NCTY,Capital Markets,The9 Limited - American Depository Shares
NDAQ,Financial Data & Stock Exchanges,"Nasdaq, Inc. - Common Stock"
NDLS,Restaurants,Noodles & Company - Class A Common Stock
NDRA,Diagnostics & Research,ENDRA Life Sciences Inc. - Common Stock
NDSN,Specialty Industrial Machinery,Nordson Corporation - Common Stock
NE,Oil & Gas Drilling,Noble Corporation plc A Ordinary Shares
NEE,Utilities—Regulated Electric,"NextEra Energy, Inc. Common Stock"
NEE-N,,"NextEra Energy Capital Holdings Inc. Series N Junior Subordinated Debentures due March 1, 2079"
NEE-U,,"NextEra Energy, Inc. Series U Junior Subordinated Debentures due June 1, 2085"
NEE-W,,"NextEra Energy Capital Holdings Inc. Series Z Junior Subordinated Debentures due April 15, 2086"
NEGG,Internet Retail,"Newegg Commerce, Inc. - Common Shares"
NEM,Gold,Newmont Corporation
NEO,Diagnostics & Research,"NeoGenomics, Inc. - Common Stock"
NEOG,Medical Devices,Neogen Corporation - Common Stock
NEON,Electronic Components,Neonode Inc. - Common Stock
NEOV,Electrical Equipment & Parts,NeoVolta Inc. - Common Stock
NEPH,Medical Instruments & Supplies,"Nephros, Inc. - Common Stock"
NERV,Biotechnology,"Minerva Neurosciences, Inc - Common Stock"
NET,Software—Infrastructure,"Cloudflare, Inc. Class A Common Stock"
NEU,Specialty Chemicals,NewMarket Corp Common Stock
NEUP,Biotechnology,Neuphoria Therapeutics Inc. - Common Stock
NEWP,Silver,New Pacific Metals Corp. Common Shares
NEWT,Banks—Regional,"NewtekOne, Inc. - Common Stock"
NEXA,Other Industrial Metals & Mining,Nexa Resources S.A. Common Shares
NEXM,Other Industrial Metals & Mining,NexMetals Mining Corp. - Common Stock
NEXN,Advertising Agencies,Nexxen International Ltd. - Ordinary Shares
NEXR,Internet Retail,Nexera Technologies Ltd - Ordinary Shares
NEXT,Oil & Gas Equipment & Services,NextDecade Corporation - Common Stock
NFE,Oil & Gas Midstream,New Fortress Energy Inc. - Class A Common Stock
NFG,Oil & Gas Integrated,National Fuel Gas Company Common Stock
NFGC,Gold,New Found Gold Corp Common Shares
NG,Gold,Novagold Resources Inc.
NGEN,Biotechnology,NervGen Pharma Corp. - Common stock
NGNE,Biotechnology,Neurogene Inc. - Common Stock
NGS,Oil & Gas Equipment & Services,"Natural Gas Services Group, Inc. Common Stock"
NGVC,Grocery Stores,"Natural Grocers by Vitamin Cottage, Inc. Common Stock"
NGVT,Specialty Chemicals,Ingevity Corporation Common Stock
NHC,Medical Care Facilities,National HealthCare Corporation Common Stock
NHI,REIT—Healthcare Facilities,"National Health Investors, Inc. Common Stock"
NHIC,Shell Companies,NewHold Investment Corp III - Class A Ordinary shares
NHIV,Shell Companies,NewHold Investment Corp IV - Class A Ordinary Shares
NHP,REIT—Healthcare Facilities,"National Healthcare Properties, Inc. - Class A Common Stock"
NHTC,Internet Retail,Natural Health Trends Corp. - Common Stock
NI,Utilities—Regulated Gas,NiSource Inc Common Stock
NIC,Banks—Regional,Nicolet Bankshares Inc. Common Stock
NIKI,Biotechnology,"Niki BioSolutions, Inc. - Common Stock"
NINE,Oil & Gas Equipment & Services,"Nine Energy Service, Inc. Common Stock"
NIQ,Software—Application,NIQ Global Intelligence plc Ordinary Shares
NIVF,Medical Care Facilities,NewGenIvf Group Limited - Class A Ordinary Shares
NIXX,Telecom Services,"Nixxy, Inc. - Common Stock"
NJR,Utilities—Regulated Gas,NewJersey Resources Corporation Common Stock
NKE,Footwear & Accessories,"Nike, Inc. Common Stock"
NKLR,Utilities—Regulated Electric,Terra Innovatum Global N.V. - Ordinary shares
NKSH,Banks—Regional,"National Bankshares, Inc. - Common Stock"
NKTR,Biotechnology,Nektar Therapeutics - Common Stock
NKTX,Biotechnology,"Nkarta, Inc. - Common Stock"
NL,Security & Protection Services,"NLI Holdings, Inc. Common Stock"
NLOP,REIT—Office,Net Lease Office Properties Common Shares of Beneficial Interest
NLY,REIT—Mortgage,Annaly Capital Management Inc. Common Stock
NLY-F,,Annaly Capital Management Inc 6.95% Series F
NMAD,Electrical Equipment & Parts,"Nomad Power Solutions, Inc. - Common Stock"
NMAX,Broadcasting,"Newsmax, Inc. Class B Common Stock"
NMFC,Asset Management,New Mountain Finance Corporation - Common Stock
NMG,Other Industrial Metals & Mining,Nouveau Monde Graphite Inc. Common Shares
NMIH,Insurance—Specialty,NMI Holdings Inc - Common Stock
NMP,Shell Companies,NMP Acquisition Corp. - Class A Ordinary Shares
NMRA,Biotechnology,"Neumora Therapeutics, Inc. - Common Stock"
NMRK,Real Estate Services,"Newmark Group, Inc. - Class A Common Stock"
NMTC,Medical Devices,NeuroOne Medical Technologies Corporation - Common Stock
NN,Software—Infrastructure,NextNav Inc. - Common stock
NNBR,Conglomerates,"NN, Inc. - Common Stock"
NNE,Specialty Industrial Machinery,Nano Nuclear Energy Inc. - common stock
NNI,Credit Services,"Nelnet, Inc. Common Stock"
NNN,REIT—Retail,"NNN REIT, Inc. Common Stock"
NNNN,Medical Instruments & Supplies,Anbio Biotechnology - Class A Ordinary Shares
NNOX,Medical Devices,NANO-X IMAGING LTD - Ordinary Shares
NNVC,Biotechnology,"NanoViricides, Inc. Common Stock"
NOA,Oil & Gas Equipment & Services,North American Construction Group Ltd. Common Shares (no par)
NOC,Aerospace & Defense,Northrop Grumman Corporation Common Stock
NODK,Insurance—Property & Casualty,"NI Holdings, Inc. - Common Stock"
NOEM,Shell Companies,CO2 Energy Transition Corp. - Common Stock
NOG,Oil & Gas E&P,"Northern Oil and Gas, Inc. Common Stock"
NOMA,Leisure,NOMADAR Corp. - Class A Common Stock
NOMD,Packaged Foods,Nomad Foods Limited Ordinary Shares
NOV,Oil & Gas Equipment & Services,NOV Inc. Common Stock
NOVT,Scientific & Technical Instruments,Novanta Inc. - Common Shares
NOW,Software—Application,"ServiceNow, Inc. Common Stock"
NP,Insurance Brokers,Neptune Insurance Holdings Inc. Class A Common Stock
NPAC,Shell Companies,New Providence Acquisition Corp. III - Ordinary Shares
NPB,Banks—Regional,"Northpointe Bancshares, Inc. Common Stock"
NPCE,Medical Devices,"Neuropace, Inc. - Common Stock"
NPK,Aerospace & Defense,"National Presto Industries, Inc. Common Stock"
NPKI,Building Products & Equipment,NPK International Inc. Common Stock
NPO,Specialty Industrial Machinery,Enpro Inc. Common Stock
NPT,Specialty Retail,Texxon Holding Limited - Ordinary shares
NPWR,Specialty Industrial Machinery,NET Power Inc. Class A Common Stock
NRC,Health Information Services,NRC Health - Common Stock
NRDS,Internet Content & Information,"NerdWallet, Inc. - Class A Common Stock"
NRDY,Software—Application,Nerdy Inc. Class A Common Stock
NREF,REIT—Mortgage,"NexPoint Real Estate Finance, Inc. Common Stock"
NRG,Utilities—Independent Power Producers,"NRG Energy, Inc. Common Stock"
NRGV,Utilities—Renewable,"Energy Vault Holdings, Inc. Common Stock"
NRIM,Banks—Regional,Northrim BanCorp Inc - Common Stock
NRIX,Biotechnology,"Nurix Therapeutics, Inc. - Common stock"
NRP,Thermal Coal,Natural Resource Partners LP Limited Partnership
NRSN,Biotechnology,NeuroSense Therapeutics Ltd. - Ordinary Shares
NRXP,Biotechnology,"NRX Pharmaceuticals, Inc. - Common Stock"
NRXS,Biotechnology,"Neuraxis, Inc. Common Stock"
NSAI,Shell Companies,NorthStrive Acquisition Corp I. - Class A Ordinary Shares
NSC,Railroads,Norfolk Southern Corporation Common Stock
NSIT,Electronics & Computer Distribution,"Insight Enterprises, Inc. - Common Stock"
NSP,Staffing & Employment Services,"Insperity, Inc. Common Stock"
NSPR,Medical Devices,InspireMD Inc. - Common Stock
NSRX,Drug Manufacturers—General,Nasus Pharma Ltd. Ordinary Shares
NSSC,Security & Protection Services,"NAPCO Security Technologies, Inc. - Common Stock"
NSTS,Banks—Regional,"NSTS Bancorp, Inc. - Common Stock"
NSYS,Medical Devices,Nortech Systems Incorporated - Common Stock
NTAP,Software—Infrastructure,"NetApp, Inc. - Common Stock"
NTB,Banks—Diversified,Bank of N.T. Butterfield & Son Limited (The) Voting Ordinary Shares
NTCL,Software—Application,NETCLASS TECHNOLOGY INC - Class A Ordinary Shares
NTCT,Software—Infrastructure,"NetScout Systems, Inc. - Common Stock"
NTGR,Communication Equipment,"NETGEAR, Inc. - Common Stock"
NTHI,Biotechnology,"NeOnc Technologies Holdings, Inc. - Common Stock"
NTIC,Specialty Chemicals,Northern Technologies International Corporation - Common Stock
NTIP,Specialty Business Services,"Network-1 Technologies, Inc. Common Stock"
NTLA,Biotechnology,"Intellia Therapeutics, Inc. - Common Stock"
NTNX,Software—Infrastructure,"Nutanix, Inc. - Class A Common Stock"
NTR,Agricultural Inputs,Nutrien Ltd. Common Shares
NTRA,Diagnostics & Research,"Natera, Inc. - Common Stock"
NTRB,Biotechnology,Nutriband Inc. - Common Stock
NTRP,Travel Services,"NextTrip, Inc. - Common Stock"
NTSK,Software—Infrastructure,"Netskope, Inc. - Class A Common Stock"
NTST,REIT—Retail,NetSTREIT Corp. Common Stock
NTWK,Software—Application,NETSOL Technologies Inc. - Common Stock
NTWO,Shell Companies,Newbury Street II Acquisition Corp - Class A Ordinary Shares
NU,Banks—Regional,Nu Holdings Ltd. Class A Ordinary Shares
NUAI,Software—Infrastructure,"New Era Energy & Digital, Inc. - Common Stock"
NUCL,Uranium,Eagle Nuclear Energy Corp. - Common stock
NUE,Steel,Nucor Corporation Common Stock
NUR,Communication Equipment,Nuran Wireless Inc. - Common Shares
NUS,Household & Personal Products,"Nu Skin Enterprises, Inc. Common Stock"
NUTX,Medical Care Facilities,Nutex Health Inc. - Common Stock
NUVB,Biotechnology,Nuvation Bio Inc. Class A Common Stock
NUWE,Medical Devices,"Nuwellis, Inc. - Common Stock"
NVA,Other Industrial Metals & Mining,Nova Minerals Corp Common Stock
NVAX,Biotechnology,"Novavax, Inc. - Common Stock"
NVCR,Medical Devices,NovoCure Limited - Ordinary Shares
NVCT,Biotechnology,"Nuvectis Pharma, Inc. - Common Stock"
NVDA,US mega-cap technology,NVIDIA
NVEC,Semiconductors,NVE Corporation - Common Stock
NVGS,Oil & Gas Midstream,Navigator Holdings Ltd. Ordinary Shares (Marshall Islands)
NVMI,Semiconductor Equipment & Materials,Nova Ltd. - Ordinary Shares
NVNI,Software—Application,Nvni Group Limited - Ordinary Shares
NVNO,Medical Devices,enVVeno Medical Corporation - Common Stock
NVO,Drug Manufacturers—General,Novo Nordisk A/S Common Stock
NVR,Residential Construction,"NVR, Inc. Common Stock"
NVRI,Waste Management,Enviri Corporation Common Stock
NVS,Drug Manufacturers—General,Novartis AG Common Stock
NVST,Medical Instruments & Supplies,Envista Holdings Corporation Common Stock
NVT,Electrical Equipment & Parts,nVent Electric plc Ordinary Shares
NVTS,Semiconductors,Navitas Semiconductor Corporation - Common Stock
NVX,Electrical Equipment & Parts,NOVONIX Limited - American Depository Shares
NWAX,Shell Companies,New America Acquisition I Corp. Class A Common Stock
NWBI,Banks—Regional,"Northwest Bancshares, Inc. - Common Stock"
NWE,Utilities—Regulated Electric,"NorthWestern Energy Group, Inc.  - Common Stock"
NWFL,Banks—Regional,Norwood Financial Corp. - Common Stock
NWL,Household & Personal Products,Newell Brands Inc. - Common Stock
NWN,Utilities—Regulated Gas,Northwest Natural Holding Company Common Stock
NWPX,Steel,"NWPX Infrastructure, Inc. - Common Stock"
NWS,Entertainment,News Corporation - Class B Common Stock
NWSA,Entertainment,News Corporation - Class A Common Stock
NWTG,Leisure,"Newton Golf Company, Inc. - Common Stock"
NX,Building Products & Equipment,Quanex Building Products Corporation Common Stock
NXAT,Entertainment,Nexus Advanced Technologies Inc. - Ordinary Shares
NXB,Auto & Truck Dealerships,NextBoat Inc. Common Stcok
NXDR,Internet Content & Information,"Nextdoor Holdings, Inc. Class A Common Stock"
NXE,Uranium,Nexgen Energy Ltd. Common Shares
NXGL,Medical Instruments & Supplies,"NexGel, Inc - Common Stock"
NXH,Internet Retail,"Neighborhood Intelligence, Inc.  - Common Stock"
NXL,Medical Devices,"Nexalin Technology, Inc. - Common Stock"
NXP,Asset Management,Nuveen Select Tax Free Income Portfolio Common Stock
NXPI,Semiconductors,NXP Semiconductors N.V. - Common Stock
NXPL,Software—Application,NextPlat Corp - Common Stock
NXST,Broadcasting,"Nexstar Media Group, Inc. - Common Stock"
NXT,Solar,Nextpower Inc. - Common Stock
NXTC,Biotechnology,"NextCure, Inc. - Common Stock"
NXTS,Agricultural Inputs,Nexentis Technologies Inc. - Common Stock
NXTT,Software—Application,Next Technology Holding Inc. - Ordinary Shares
NXXT,Utilities—Renewable,"NextNRG, Inc. - Common Stock"
NYAX,Software—Infrastructure,Nayax Ltd. - Ordinary Shares
NYC,Real Estate Services,American Strategic Investment Co. Class A Common Stock
NYT,Publishing,New York Times Company (The) Common Stock
NYXH,Medical Instruments & Supplies,Nyxoah SA - Ordinary Shares
O,REIT—Retail,Realty Income Corporation Common Stock
OABI,Biotechnology,"OmniAb, Inc. - Common Stock"
OACC,Shell Companies,Oaktree Acquisition Corp. III Life Sciences - Class A Ordinary Share
OBA,Shell Companies,Oxley Bridge Acquisition Limited - Class A Ordinary Shares
OBDC,Asset Management,Blue Owl Capital Corporation Common Stock
OBE,Oil & Gas E&P,Obsidian Energy Ltd. Common Shares
OBIO,Biotechnology,"Orchestra BioMed Holdings, Inc. - Ordinary Shares"
OBK,Banks—Regional,"Origin Bancorp, Inc. Common Stock"
OBT,Banks—Regional,"Orange County Bancorp, Inc. - Common Stock"
OBX,Biotechnology,"Obsidian Therapeutics, Inc. - Common Stock"
OC,Building Products & Equipment,Owens Corning Inc Common Stock New
OCAC,Shell Companies,Ocean Capital Acquisition Corporation Ordinary Shares
OCC,Communication Equipment,Optical Cable Corporation - Common Stock
OCFC,Banks—Regional,OceanFirst Financial Corp. - Common Stock
OCG,Internet Retail,Oriental Culture Holding LTD - Ordinary Shares
OCGN,Biotechnology,"Ocugen, Inc. - Common Stock"
OCS,Biotechnology,Oculis Holding AG - Ordinary shares
OCTV,Software—Application,Octave Intelligence plc - Class B Ordinary Shares
OCUL,Biotechnology,"Ocular Therapeutix, Inc. - Common Stock"
ODC,Specialty Chemicals,Oil-Dri Corporation Of America Common Stock
ODD,Household & Personal Products,ODDITY Tech Ltd. - Class A Ordinary Shares
ODFL,Trucking,"Old Dominion Freight Line, Inc. - Common Stock"
ODTX,Biotechnology,"Odyssey Therapeutics, Inc. - Common Stock"
ODYS,Scientific & Technical Instruments,Odysight.ai Inc. - Common Stock
OEC,Specialty Chemicals,Orion S.A. Common Shares
OESX,Electrical Equipment & Parts,"Orion Energy Systems, Inc. - Common Stock"
OFAL,Engineering & Construction,OFA Group - Class A Ordinary Shares
OFG,Banks—Regional,OFG Bancorp Common Stock
OFIX,Medical Devices,Orthofix Medical Inc.  - Common Stock
OFLX,Specialty Industrial Machinery,"Omega Flex, Inc. - Common Stock"
OFRM,Packaged Foods,"Once Upon a Farm, PBC Common Stock"
OGC,Gold,OceanaGold Corporation Common Shares
OGE,Utilities—Regulated Electric,OGE Energy Corp Common Stock
OGEN,Biotechnology,Oragenics Inc. Common Stock
OGG,Gold,Osisko Gold Group Inc. Common Shares
OGI,Drug Manufacturers—Specialty & Generic,Organigram Global Inc. - Common Shares
OGN,Drug Manufacturers—General,Organon & Co. Common Stock
OGS,Utilities—Regulated Gas,"ONE Gas, Inc. Common Stock"
OHAC,Shell Companies,Oceanhawk Acquisition Corp. - Class A Ordinary Shares
OHI,REIT—Healthcare Facilities,"Omega Healthcare Investors, Inc. Common Stock"
OI,Packaging & Containers,"O-I Glass, Inc. Common Stock"
OII,Oil & Gas Equipment & Services,"Oceaneering International, Inc. Common Stock"
OIM,Shell Companies,OneIM Acquisition Corp. - Class A Ordinary Shares
OIO,Waste Management,OIO Group - Ordinary Shares
OIS,Oil & Gas Equipment & Services,"Oil States International, Inc. Common Stock"
OKE,Oil & Gas Midstream,"ONEOK, Inc. Common Stock"
OKLO,Utilities—Independent Power Producers,Oklo Inc. Class A common stock
OKTA,Software—Infrastructure,"Okta, Inc. - Class A Common Stock"
OKUR,Biotechnology,"OnKure Therapeutics, Inc. - Class A Common Stock"
OKYO,Biotechnology,OKYO Pharma Limited - Ordinary Shares
OLB,Software—Infrastructure,"The OLB Group, Inc. - Common Stock"
OLED,Electronic Components,Universal Display Corporation - Common Stock
OLLI,Discount Stores,"Ollie's Bargain Outlet Holdings, Inc. - Common Stock"
OLMA,Biotechnology,"Olema Pharmaceuticals, Inc. - Common Stock"
OLN,Chemicals,Olin Corporation Common Stock
OLOX,Metal Fabrication,Olenox Industries Inc. - Common Stock
OLP,REIT—Diversified,"One Liberty Properties, Inc. Common Stock"
OM,Medical Devices,"Outset Medical, Inc. - Common Stock"
OMC,Advertising Agencies,Omnicom Group Inc. Common Stock
OMCL,Health Information Services,"Omnicell, Inc. - Common Stock"
OMDA,Health Information Services,"Omada Health, Inc. - Common Stock"
OMER,Biotechnology,Omeros Corporation - Common Stock
OMEX,Other Industrial Metals & Mining,"Odyssey Marine Exploration, Inc. - Common Stock"
OMF,Credit Services,"OneMain Holdings, Inc. Common Stock"
OMH,Real Estate Services,Ohmyhome Limited - Class A Ordinary Shares
OMSE,Oil & Gas Equipment & Services,OMS Energy Technologies Inc. - Ordinary Shares
ON,Semiconductors,ON Semiconductor Corporation - Common Stock
ONB,Banks—Regional,Old National Bancorp - Common Stock
ONCH,Shell Companies,1RT Acquisition Corp. - Class A Ordinary Share
ONCO,Biotechnology,"Onconetix, Inc.  - Common Stock"
ONCY,Biotechnology,Oncolytics Biotech Inc. - Common Stock
ONDS,Communication Equipment,Ondas Inc - Common Stock
ONEG,Engineering & Construction,OneConstruction Group Limited - Ordinary Shares
ONEW,Specialty Retail,OneWater Marine Inc. - Class A Common Stock
ONFO,Internet Content & Information,Onfolio Holdings Inc. - Common Stock
ONIT,Mortgage Finance,Onity Group Inc. Common Stock
ONL,REIT—Office,Orion Properties Inc. Common Stock
ONMD,Health Information Services,OneMedNet Corp - Class A Common Stock
ONON,Footwear & Accessories,On Holding AG Class A Ordinary Shares
ONT,Waste Management,"Onterris, Inc. Common Stock"
ONTO,Semiconductor Equipment & Materials,Onto Innovation Inc. Common Stock
OOMA,Software—Application,"Ooma, Inc. Common Stock"
OPAD,Real Estate Services,Offerpad Solutions Inc.  - Class A Common Stock
OPAL,Engineering & Construction,OPAL Fuels Inc. - Class A Common Stock
OPBK,Banks—Regional,OP Bancorp - Common Stock
OPCH,Medical Care Facilities,"Option Care Health, Inc. - Common Stock"
OPEN,Real Estate Services,Opendoor Technologies Inc  - Common Stock
OPFI,Credit Services,OppFi Inc. Class A Common Stock
OPHC,Banks—Regional,"OptimumBank Holdings, Inc. Common Stock"
OPK,Diagnostics & Research,"Opko Health, Inc. - Common Stock"
OPLN,Auto & Truck Dealerships,"OPENLANE, Inc. Common Stock"
OPRT,Credit Services,Oportun Financial Corporation - common stock
OPRX,Health Information Services,OptimizeRx Corporation - Common Stock
OPTH,Drug Manufacturers—Specialty & Generic,Optimi Health Corp. - Common Shares
OPTT,Specialty Industrial Machinery,"Ocean Power Technologies, Inc. Common Stock"
OPTU,Telecom Services,"Optimum Communications, Inc. Class A common stock"
OPTX,Electronic Components,"Syntec Optics Holdings, Inc. - Class A Common Stock"
OPXS,Aerospace & Defense,"Optex Systems Holdings, Inc. - Common Stock"
OPY,Capital Markets,"Oppenheimer Holdings, Inc. Class A Common Stock (DE)"
OR,Gold,OR Royalties Inc. Common Shares
ORA,Utilities—Renewable,"Ormat Technologies, Inc. Common Stock"
ORBS,Packaging & Containers,Eightco Holdings Inc. - Common Stock
ORC,REIT—Mortgage,"Orchid Island Capital, Inc. Common Stock"
ORCL,Software—Infrastructure,Oracle Corporation Common Stock
ORGO,Drug Manufacturers—Specialty & Generic,Organogenesis Holdings Inc.  - Class A
ORI,Insurance—Property & Casualty,Old Republic International Corporation Common Stock
ORIC,Biotechnology,"Oric Pharmaceuticals, Inc. - Common Stock"
ORIO,Software—Infrastructure,Orion Digital Corp. - Common Shares
ORIQ,Shell Companies,Origin Investment Corp I - Ordinary Shares
ORKA,Biotechnology,"Oruka Therapeutics, Inc. - Common Stock"
ORKT,Software—Application,Orangekloud Technology Inc. - Class A Ordinary Shares
ORLY,Auto Parts,"O'Reilly Automotive, Inc. - Common Stock"
ORMP,Biotechnology,Oramed Pharmaceuticals Inc. - Common Stock
ORN,Engineering & Construction,"Orion Group Holdings, Inc. Common"
ORRF,Banks—Regional,"Orrstown Financial Services, Inc. - Common Stock"
OSBC,Banks—Regional,"Old Second Bancorp, Inc. - Common Stock"
OSCR,Healthcare Plans,"Oscar Health, Inc. Class A Common Stock"
OSG,Insurance—Specialty,"Octave Specialty Group, Inc. Common Stock"
OSIS,Electronic Components,"OSI Systems, Inc. - Common Stock"
OSK,Farm & Heavy Construction Machinery,Oshkosh Corporation (Holding Company)Common Stock
OSPN,Software—Infrastructure,OneSpan Inc. - Common Stock
OSPR,Shell Companies,Osprey Acquisition Corp. III - Class A Ordinary Shares
OSS,Computer Hardware,"One Stop Systems, Inc. - Common Stock"
OST,,"Ostin Technology Group Co., Ltd. - Class A Ordinary Shares"
OSTX,Biotechnology,OS Therapies Incorporated Common Stock
OSUR,Medical Instruments & Supplies,"OraSure Technologies, Inc. - Common Stock"
OSW,Leisure,OneSpaWorld Holdings Limited - Common Shares
OTAI,Shell Companies,Starlink AI Acquisition Corporation Ordinary Shares
OTEX,Software—Application,Open Text Corporation - Common Shares
OTF,Asset Management,Blue Owl Technology Finance Corp. Common Stock
OTGA,Shell Companies,OTG Acquisition Corp. I - Class A Ordinary Share
OTIS,Specialty Industrial Machinery,Otis Worldwide Corporation Common Stock
OTLK,Biotechnology,"Outlook Therapeutics, Inc. - Common Stock"
OTTR,Conglomerates,Otter Tail Corporation - Common Stock
OUST,Electronic Components,"Ouster, Inc. - Common Stock"
OUT,REIT—Specialty,OUTFRONT Media Inc. Common Stock
OVBC,Banks—Regional,Ohio Valley Banc Corp. - Common Stock
OVID,Biotechnology,Ovid Therapeutics Inc. - Common Stock
OVLY,Banks—Regional,Oak Valley Bancorp (CA) - Common Stock
OVV,Oil & Gas E&P,Ovintiv Inc. (DE)
OWL,Asset Management,Blue Owl Capital Inc. Class A Common Stock
OWLS,Software—Infrastructure,OBOOK Holdings Inc. - Class A Common Shares
OWLT,Medical Devices,"Owlet, Inc. Class A Common Stock"
OXBR,Insurance—Reinsurance,Oxbridge Re Holdings Limited - Ordinary Shares
OXM,Apparel Manufacturing,"Oxford Industries, Inc. Common Stock"
OXY,Oil & Gas E&P,Occidental Petroleum Corporation Common Stock
OYSE,Shell Companies,Oyster Enterprises II Acquisition Corp - Class A Ordinary Shares
OZK,Banks—Regional,Bank OZK - Common Stock
P,Computer Hardware,"Everpure, Inc. Class A common stock"
PAAC,Shell Companies,Proem Acquisition Corp I - Ordinary Shares
PAAI,Internet Content & Information,"Paradium.AI, Inc. Common Stock"
PAAS,Gold,Pan American Silver Corp. Common Stock
PAC,Airports & Air Services,"Grupo Aeroportuario Del Pacifico, S.A. B. de C.V. Grupo Aeroportuario Del Pacifico, S.A. de C.V. (each representing 10 Series B shares)"
PACB,Medical Devices,"Pacific Biosciences of California, Inc. - Common Stock"
PACH,Shell Companies,Pioneer Acquisition I Corp - Class A Ordinary Shares
PACK,Packaging & Containers,Ranpak Holdings Corp Class A Common Stock
PACS,Medical Care Facilities,"PACS Group, Inc. Common Stock"
PAG,Auto & Truck Dealerships,"Penske Automotive Group, Inc. Common Stock"
PAGP,Oil & Gas Midstream,"Plains GP Holdings, L.P. - Class A Shares representing limited partner interests"
PAGS,Software—Infrastructure,PagSeguro Digital Ltd. Class A Common Shares
PAHC,Drug Manufacturers—Specialty & Generic,Phibro Animal Health Corporation - Class A Common Stock
PAII,Shell Companies,Pyrophyte Acquisition Corp. II Class A Ordinary Shares
PAL,Integrated Freight & Logistics,"Proficient Auto Logistics, Inc. - Common Stock"
PALI,Biotechnology,"Palisade Bio, Inc. - Common Stock"
PALO,Shell Companies,Paloma Acquisition Corp I - Class A Ordinary Shares
PAM,Conglomerates,Pampa Energia S.A.
PAMT,Trucking,PAMT CORP - Common Stock
PANL,Marine Shipping,Pangaea Logistics Solutions Ltd. - Common Stock
PANW,Software—Infrastructure,"Palo Alto Networks, Inc. - Common Stock"
PAPL,Mortgage Finance,Pineapple Financial Inc. Common Stock
PAR,Software—Application,PAR Technology Corporation Common Stock
PARA,Software—Application,"Banzai International, Inc. - Class A Common Stock"
PARK,Medical Care Facilities,"Park Dental Partners, Inc. - Common Stock"
PARR,Oil & Gas Refining & Marketing,"Par Pacific Holdings, Inc.  Common Stock"
PASG,Biotechnology,"Passage Bio, Inc. - Common Stock"
PASW,Textile Manufacturing,"Ping An Biomedical Co., Ltd. - Class A Ordinary Shares"
PATH,Software—Infrastructure,"UiPath, Inc. Class A Common Stock"
PATK,Recreational Vehicles,"Patrick Industries, Inc. - Common Stock"
PAVM,Medical Devices,PAVmed Inc. - Common Stock
PAVS,Packaged Foods,Paranovus Entertainment Technology Ltd. - Class A Ordinary Shares
PAX,Asset Management,Patria Investments Limited - Class A Common Shares
PAY,Software—Infrastructure,"Paymentus Holdings, Inc. Class A Common Stock"
PAYC,Software—Application,"Paycom Software, Inc. Common Stock"
PAYO,Software—Infrastructure,Payoneer Global Inc. - Common Stock
PAYP,Software—Infrastructure,PayPay Corporation - American Depository Shares
PAYS,Software—Infrastructure,"Paysign, Inc. - Common Stock"
PAYX,Software—Application,"Paychex, Inc. - Common Stock"
PB,Banks—Regional,"Prosperity Bancshares, Inc. Common Stock"
PBA,Oil & Gas Midstream,Pembina Pipeline Corp. Ordinary Shares (Canada)
PBAM,Banks—Regional,"Private Bancorp of America, Inc. - Common Stock"
PBF,Oil & Gas Refining & Marketing,PBF Energy Inc. Class A Common Stock
PBFS,Banks—Regional,"Pioneer Bancorp, Inc. - Common Stock"
PBH,Drug Manufacturers—Specialty & Generic,Prestige Consumer Healthcare Inc. Common Stock
PBHC,Banks—Regional,"Pathfinder Bancorp, Inc. - Common Stock"
PBI,Integrated Freight & Logistics,Pitney Bowes Inc. Common Stock
PBK,Utilities—Renewable,PowerBank Corporation - Common Stock
PBLS,Biotechnology,"Parabilis Medicines, Inc. - Common Stock"
PBM,Biotechnology,Psyence Biomedical Ltd. - Common Shares
PBYI,Biotechnology,Puma Biotechnology Inc - Common Stock
PC,,Premium Catering (Holdings) Limited - Ordinary Shares
PCAP,Shell Companies,ProCap Acquisition Corp - Class A Ordinary Shares
PCAR,Farm & Heavy Construction Machinery,PACCAR Inc. - Common Stock
PCB,Banks—Regional,PCB Bancorp - Common Stock
PCG,Utilities—Regulated Electric,Pacific Gas & Electric Co. Common Stock
PCOR,Software—Application,"Procore Technologies, Inc. Common Stock"
PCRX,Drug Manufacturers—Specialty & Generic,"Pacira BioSciences, Inc. - Common Stock"
PCSA,Biotechnology,"Processa Pharmaceuticals, Inc. - Common Stock"
PCT,Pollution & Treatment Controls,"PureCycle Technologies, Inc. - Common stock"
PCTY,Software—Application,Paylocity Holding Corporation - Common Stock
PCVX,Biotechnology,"Vaxcyte, Inc. - Common Stock"
PCYO,Utilities—Regulated Water,Pure Cycle Corporation - Common Stock
PD,Software—Application,"PagerDuty, Inc. Common Stock"
PDCC,Asset Management,Pearl Diver Credit Company Inc. Common Stock
PDEX,Medical Instruments & Supplies,"Pro-Dex, Inc. - Common Stock"
PDFS,Software—Application,"PDF Solutions, Inc. - Common Stock"
PDLB,Banks—Regional,"Ponce Financial Group, Inc. - Common Stock"
PDS,Oil & Gas Drilling,Precision Drilling Corporation Common Stock
PDSB,Biotechnology,PDS Biotechnology Corporation - Common Stock
PDYN,Software—Infrastructure,Palladyne AI Corp. - Common stock
PEBK,Banks—Regional,"Peoples Bancorp of North Carolina, Inc. - Common Stock"
PEBO,Banks—Regional,Peoples Bancorp Inc. - Common Stock
PECE,Shell Companies,Peace Acquisition Corp - Ordinary Shares
PECO,REIT—Retail,"Phillips Edison & Company, Inc. - Common Stock"
PED,Oil & Gas E&P,Pedevco Corp. Common Stock
PEG,Utilities—Regulated Electric,Public Service Enterprise Group Incorporated Common Stock
PEGA,Software—Application,Pegasystems Inc. - Common Stock
PEN,Medical Devices,"Penumbra, Inc. Common Stock"
PENG,Information Technology Services,"Penguin Solutions, Inc. - Common Stock"
PENN,Resorts & Casinos,"PENN Entertainment, Inc. - Common Stock"
PEP,Beverages—Non-Alcoholic,"PepsiCo, Inc. - Common Stock"
PEPG,Biotechnology,PepGen Inc. - Common Stock
PERF,Software—Application,Perfect Corp. Class A Ordinary Share
PERI,Internet Content & Information,Perion Network Ltd - Ordinary Shares
PESI,Waste Management,"Perma-Fix Environmental Services, Inc. - Common Stock"
PETS,Pharmaceutical Retailers,"PetMed Express, Inc. - Common Stock"
PETZ,Real Estate Services,"TDH Holdings, Inc. - Common Shares"
PEW,Aerospace & Defense,GrabAGun Digital Holdings Inc. Common Stock
PFAI,Farm Products,Pinnacle Food Group Limited - Class A Common Shares
PFE,Drug Manufacturers—General,"Pfizer, Inc. Common Stock"
PFG,Asset Management,Principal Financial Group Inc - Common Stock
PFGC,Food Distribution,Performance Food Group Company Common Stock
PFIS,Banks—Regional,Peoples Financial Services Corp.  - Common Stock
PFLT,Asset Management,PennantPark Floating Rate Capital Ltd. Common Stock
PFS,Banks—Regional,"Provident Financial Services, Inc Common Stock"
PFSA,Medical Devices,"Profusa, Inc. - Common Stock"
PFSI,Mortgage Finance,"PennyMac Financial Services, Inc. Common Stock"
PFX,Asset Management,PhenixFIN Corporation  - Common Stock
PG,Household & Personal Products,Procter & Gamble Company (The) Common Stock
PGAC,Shell Companies,Pantages Capital Acquisition Corporation - Class A Ordinary Shares
PGC,Banks—Regional,Peapack-Gladstone Financial Corporation - Common Stock
PGEN,Biotechnology,"Precigen, Inc. - Common Stock"
PGNY,Healthcare Plans,"Progyny, Inc. - Common Stock"
PGR,Insurance—Property & Casualty,Progressive Corporation (The) Common Stock
PGY,Software—Infrastructure,Pagaya Technologies Ltd. - Class A Ordinary Shares
PH,Specialty Industrial Machinery,Parker-Hannifin Corporation Common Stock
PHAT,Biotechnology,"Phathom Pharmaceuticals, Inc. - Common Stock"
PHG,Medical Devices,Koninklijke Philips N.V. NY Registry Shares
PHGE,Aerospace & Defense,BiomX Inc. Common Stock
PHI,Telecom Services,PLDT Inc. Sponsored ADR
PHIN,Auto Parts,PHINIA Inc. Common Stock
PHIO,Biotechnology,Phio Pharmaceuticals Corp. - Common Stock
PHM,Residential Construction,"PulteGroup, Inc. Common Stock"
PHOE,Engineering & Construction,Phoenix Asia Holdings Limited - Ordinary Shares
PHR,Health Information Services,"Phreesia, Inc. Common Stock"
PHUN,Software—Application,"Phunware, Inc. - Common Stock"
PHVS,Biotechnology,Pharvaris N.V. - Ordinary Shares
PI,Semiconductors,"Impinj, Inc. - Common Stock"
PICS,Software—Infrastructure,PicS N.V. - Class A Common Shares
PII,Recreational Vehicles,Polaris Inc. Common Stock
PIII,Medical Care Facilities,P3 Health Partners Inc. - Class A Common Stock
PINS,Internet Content & Information,"Pinterest, Inc. Class A Common Stock"
PIPR,Capital Markets,Piper Sandler Companies Common Stock
PJT,Capital Markets,PJT Partners Inc. Class A Common Stock
PK,REIT—Hotel & Motel,Park Hotels & Resorts Inc. Common Stock
PKBK,Banks—Regional,"Parke Bancorp, Inc. - Common Stock"
PKE,Aerospace & Defense,Park Aerospace Corp. Common Stock
PKG,Packaging & Containers,Packaging Corporation of America Common Stock
PKOH,Specialty Industrial Machinery,Park-Ohio Holdings Corp. - Common Stock
PL,Aerospace & Defense,Planet Labs PBC Class A Common Stock
PLAB,Semiconductor Equipment & Materials,"Photronics, Inc. - Common Stock"
PLAG,Conglomerates,Planet Green Holdings Corp. Common Stock
PLAY,Entertainment,"Dave & Buster's Entertainment, Inc. - Common Stock"
PLBC,Banks—Regional,Plumas Bancorp - Common Stock
PLBL,Department Stores,Polibeli Group Ltd - Class A Ordinary Shares
PLBY,Leisure,"Playboy, Inc. - Common Stock"
PLCE,Apparel Manufacturing,"Children's Place, Inc. (The) - Common Stock"
PLCI,Shell Companies,Pelican Acquisition II Corporation - Ordinary Shares
PLD,REIT—Industrial,"Prologis, Inc. Common Stock"
PLG,Other Precious Metals & Mining,Platinum Group Metals Ltd. Ordinary Shares (Canada)
PLGO,Insurance—Diversified,Pelagos Insurance Capital Limited Common Shares
PLMK,Shell Companies,Plum Acquisition Corp. IV - Class A Ordinary Shares
PLMR,Insurance—Property & Casualty,"Palomar Holdings, Inc. - Common stock"
PLNT,Leisure,"Planet Fitness, Inc. Common Stock"
PLOW,Auto Parts,"Douglas Dynamics, Inc. Common Stock"
PLPC,Electrical Equipment & Parts,Preformed Line Products Company - Common Stock
PLRX,Biotechnology,"Pliant Therapeutics, Inc. - Common Stock"
PLRZ,Biotechnology,Polyrizon Ltd. - Ordinary Shares
PLSE,Medical Instruments & Supplies,"Pulse Biosciences, Inc - Common Stock"
PLSM,Medical Devices,Pulsenmore Ltd. - Ordinary Shares
PLTK,Electronic Gaming & Multimedia,Playtika Holding Corp. - Common Stock
PLTR,Software—Infrastructure,Palantir Technologies Inc. - Class A Common Stock
PLTS,,Platinum Analytics Cayman Limited - Class A Ordinary Shares
PLUG,Electrical Equipment & Parts,"Plug Power, Inc. - Common Stock"
PLUN,Shell Companies,Plutonian Acquisition Corp II Class A Ordinary Shares
PLUR,Biotechnology,Pluri Inc. - Common Stock
PLUS,Software—Application,ePlus inc. - Common Stock
PLUT,Capital Markets,Plutus Financial Group Limited - Ordinary Shares
PLX,Biotechnology,"Protalix BioTherapeutics, Inc. (DE) Common Stock"
PLXS,Electronic Components,Plexus Corp. - Common Stock
PLYX,Biotechnology,"Polaryx Therapeutics, Inc. - Common Stock"
PM,Tobacco,Philip Morris International Inc Common Stock
PMA,Engineering & Construction,PMA Graphene Technology Group Inc. - Class A Ordinary Shares
PMAX,Capital Markets,Powell Max Limited - Class A Ordinary Shares
PMCB,Biotechnology,"PharmaCyte  Biotech, Inc. - Common Stock"
PMEC,Specialty Business Services,Primech Holdings Ltd. - Ordinary Shares
PMI,Medical Devices,"Picard Medical, Inc. Common Stock"
PMN,Biotechnology,ProMIS Neurosciences Inc. - Common Shares
PMTR,Shell Companies,Perimeter Acquisition Corp. I - Class A Ordinary Shares
PMTS,Credit Services,CPI Card Group Inc. - Common Stock
PMVP,Biotechnology,"PMV Pharmaceuticals, Inc. - Common Stock"
PN,Solar,PN Smart Energy Limited - Class A Ordinary Shares
PNBK,Banks—Regional,Patriot National Bancorp Inc. - Common Stock
PNC,Banks—Regional,"PNC Financial Services Group, Inc. (The) Common Stock"
PNFP,Banks—Regional,"Pinnacle Financial Partners, Inc. Common stock"
PNNT,Asset Management,PennantPark Investment Corporation Common Stock
PNR,Specialty Industrial Machinery,Pentair plc. Ordinary Share
PNRG,Oil & Gas E&P,PrimeEnergy Resources Corporation - Common Stock
PNTG,Medical Care Facilities,"The Pennant Group, Inc. - Common Stock"
PNW,Utilities—Regulated Electric,Pinnacle West Capital Corporation Common Stock
POAS,Medical Devices,Phaos Technology Holdings (Cayman) Limited Class A Ordinary Shares
POCI,Medical Instruments & Supplies,"Precision Optics Corporation, Inc. - Common stock"
PODC,Internet Content & Information,"PodcastOne, Inc. - Common Stock"
PODD,Medical Devices,Insulet Corporation - Common Stock
POET,Semiconductors,POET Technologies Inc. - Common Shares
POLA,Electrical Equipment & Parts,"Polar Power, Inc. - Common Stock"
POLE,Shell Companies,Andretti Acquisition Corp. II - Class A Ordinary Shares
PONO,Shell Companies,"Pono Capital Four, Inc. - Class A Ordinary Shares"
POOL,Industrial Distribution,Pool Corporation - Common Stock
POR,Utilities—Regulated Electric,Portland General Electric Co Common Stock
POST,Packaged Foods,"Post Holdings, Inc. Common Stock"
POWI,Semiconductors,"Power Integrations, Inc. - Common Stock"
POWL,Electrical Equipment & Parts,"Powell Industries, Inc. - Common Stock"
POWW,Aerospace & Defense,Outdoor Holding Company - Common Stock
PPC,Packaged Foods,Pilgrim's Pride Corporation - Common Stock
PPCB,Biotechnology,"Propanc Biopharma, Inc. - Common Stock"
PPG,Specialty Chemicals,"PPG Industries, Inc. Common Stock"
PPHC,Consulting Services,"Public Policy Holding Company, Inc. - Common Stock"
PPIH,Building Products & Equipment,"Perma-Pipe International Holdings, Inc. - Common Stock"
PPL,Utilities—Regulated Electric,PPL Corporation Common Stock
PPLI,Internet Content & Information,People Incorporated - Common Stock
PPSI,Electrical Equipment & Parts,"Pioneer Power Solutions, Inc. - Common Stock"
PPTA,Other Precious Metals & Mining,Perpetua Resources Corp. - Common Shares
PR,Oil & Gas E&P,Permian Resources Corporation Class A Common Stock
PRAA,Credit Services,"PRA Group, Inc. - Common Stock"
PRAX,Biotechnology,"Praxis Precision Medicines, Inc. - Common Stock"
PRCH,Insurance—Property & Casualty,"Porch Group, Inc. - Common Stock"
PRCT,Medical Devices,PROCEPT BioRobotics Corporation - Common Stock
PRDO,Education & Training Services,Perdoceo Education Corporation - Common Stock
PRE,Packaged Foods,Prenetics Global Limited - Class A Ordinary Share
PRFX,Drug Manufacturers—Specialty & Generic,PRF Technologies Ltd. - Ordinary Shares
PRG,Rental & Leasing Services,"PROG Holdings, Inc. Common Stock"
PRGO,Drug Manufacturers—Specialty & Generic,Perrigo Company plc Ordinary Shares
PRGS,Software—Infrastructure,Progress Software Corporation - Common Stock
PRHI,Insurance—Property & Casualty,"Presurance Holdings, Inc. - Common Stock"
PRI,Insurance—Life,"Primerica, Inc. Common Stock"
PRIM,Engineering & Construction,Primoris Services Corporation Common Stock
PRK,Banks—Regional,Park National Corporation Common Stock
PRLB,Metal Fabrication,"Proto Labs, Inc. Common stock"
PRLD,Biotechnology,Prelude Therapeutics Incorporated - Common Stock
PRM,Specialty Chemicals,"Perimeter Solutions, SA Common Stock"
PRMB,Beverages—Non-Alcoholic,Primo Brands Corporation Class A Common Stock
PRME,Biotechnology,"Prime Medicine, Inc. - Common Stock"
PROF,Medical Devices,Profound Medical Corp. - common stock
PROK,Biotechnology,ProKidney Corp. - Class A Ordinary Shares
PROP,Oil & Gas E&P,Prairie Operating Co. - Common Stock
PROV,Banks—Regional,"Provident Financial Holdings, Inc. - Common Stock"
PRPL,"Furnishings, Fixtures & Appliances","Purple Innovation, Inc. - Common Stock"
PRPO,Diagnostics & Research,"Precipio, Inc. - Common Stock"
PRQR,Biotechnology,ProQR Therapeutics N.V. - Ordinary Shares
PRSO,Semiconductors,Peraso Inc. - Common Stock
PRSU,Travel Services,"Pursuit Attractions and Hospitality, Inc. Common Stock"
PRTA,Biotechnology,Prothena Corporation plc - Ordinary Shares
PRTH,Software—Infrastructure,"Priority Technology Holdings, Inc. - Common Stock"
PRTS,Auto Parts,"CarParts.com, Inc. - Common Stock"
PRU,Insurance—Life,"Prudential Financial, Inc. Common Stock"
PRVA,Health Information Services,"Privia Health Group, Inc. - Common Stock"
PRZO,Aerospace & Defense,ParaZero Technologies Ltd. - Ordinary Shares
PS,Asset Management,Pershing Square Inc. Common Stock
PSA,REIT—Industrial,Public Storage Common Stock
PSBD,Asset Management,Palmer Square Capital BDC Inc. Common Stock
PSFE,Software—Infrastructure,Paysafe Limited Common Shares
PSHG,Marine Shipping,Performance Shipping Inc. - Common Shares
PSIG,Integrated Freight & Logistics,PS International Group Ltd. - Ordinary Shares
PSIX,Specialty Industrial Machinery,"Power Solutions International, Inc. - Common Stock"
PSKY,Entertainment,Paramount Skydance Corporation - Class B Common Stock
PSMT,Discount Stores,"PriceSmart, Inc. - Common Stock"
PSN,Information Technology Services,Parsons Corporation Common Stock
PSNL,Diagnostics & Research,"Personalis, Inc. - Common Stock"
PSO,Publishing,"Pearson, Plc Common Stock"
PSQH,Software—Application,"PSQ Holdings, Inc. Class A Common Stock"
PSQL,Computer Hardware,Pasqal Holding SA - Ordinary Shares
PSUS,Asset Management,"Pershing Square USA, Ltd. Common Shares"
PSX,Oil & Gas Refining & Marketing,Phillips 66 Common Stock
PTAC,Shell Companies,Patriot Acquisition Corp. - Class A Ordinary Shares
PTC,Software—Application,PTC Inc. - Common Stock
PTCT,Biotechnology,"PTC Therapeutics, Inc. - Common Stock"
PTEN,Oil & Gas Drilling,"Patterson-UTI Energy, Inc. - Common Stock"
PTGX,Biotechnology,"Protagonist Therapeutics, Inc. - Common Stock"
PTHS,Biotechnology,Pelthos Therapeutics Inc. Common Stock
PTLE,Specialty Retail,PTL LTD - Class A Ordinary Shares
PTLO,Restaurants,Portillo's Inc. - Class A Common Stock
PTN,Biotechnology,"Palatin Technologies, Inc. - Common Stock"
PTON,Leisure,"Peloton Interactive, Inc. - Common Stock"
PTOR,Shell Companies,Praetorian Acquisition Corp. - Class A Ordinary Shares
PTRN,Software—Application,Pattern Group Inc. - Series A Common Stock
PUBM,Software—Application,"PubMatic, Inc. - Class A Common Stock"
PUK,Insurance—Life,Prudential Public Limited Company Common Stock
PULM,Biotechnology,"Pulmatrix, Inc. - Common Stock"
PUMP,Oil & Gas Equipment & Services,ProPetro Holding Corp. Common Stock
PURR,Capital Markets,Hyperliquid Strategies Inc - Common Stock
PUSA,Leisure,Aureus Greenway Holdings Inc. - Common Stock
PVH,Apparel Manufacturing,PVH Corp. Common Stock
PVLA,Biotechnology,"Palvella Therapeutics, Inc. - Common Stock"
PW,REIT—Specialty,Power REIT (MD) Common Stock
PWCM,Capital Markets,"PowerCompute, Inc. - Common Stock"
PWP,Capital Markets,Perella Weinberg Partners - Class A Common Stock
PWR,Engineering & Construction,"Quanta Services, Inc. Common Stock"
PWRL,Asset Management,Powerlaw Corp. - Common Stock
PXED,Education & Training Services,"Phoenix Education Partners, Inc. Common Stock"
PXLW,Semiconductors,"Pixelworks, Inc. - Common Stock"
PXS,Oil & Gas Midstream,Pyxis Tankers Inc. - Common Stock
PYPD,Biotechnology,PolyPid Ltd. - Ordinary Shares
PYPL,Credit Services,"PayPal Holdings, Inc. - Common Stock"
PYT,,PPlus Tr GSC-2 Tr Ctf Fltg Rate
PYXS,Biotechnology,"Pyxis Oncology, Inc. - Common Stock"
PZG,Gold,Paramount Gold Nevada Corp. Common Stock
PZZA,Restaurants,"Papa John's International, Inc. - Common Stock"
Q,Semiconductor Equipment & Materials,"Qnity Electronics, Inc. Common Stock"
QADR,Shell Companies,QDRO Acquisition Corp. - Class A Ordinary Shares
QBTS,Computer Hardware,D-Wave Quantum Inc. - Common Stock
QCLS,Computer Hardware,"Q/C Technologies, Inc. - Common Stock"
QCOM,Semiconductors,QUALCOMM Incorporated - Common Stock
QCRH,Banks—Regional,"QCR Holdings, Inc. - Common Stock"
QDEL,Medical Devices,QuidelOrtho Corporation - Common Stock
QETA,Shell Companies,Quetta Acquisition Corporation - Common Stock
QGEN,Diagnostics & Research,Qiagen N.V. Common Shares
QH,Software—Application,Quhuo Limited - Class A Ordinary Shares
QLEP,Shell Companies,Quantum Leap Acquisition Corp Class A Ordinary Shares
QLYS,Software—Infrastructure,"Qualys, Inc. - Common Stock"
QMCO,Computer Hardware,Quantum Corporation - Common Stock
QMLS,Software—Infrastructure,"QumulusAI, Inc. - Common Stock"
QNBC,Banks—Regional,QNB Corp. - Common Stock
QNC,Software—Infrastructure,Quantum eMotion Corp. Common Shares
QNCX,Biotechnology,"Quince Therapeutics, Inc. - Common Stock"
QNME,Integrated Freight & Logistics,"Quanome Technologies, Inc. - Common Stock"
QNST,Advertising Agencies,"QuinStreet, Inc. - Common Stock"
QNT,Software—Application,Quantinuum Inc. - Class A Common Stock
QNTM,Biotechnology,Quantum Biopharma Ltd. - Class B Subordinate Voting Shares
QRED,Shell Companies,QuasarEdge Acquisition Corporation Ordinary Shares
QRHC,Waste Management,Quest Resource Holding Corporation - Common Stock
QRVO,Semiconductors,"Qorvo, Inc. - Common Stock"
QS,Auto Parts,QuantumScape Corporation - Common Stock
QSEA,Shell Companies,Quartzsea Acquisition Corporation - Ordinary Shares
QSI,Medical Devices,Quantum-Si Incorporated - Class A Common Stock
QSR,Restaurants,Restaurant Brands International Inc. Common Shares
QTEX,Computer Hardware,QTREX Quantum Ltd. - Ordinary Shares
QTI,Medical Devices,"QT Imaging Holdings, Inc. - Common Stock"
QTRX,Medical Devices,Quanterix Corporation - Common Stock
QTTB,Biotechnology,Q32 Bio Inc. - Common Stock
QTWO,Software—Application,"Q2 Holdings, Inc. Common Stock"
QUAD,Specialty Business Services,"Quad Graphics, Inc Class A Common Stock"
QUBT,Computer Hardware,Quantum Computing Inc. - Common Stock
QUCY,Diagnostics & Research,Quantum Cyber N.V. - Ordinary Shares
QUIK,Semiconductors,QuickLogic Corporation - Common Stock
QUMS,Shell Companies,Quantumsphere Acquisition Corp. - Ordinary Shares
QURE,Biotechnology,uniQure N.V. - Ordinary Shares
QVCG,Specialty Retail,"QVC Group, Inc. - Common Stock"
QXL,Information Technology Services,Quantum X Labs Inc. - Common Stock
QXO,Industrial Distribution,"QXO, Inc. Common Stock"
R,Rental & Leasing Services,"Ryder System, Inc. Common Stock"
RAC,Shell Companies,Rithm Acquisition Corp. Class A Ordinary Shares
RACC,Shell Companies,Research Alliance Corporation III - Class A Ordinary Shares
RACD,Shell Companies,Research Alliance Corporation IV - Class A Ordinary Shares
RACE,Auto Manufacturers,Ferrari N.V. Common Shares
RAIL,Railroads,"Freightcar America, Inc. - Common Stock"
RAIN,Pollution & Treatment Controls,"Rain Enhancement Technologies Holdco, Inc. - Class A Common Stock"
RAL,Electronic Components,Ralliant Corporation Common Stock
RAMP,Software—Infrastructure,"LiveRamp Holdings, Inc. Common Stock"
RANG,Shell Companies,Range Capital Acquisition Corp. - Ordinary Shares
RANI,Biotechnology,"Rani Therapeutics Holdings, Inc. - Class A Common Stock"
RAPP,Biotechnology,"Rapport Therapeutics, Inc. - Common Stock"
RARE,Biotechnology,Ultragenyx Pharmaceutical Inc. - Common Stock
RAVE,Restaurants,"Rave Restaurant Group, Inc. - Common Stock"
RAYA,Electrical Equipment & Parts,Erayak Power Solution Group Inc. - Class A Ordinary Shares
RBA,Specialty Business Services,"RB Global, Inc. Common Stock"
RBB,Banks—Regional,RBB Bancorp - Common Stock
RBBN,Software—Application,Ribbon Communications Inc.  - Common Stock
RBC,Tools & Accessories,RBC Bearings Incorporated Common Stock
RBCAA,Banks—Regional,"Republic Bancorp, Inc. - Class A Common Stock"
RBKB,Banks—Regional,"Rhinebeck Bancorp, Inc. - Common Stock"
RBLX,Electronic Gaming & Multimedia,Roblox Corporation Class A Common Stock
RBNE,Oil & Gas Midstream,Robin Energy Ltd. - Common Stock
RBRK,Software—Infrastructure,"Rubrik, Inc. Class A Common Stock"
RC,REIT—Mortgage,Ready Capital Corporation Common Stock
RCAT,Aerospace & Defense,"Red Cat Holdings, Inc. - Common Stock"
RCBC,Banks—Regional,River City Bank - Common stock
RCEL,Medical Devices,"Avita Medical, Inc. - Common Stock"
RCI,Telecom Services,"Rogers Communication, Inc. Common Stock"
RCKT,Biotechnology,"Rocket Pharmaceuticals, Inc. - Common Stock"
RCKY,Footwear & Accessories,"Rocky Brands, Inc. - Common Stock"
RCL,Travel Services,Royal Caribbean Cruises Ltd. Common Stock
RCMT,Conglomerates,"RCM Technologies, Inc. - Common Stock"
RCON,Oil & Gas Equipment & Services,"Recon Technology, Ltd. - Class A Ordinary Shares"
RCT,Software—Application,RedCloud Holdings plc - Ordinary Shares
RCUS,Biotechnology,"Arcus Biosciences, Inc. Common Stock"
RDAC,Shell Companies,Rising Dragon Acquisition Corp. - Ordinary Shares
RDAG,Shell Companies,Republic Digital Acquisition Company - Class A Ordinary Shares
RDCM,Telecom Services,Radcom Ltd. - Ordinary Shares
RDDT,Internet Content & Information,"Reddit, Inc. Class A Common Stock"
RDGT,Pharmaceutical Retailers,"Ridgetech, Inc. - Ordinary Shares"
RDI,Entertainment,Reading International Inc - Class A Non-voting Common Stock
RDIB,Entertainment,Reading International Inc - Class B Voting Common Stock
RDN,Insurance—Specialty,Radian Group Inc. Common Stock
RDNT,Diagnostics & Research,"RadNet, Inc. - Common Stock"
RDNW,Auto & Truck Dealerships,"RideNow Group, Inc. - Class B Common Stock"
RDVT,Software—Application,"Red Violet, Inc. - Common Stock"
RDW,Aerospace & Defense,Redwire Corporation Common Stock
RDWR,Software—Infrastructure,Radware Ltd. - Ordinary Shares
RDY,Drug Manufacturers—Specialty & Generic,Dr. Reddy's Laboratories Ltd Common Stock
RDZN,Software—Application,"Roadzen, Inc. - Ordinary Shares"
REA,Other Industrial Metals & Mining,"Rare Earths Americas, Inc. Common Stock"
REAL,Luxury Goods,"The RealReal, Inc. - Common Stock"
REAX,Real Estate Services,Real REMAX Group Inc. - Common Stock
REBN,Restaurants,"Reborn Coffee, Inc. - Common Stock"
RECT,Specialty Retail,Rectitude Holdings Ltd - Ordinary Shares
REED,Beverages—Non-Alcoholic,"Reed's, Inc. Common Stock"
REF,Apparel Retail,Reformation Inc. Common Stock
REFI,REIT—Mortgage,"Chicago Atlantic Real Estate Finance, Inc. - Common Stock"
REFR,Electronic Components,Research Frontiers Incorporated - Common Stock
REG,REIT—Retail,Regency Centers Corporation - Common Stock
REGN,Biotechnology,"Regeneron Pharmaceuticals, Inc. - Common Stock"
REI,Oil & Gas E&P,"Ring Energy, Inc. Common Stock"
REKR,Software—Infrastructure,"Rekor Systems, Inc. - Common Stock"
RELL,Electronic Components,"Richardson Electronics, Ltd. - Common Stock"
RELY,Software—Infrastructure,"Remitly Global, Inc. - Common stock"
RENT,Apparel Retail,"Rent the Runway, Inc. - Class A Common Stock"
RENX,Real Estate—Development,RenX Enterprises Corp. - Common Stock
REPL,Biotechnology,"Replimune Group, Inc. - Common Stock"
REPX,Oil & Gas E&P,"Riley Exploration Permian, Inc. Common Stock"
RES,Oil & Gas Equipment & Services,"RPC, Inc. Common Stock"
RETO,Building Materials,"ReTo Eco-Solutions, Inc. - Class A Shares"
REVB,Biotechnology,"Revelation Biosciences, Inc. - Common Stock"
REX,Chemicals,REX American Resources Corporation
REXR,REIT—Industrial,"Rexford Industrial Realty, Inc. Common Stock"
REYN,Packaging & Containers,Reynolds Consumer Products Inc. - Common Stock
REZI,Industrial Distribution,"Resideo Technologies, Inc. Common Stock"
RF,Banks—Regional,Regions Financial Corporation Common Stock
RFAI,Shell Companies,RF Acquisition Corp II - Ordinary Shares
RFAM,Shell Companies,RF Acquisition Corp III - Ordinary Shares
RFIL,Electrical Equipment & Parts,"RF Industries, Ltd. - Common Stock"
RFL,Real Estate Services,"Rafael Holdings, Inc. Class B Common Stock"
RGA,Insurance—Reinsurance,"Reinsurance Group of America, Incorporated Common Stock"
RGC,Drug Manufacturers—Specialty & Generic,Regencell Bioscience Holdings Limited - Ordinary Shares
RGCO,Utilities—Regulated Gas,RGC Resources Inc. - Common Stock
RGEN,Medical Instruments & Supplies,Repligen Corporation - Common Stock
RGLD,Gold,"Royal Gold, Inc. - Common Stock"
RGNT,Medical Instruments & Supplies,Regentis Biomaterials Ltd. Ordinary Shares
RGNX,Biotechnology,REGENXBIO Inc. - Common Stock
RGP,Consulting Services,"Resources Connection, Inc. - Common Stock"
RGR,Aerospace & Defense,"Sturm, Ruger & Company, Inc. Common Stock"
RGS,Personal Services,Regis Corporation - Common Stock
RGTI,Computer Hardware,"Rigetti Computing, Inc.  - Common stock"
RH,Specialty Retail,RH Common Stock
RHI,Staffing & Employment Services,Robert Half Inc. Common Stock
RHLD,Specialty Business Services,Resolute Holdings Management Common Stock
RHP,REIT—Hotel & Motel,"Ryman Hospitality Properties, Inc. (REIT)"
RIBB,Shell Companies,Ribbon Acquisition Corp - Class A Ordinary Shares
RICK,Restaurants,"RCI Hospitality Holdings, Inc. - Common Stock"
RIG,Oil & Gas Drilling,Transocean Ltd (Switzerland) Common Stock
RIGL,Biotechnology,"Rigel Pharmaceuticals, Inc. - Common Stock"
RILY,Financial Conglomerates,"BRC Group Holdings, Inc. - Common Stock"
RIME,Consumer Electronics,"Algorhythm Holdings, Inc. - Common Stock"
RIO,Other Industrial Metals & Mining,Rio Tinto Plc Common Stock
RIOT,Capital Markets,"Riot Platforms, Inc. - Common Stock"
RITM,REIT—Mortgage,Rithm Capital Corp. Common Stock
RITR,Engineering & Construction,Reitar Logtech Holdings Limited - Ordinary shares
RIVN,Auto Manufacturers,"Rivian Automotive, Inc. - Class A Common Stock"
RJET,Airlines,Republic Airways Holdings Inc. - Common Stock
RJF,Asset Management,"Raymond James Financial, Inc. Common Stock"
RKDA,Packaged Foods,"Arcadia Biosciences, Inc. - Common Stock"
RKLB,Aerospace & Defense,Rocket Lab Corporation - Common Stock
RKT,Mortgage Finance,"Rocket Companies, Inc. Class A Common Stock"
RKTO,Software—Infrastructure,Rocket One Inc. - Common Stock
RL,Apparel Manufacturing,Ralph Lauren Corporation Common Stock
RLAY,Biotechnology,"Relay Therapeutics, Inc. - Common Stock"
RLGT,Integrated Freight & Logistics,"Radiant Logistics, Inc. Common Stock"
RLI,Insurance—Property & Casualty,RLI Corp. Common Stock (DE)
RLMD,Biotechnology,"Relmada Therapeutics, Inc. - Common Stock"
RLYB,Biotechnology,Rallybio Corporation - Common Stock
RM,Credit Services,Regional Management Corp. Common Stock
RMBI,Banks—Regional,"Richmond Mutual Bancorporation, Inc. - Common Stock"
RMBS,Semiconductors,"Rambus, Inc. - Common Stock"
RMCF,Confectioners,"Rocky Mountain Chocolate Factory, Inc. - Common Stock"
RMCO,Asset Management,Royalty Management Holding Corporation - Class A Common Stock
RMD,Medical Instruments & Supplies,ResMed Inc. Common Stock
RMIX,Building Materials,"Suncrete, Inc. - Class A Common Stock"
RMNI,Software—Application,"Rimini Street, Inc. - Common Stock"
RMR,Real Estate Services,The RMR Group Inc. - Class A Common Stock
RMSG,Software—Application,Real Messenger Corporation - Ordinary Shares
RMTI,Drug Manufacturers—Specialty & Generic,"Rockwell Medical, Inc. - Common Stock"
RNA,Biotechnology,"Atrium Therapeutics, Inc. - Common Stock"
RNAC,Biotechnology,"Cartesian Therapeutics, Inc. - Common Stock"
RNAZ,Biotechnology,"TransCode Therapeutics, Inc. - Common Stock"
RNG,Software—Application,"RingCentral, Inc. Class A Common Stock"
RNGR,Oil & Gas Equipment & Services,"Ranger Energy Services, Inc. Class A Common Stock"
RNGT,Shell Companies,Range Capital Acquisition Corp II - Class A Ordinary Shares
RNR,Insurance—Reinsurance,RenaissanceRe Holdings Ltd. Common Stock
RNST,Banks—Regional,Renasant Corporation Common Stock
RNTX,Biotechnology,"Rein Therapeutics, Inc. - Common Stock"
RNW,Utilities—Renewable,ReNew Energy Global plc - Class A Shares
RNXT,Biotechnology,"RenovoRx, Inc. - Common Stock"
ROAD,Engineering & Construction,"Construction Partners, Inc. - Common Stock"
ROC,Software—Infrastructure,Rank One Computing Corporation - Common stock
ROCK,Building Products & Equipment,"Gibraltar Industries, Inc. - Common Stock"
ROG,Electronic Components,Rogers Corporation Common Stock
ROIV,Biotechnology,Roivant Sciences Ltd. - Common Shares
ROK,Specialty Industrial Machinery,"Rockwell Automation, Inc. Common Stock"
ROKU,Entertainment,"Roku, Inc. - Class A Common Stock"
ROL,Personal Services,"Rollins, Inc. Common Stock"
ROLR,Gambling,"High Roller Technologies, Inc. Common Stock"
ROMA,Consulting Services,Roma Green Finance Limited - Class A Ordinary Shares
ROOT,Insurance—Property & Casualty,"Root, Inc. - Common Stock"
ROP,Software—Application,"Roper Technologies, Inc. - Common Stock"
ROST,Apparel Retail,"Ross Stores, Inc. - Common Stock"
RPAY,Software—Infrastructure,Repay Holdings Corporation - Class A Common Stock
RPC,Asset Management,"Ridgepost Capital, Inc. Class A Common Stock"
RPD,Software—Infrastructure,"Rapid7, Inc. - Common Stock"
RPGL,Software—Application,Republic Power Group Limited - Class A Ordinary Shares
RPID,Medical Devices,"Rapid Micro Biosystems, Inc. - Class A Common Stock"
RPM,Specialty Chemicals,RPM International Inc. Common Stock
RPRX,Biotechnology,Royalty Pharma plc - Class A Ordinary Shares
RR,Specialty Industrial Machinery,Richtech Robotics Inc. - Class B Common Stock
RRBI,Banks—Regional,"Red River Bancshares, Inc. - Common Stock"
RRC,Oil & Gas E&P,Range Resources Corporation Common Stock
RREV,Shell Companies,RRE Ventures Acquisition Corp. - Class A Ordinary Shares
RRGB,Restaurants,"Red Robin Gourmet Burgers, Inc. - Common Stock"
RRR,Resorts & Casinos,"Red Rock Resorts, Inc. - Class A Common Stock"
RRX,Specialty Industrial Machinery,Regal Rexnord Corporation Common Stock
RS,Steel,"Reliance, Inc. Common Stock"
RSG,Waste Management,"Republic Services, Inc. Common Stock"
RSI,Gambling,"Rush Street Interactive, Inc. Class A Common Stock"
RSKD,Software—Application,Riskified Ltd. Class A Ordinary Shares
RSSS,Software—Application,"Research Solutions, Inc - Common Stock"
RSVR,Entertainment,"Reservoir Media, Inc.. - Common Stock"
RTAC,Shell Companies,Renatus Tactical Acquisition Corp I - Class A Ordinary Shares
RTB,Software—Application,"RTB Digital, Inc. - Common Stock"
RTX,Aerospace & Defense,RTX Corporation Common Stock
RUBI,Marine Shipping,Rubico Inc. - Common Stock
RUM,Internet Content & Information,RUM Group Inc. - Class A Common Stock
RUN,Solar,Sunrun Inc. - Common Stock
RUSHA,Auto & Truck Dealerships,"Rush Enterprises, Inc. - Class A Common Stock"
RUSHB,Auto & Truck Dealerships,"Rush Enterprises, Inc. - Class B Common Stock"
RVLV,Internet Retail,"Revolve Group, Inc. Class A Common Stock"
RVMD,Biotechnology,"Revolution Medicines, Inc. - Common Stock"
RVP,Medical Instruments & Supplies,"Retractable Technologies, Inc. Common Stock"
RVSB,Banks—Regional,Riverview Bancorp Inc - Common Stock
RVSN,Railroads,Rail Vision Ltd. - Ordinary Shares
RVTY,Diagnostics & Research,"Revvity, Inc. Common Stock"
RWAY,Asset Management,Runway Growth Finance Corp. - Common Stock
RXO,Trucking,"RXO, Inc. Common Stock"
RXRX,Biotechnology,"Recursion Pharmaceuticals, Inc. - Class A Common Stock"
RXST,Medical Devices,"RxSight, Inc. - Common Stock"
RXT,Software—Infrastructure,"Rackspace Technology, Inc. - Common Stock"
RY,Banks—Diversified,Royal Bank Of Canada Common Stock
RYAM,Chemicals,Rayonier Advanced Materials Inc. Common Stock
RYAN,Insurance Brokers,"Ryan Specialty Holdings, Inc. Class A Common Stock"
RYDE,Software—Application,Ryde Group Ltd. Class A Ordinary Shares
RYET,Education & Training Services,Ruanyun Edai Technology Inc. - Ordinary shares
RYM,Tobacco,"RYTHM, Inc. - Common Stock"
RYN,REIT—Specialty,Rayonier Inc. REIT Common Stock
RYOJ,Consulting Services,"rYojbaba Co., Ltd. - Common Shares"
RYTM,Biotechnology,"Rhythm Pharmaceuticals, Inc. - Common Stock"
RYZ,Metal Fabrication,Ryerson Holding Corporation Common Stock
RZC,,"Reinsurance Group of America, Incorporated 7.125% Fixed-Rate Reset Subordinated Debentures due 2052"
RZLT,Biotechnology,"Rezolute, Inc. - Common Stock (NV)"
RZLV,Software—Infrastructure,Rezolve AI PLC - Ordinary Shares
S,Software—Infrastructure,"SentinelOne, Inc. Class A Common Stock"
SA,Gold,"Seabridge Gold, Inc. Common Shares New"
SAAQ,Shell Companies,Space Asset Acquisition Corp. - Class A Ordinary Shares
SABR,Software—Infrastructure,Sabre Corporation - Common Stock
SABS,Biotechnology,"SAB Biotherapeutics, Inc. - Common Stock"
SAC,Shell Companies,Safeguard Acquisition Corp. Class A Ordinary Shares
SACH,REIT—Mortgage,Sachem Capital Corp. Common Shares
SAFE,REIT—Diversified,Safehold Inc. New Common Stock
SAFT,Insurance—Property & Casualty,"Safety Insurance Group, Inc. - Common Stock"
SAFX,Utilities—Renewable,"XCF Global, Inc. - Class A Common Stock"
SAGT,Software—Application,SAGTEC GLOBAL LIMITED - Class A Ordinary shares
SAGU,Shell Companies,Shreya Acquisition Group Class A Ordinary Shares
SAH,Auto & Truck Dealerships,"Sonic Automotive, Inc. Common Stock"
SAIA,Trucking,"Saia, Inc. - Common Stock"
SAIC,Information Technology Services,Science Applications International Corporation - Common Stock
SAIH,Information Technology Services,SAIHEAT Limited - Class A Ordinary Shares
SAIL,Software—Infrastructure,"SailPoint, Inc. - Common Stock"
SAM,Beverages—Brewers,"Boston Beer Company, Inc. (The) Common Stock"
SAMG,Asset Management,Silvercrest Asset Management Group Inc. - Common Stock
SAMO,Shell Companies,Samos Energy Acquisition Corporation Class A Ordinary Shares
SAN,Banks—Diversified,"Banco Santander, S.A. Sponsored ADR (Spain)"
SANA,Biotechnology,"Sana Biotechnology, Inc. - Common Stock"
SANG,Software—Infrastructure,Sangoma Technologies Corporation - Common Shares
SANM,Electronic Components,Sanmina Corporation - Common Stock
SAR,Asset Management,Saratoga Investment Corp New
SARO,Aerospace & Defense,"StandardAero, Inc. Common Stock"
SATL,Aerospace & Defense,Satellogic Inc. - Class A Common Stock
SB,Marine Shipping,"Safe Bulkers, Inc Common Stock ($0.001 par value)"
SBAC,REIT—Specialty,SBA Communications Corporation - Class A Common Stock
SBC,Consulting Services,SBC Medical Group Holdings Incorporated - Common Stock
SBCF,Banks—Regional,Seacoast Banking Corporation of Florida - Common Stock
SBET,Capital Markets,"Sharplink, Inc. - Common Stock"
SBFG,Banks—Regional,"SB Financial Group, Inc. - Common Stock"
SBFM,Drug Manufacturers—Specialty & Generic,Sunshine Biopharma Inc. - Common stock
SBGI,Broadcasting,"Sinclair, Inc. - Class A Common Stock"
SBH,Specialty Retail,"Sally Beauty Holdings, Inc. (Name to be changed from Sally Holdings, Inc.) Common Stock"
SBLK,Marine Shipping,Star Bulk Carriers Corp. - Common Shares
SBMT,Other Industrial Metals & Mining,Silver Bow Mining Corp. Common Shares
SBRA,REIT—Healthcare Facilities,"Sabra Health Care REIT, Inc. - Common Stock"
SBSI,Banks—Regional,"Southside Bancshares, Inc. Common Stock"
SBUX,Restaurants,Starbucks Corporation - Common Stock
SBXD,Shell Companies,SilverBox Corp IV Class A Ordinary Shares
SBXE,Shell Companies,SilverBox Corp V Class A Ordinary Shares
SCCO,Copper,Southern Copper Corporation Common Stock
SCHL,Publishing,Scholastic Corporation - Common Stock
SCHW,Capital Markets,Charles Schwab Corporation (The) Common Stock
SCI,Personal Services,Service Corporation International Common Stock
SCII,Shell Companies,SC II Acquisition Corp. - Class A ordinary share
SCKT,Computer Hardware,"Socket Mobile, Inc. - Common Stock"
SCL,Specialty Chemicals,Stepan Company Common Stock
SCLX,Drug Manufacturers—General,Scilex Holding Company - Common Stock
SCM,Asset Management,Stellus Capital Investment Corporation Common Stock
SCNX,Pharmaceutical Retailers,"Scienture Holdings, Inc. - Common Stock"
SCOR,Software—Application,"comScore, Inc. - Common Stock"
SCPQ,Shell Companies,Social Commerce Partners Corporation - Class A Ordinary Shares
SCSC,Electronics & Computer Distribution,"ScanSource, Inc. - Common Stock"
SCTX,Biotechnology,Scribe Therapeutics Inc. - Common Stock
SCWO,Pollution & Treatment Controls,374Water Inc. - common stock
SCYX,Drug Manufacturers—Specialty & Generic,"SCYNEXIS, Inc. - Common Stock"
SCZM,Other Industrial Metals & Mining,Santacruz Silver Mining Ltd. - Common Shares
SD,Oil & Gas E&P,"SandRidge Energy, Inc. Common Stock"
SDA,Auto & Truck Dealerships,SunCar Technology Group Inc. - Ordinary Shares
SDEV,Asset Management,Stablecoin Development Corporation Common Stock
SDGR,Health Information Services,"Schrodinger, Inc. - Common Stock"
SDHC,Real Estate—Development,Smith Douglas Homes Corp. Class A Common Stock
SDHI,Shell Companies,Siddhi Acquisition Corp - Class A Common stock
SDOT,Farm Products,Sadot Group Inc. - Common Stock
SDRL,Oil & Gas Drilling,Seadrill Limited Common Shares
SDST,Electrical Equipment & Parts,Stardust Power Inc. - Common Stock
SEAT,Internet Content & Information,Vivid Seats Inc. - Class A common stock
SEB,Conglomerates,Seaboard Corporation Common Stock
SECZ,Software—Application,Securitize Corp. Common Stock
SEDG,Solar,"SolarEdge Technologies, Inc. - Common Stock"
SEED,Agricultural Inputs,Origin Agritech Limited - Ordinary Shares
SEER,Biotechnology,"Seer, Inc. - Class A Common Stock"
SEG,Real Estate Services,Seaport Entertainment Group Inc. Common Stock
SEGG,Gambling,Sports Entertainment Gaming Global Corporation  - Common Stock
SEI,Oil & Gas Equipment & Services,"Solaris Energy Infrastructure, Inc. Class A Common Stock"
SEIC,Asset Management,SEI Investments Company - Common Stock
SELF,REIT—Specialty,"Global Self Storage, Inc. - Common Stock"
SENEA,Packaged Foods,Seneca Foods Corp. - Class A Common Stock
SENEB,Packaged Foods,Seneca Foods Corp. - Class B Common Stock
SENS,Medical Devices,"Senseonics Holdings, Inc. - Common Stock"
SEPN,Biotechnology,"Septerna, Inc. - Common Stock"
SER,Biotechnology,"Serina Therapeutics, Inc. Common Stock"
SERA,Medical Devices,"Sera Prognostics, Inc. - Class A Common Stock"
SERV,Integrated Freight & Logistics,Serve Robotics Inc. - Common Stock
SES,Auto Parts,SES AI Corporation Class A Common Stock
SEV,Auto Manufacturers,Aptera Motors Corp. - Class B Common Stock
SEZL,Credit Services,Sezzle Inc. - Common Stock
SF,Capital Markets,Stifel Financial Corporation Common Stock
SFBC,Banks—Regional,"Sound Financial Bancorp, Inc. - Common Stock"
SFBS,Banks—Regional,"ServisFirst Bancshares, Inc. Common Stock"
SFD,Packaged Foods,"Smithfield Foods, Inc. - Common Stock"
SFHG,Specialty Business Services,Samfine Creation Holdings Group Limited - Class A Ordinary Share
SFIX,Apparel Retail,"Stitch Fix, Inc. - Class A Common Stock"
SFL,Marine Shipping,SFL Corporation Ltd
SFM,Grocery Stores,"Sprouts Farmers Market, Inc. - Common Stock"
SFNC,Banks—Regional,Simmons First National Corporation - Common Stock
SFST,Banks—Regional,"Southern First Bancshares, Inc. - Common Stock"
SFWL,Integrated Freight & Logistics,Shengfeng Development Limited - Class A Ordinary Shares
SG,Restaurants,"Sweetgreen, Inc. Class A Common Stock"
SGA,Broadcasting,"Saga Communications, Inc. - Class A Common Stock"
SGC,Apparel Manufacturing,"Superior Group of Companies, Inc. - Common Stock"
SGHC,Gambling,Super Group (SGHC) Limited Ordinary Shares
SGHT,Medical Devices,"Sight Sciences, Inc. - Common Stock"
SGI,"Furnishings, Fixtures & Appliances",Somnigroup International Inc. Common Stock
SGLD,Gold,Scorpio Gold Corporation - Common Stock
SGLY,Integrated Freight & Logistics,Singularity Future Technology Ltd. - Common Stock
SGML,Other Industrial Metals & Mining,Sigma Lithium Corporation - common shares
SGMT,Biotechnology,Sagimet Biosciences Inc. - Series A Common Stock
SGP,Biotechnology,"SpyGlass Pharma, Inc. - Common Stock"
SGRX,Information Technology Services,SANGRIX INC. - Class A Ordinary Shares
SGRY,Medical Care Facilities,"Surgery Partners, Inc. - Common Stock"
SGU,Oil & Gas Refining & Marketing,Star Group L.P. Common Stock
SHAK,Restaurants,"Shake Shack, Inc. Class A Common Stock"
SHAZ,Information Technology Services,"SharonAI Holdings, Inc. - Class A Common Stock"
SHBI,Banks—Regional,"Shore Bancshares, Inc. - Common Stock"
SHC,Diagnostics & Research,Sotera Health Company - Common Stock
SHEN,Telecom Services,Shenandoah Telecommunications Co - Common Stock
SHFS,Banks—Regional,"SHF Holdings, Inc. - Class A Common Stock"
SHIM,Engineering & Construction,Shimmick Corporation - Common Stock
SHIP,Marine Shipping,Seanergy Maritime Holdings Corp. - Common Stock
SHLS,Solar,"Shoals Technologies Group, Inc. - Class A Common Stock"
SHMD,Specialty Industrial Machinery,SCHMID Group N.V. - Class A Ordinary Shares
SHO,REIT—Hotel & Motel,"Sunstone Hotel Investors, Inc. Sunstone Hotel Investors, Inc. Common Shares"
SHOE,Apparel Retail,"Shoe Station Group, Inc. - Common Stock"
SHOO,Footwear & Accessories,"Steven Madden, Ltd. - Common Stock"
SHOP,Software—Application,Shopify Inc. - Class A Subordinate Voting Shares
SHOT,Shell Companies,RMG ML Sports Holdings - Class A Ordinary Shares
SHPH,Drug Manufacturers—Specialty & Generic,"Shuttle Pharmaceuticals Holdings, Inc. - common stock"
SHW,Specialty Chemicals,Sherwin-Williams Company (The) Common Stock
SI,Medical Devices,"Shoulder Innovations, Inc. Common Stock"
SIBN,Medical Devices,"SI-BONE, Inc. - Common Stock"
SID,Steel,Companhia Siderurgica Nacional S.A. Common Stock
SIDU,Aerospace & Defense,"Sidus Space, Inc. - Class A Common Stock"
SIEB,Capital Markets,Siebert Financial Corp. - Common Stock
SIF,Aerospace & Defense,"SIFCO Industries, Inc. Common Stock"
SIFY,Telecom Services,Sify Technologies Limited - American Depository Shares
SIG,Luxury Goods,Signet Jewelers Limited Common Shares
SIGA,Drug Manufacturers—Specialty & Generic,SIGA Technologies Inc. - Common Stock
SIGI,Insurance—Property & Casualty,"Selective Insurance Group, Inc. - Common Stock"
SII,Asset Management,Sprott Inc. Common Shares
SILC,Communication Equipment,Silicom Ltd - Ordinary Shares
SILO,Biotechnology,"Silo Pharma, Inc. - Common Stock"
SIMA,Shell Companies,SIM Acquisition Corp. I - Class A Ordinary Shares
SIND,Other Precious Metals & Mining,Sinda Ltd. Common Stock
SINT,Medical Devices,"SiNtx Technologies, Inc. - Common Stock"
SION,Biotechnology,"Sionna Therapeutics, Inc. - Common Stock"
SIRI,Entertainment,SiriusXM Holdings Inc. - Common Stock
SITC,REIT—Retail,SITE Centers Corp. Common Stock
SITE,Industrial Distribution,"SiteOne Landscape Supply, Inc. Common Stock"
SITM,Semiconductors,SiTime Corporation - Common Stock
SJ,Internet Content & Information,Scienjoy Holding Corporation - Class A Ordinary Shares
SJM,Packaged Foods,The J.M. Smucker Company Common Stock
SKE,Other Industrial Metals & Mining,Skeena Resources Limited Common Shares
SKIL,Education & Training Services,Skillsoft Corp. Class A Common Stock
SKIN,Household & Personal Products,SkinHealth Systems Inc. - Class A Common Stock
SKK,Engineering & Construction,SKK Holdings Limited - Class A Ordinary Shares
SKM,Telecom Services,"SK Telecom Co., Ltd. Common Stock"
SKT,REIT—Retail,Tanger Inc. Common Stock
SKWD,Insurance—Property & Casualty,"Skyward Specialty Insurance Group, Inc. - Common Stock"
SKY,Residential Construction,"Champion Homes, Inc. Common Stock"
SKYA,Software—Infrastructure,"SkyAI, Inc. - Common Stock"
SKYE,Biotechnology,"Skye Bioscience, Inc. - Common Stock"
SKYH,Real Estate—Development,Sky Harbour Group Corporation Class A Common Stock
SKYQ,Oil & Gas Integrated,Sky Quarry Inc. - Common Stock
SKYW,Airlines,"SkyWest, Inc. - Common Stock"
SKYX,Electrical Equipment & Parts,SKYX Platforms Corp. - Common Stock
SLAB,Semiconductors,"Silicon Laboratories, Inc. - Common Stock"
SLB,Oil & Gas Equipment & Services,SLB Limited Common Shares
SLBT,Biotechnology,SL Science Holding Limited - Ordinary Shares
SLDB,Biotechnology,Solid Biosciences Inc. - Common Stock
SLDE,Insurance—Property & Casualty,"Slide Insurance Holdings, Inc. - Common Stock"
SLDP,Auto Parts,"Solid Power, Inc. - Class A Common Stock"
SLE,Internet Content & Information,"Super League Enterprise, Inc. - Common Stock"
SLF,Insurance—Diversified,Sun Life Financial Inc. Common Stock
SLG,REIT—Office,SL Green Realty Corp Common Stock
SLGB,Integrated Freight & Logistics,Smart Logistics Global Limited - Class A Ordinary Shares
SLGL,Biotechnology,Sol-Gel Technologies Ltd. - Ordinary Shares
SLGN,Packaging & Containers,Silgan Holdings Inc. Common Stock
SLI,Other Industrial Metals & Mining,Standard Lithium Ltd. Common Shares
SLM,Credit Services,SLM Corporation - Common Stock
SLMT,Software—Infrastructure,Brera Holdings PLC - Class B Ordinary Shares
SLN,Biotechnology,Silence Therapeutics Plc - American Depository Share
SLND,Engineering & Construction,"Southland Holdings, Inc. Common Stock"
SLNG,Oil & Gas Integrated,"Stabilis Solutions, Inc. - Common Stock"
SLNH,Capital Markets,"Soluna Holdings, Inc. - Common Stock"
SLP,Health Information Services,"Simulations Plus, Inc. - Common Stock"
SLQT,Insurance Brokers,"SelectQuote, Inc. Common Stock"
SLS,Biotechnology,"SELLAS Life Sciences Group, Inc.  - Common Stock"
SLSN,Household & Personal Products,"Solesence, Inc. - Common stock"
SLSR,Other Precious Metals & Mining,Solaris Resources Inc. Common Shares
SLVM,Paper & Paper Products,Sylvamo Corporation Common Stock
SLXN,Biotechnology,Silexion Therapeutics Corp - Ordinary Shares
SM,Oil & Gas E&P,SM Energy Company Common Stock
SMA,REIT—Industrial,"SmartStop Self Storage REIT, Inc. Common Stock"
SMBC,Banks—Regional,"Southern Missouri Bancorp, Inc. - Common Stock"
SMBK,Banks—Regional,"SmartFinancial, Inc. Common Stock"
SMC,Oil & Gas Midstream,Summit Midstream Corporation Common Stock
SMCI,Computer Hardware,"Super Micro Computer, Inc. - Common Stock"
SMG,Agricultural Inputs,Scotts Miracle-Gro Company (The) Common Stock
SMHB,,ETRACS Monthly Pay 2x Leveraged Small Cap High Dividend ETN Series B
SMHI,Marine Shipping,SEACOR Marine Holdings Inc. Common Stock
SMID,Building Materials,Smith-Midland Corporation - Common Stock
SMJF,Textile Manufacturing,SMJ International Holdings Inc. Class A Ordinary Shares
SMMT,Biotechnology,Summit Therapeutics Inc.  - Common Stock
SMP,Auto Parts,"Standard Motor Products, Inc. Common Stock"
SMPL,Packaged Foods,The Simply Good Foods Company - Common Stock
SMR,Specialty Industrial Machinery,NuScale Power Corporation Class A Common Stock
SMRT,Software—Application,"SmartRent, Inc. Class A Common Stock"
SMSI,Software—Application,"Smith Micro Software, Inc. - Common Stock"
SMTC,Semiconductors,Semtech Corporation - Common Stock
SMTI,Medical Instruments & Supplies,Sanara MedTech Inc. - Common Stock
SMTK,Semiconductor Equipment & Materials,"SmartKem, Inc. - Common Stock"
SMWB,Software—Application,Similarweb Ltd. Ordinary Shares
SMX,Specialty Business Services,SMX (Security Matters) Public Limited Company - Ordinary Shares
SMXT,Solar,Solarmax Technology Inc. - Common Stock
SN,"Furnishings, Fixtures & Appliances","SharkNinja, Inc. Ordinary Shares"
SNA,Tools & Accessories,Snap-On Incorporated Common Stock
SNAL,Electronic Gaming & Multimedia,"Snail, Inc. - Class A Common Stock"
SNAP,Internet Content & Information,Snap Inc. Class A Common Stock
SND,Oil & Gas Equipment & Services,"Smart Sand, Inc. - Common Stock"
SNDA,Medical Care Facilities,"Sonida Senior Living, Inc. Common Stock"
SNDK,Computer Hardware,Sandisk Corporation - Common Stock When-Issued
SNDL,Beverages—Wineries & Distilleries,SNDL Inc. - Common Shares
SNDR,Trucking,"Schneider National, Inc. Common Stock"
SNDX,Biotechnology,"Syndax Pharmaceuticals, Inc. - Common Stock"
SNES,Specialty Chemicals,"SenesTech, Inc. - Common Stock"
SNEX,Capital Markets,StoneX Group Inc. - Common Stock
SNFCA,Insurance—Life,Security National Financial Corporation - Class A Common Stock
SNGX,Biotechnology,"Soligenix, Inc. - Common Stock"
SNN,Medical Devices,"Smith & Nephew SNATS, Inc. Common Stock"
SNOA,Drug Manufacturers—Specialty & Generic,"Sonoma Pharmaceuticals, Inc. - Common Stock"
SNOW,Software—Application,Snowflake Inc. Common Stock
SNPS,Software—Infrastructure,"Synopsys, Inc. - Common Stock"
SNSC,Solar,SunScout Holding Limited Class A Ordinary Shares
SNT,Security & Protection Services,Senstar Technologies Corporation - Common Shares
SNTG,Credit Services,Sentage Holdings Inc. - Class A Ordinary Shares
SNTI,Biotechnology,"Senti Biosciences Holdings, Inc. - Common Stock"
SNWV,Medical Devices,"SANUWAVE Health, Inc. - Common Stock"
SNX,Electronics & Computer Distribution,TD SYNNEX Corporation Common Stock
SNYR,Medical Distribution,Synergy CHC Corp. - Common Stock
SO,Utilities—Regulated Electric,Southern Company (The) Common Stock
SOAR,Airports & Air Services,"Volato Group, Inc. Class A Common Stock"
SOBO,Oil & Gas Midstream,South Bow Corporation Common Shares
SOBR,Scientific & Technical Instruments,"SOBR Safe, Inc. - Common Stock"
SOC,Oil & Gas Drilling,Sable Offshore Corp. Common Stock
SOCA,Shell Companies,Solarius Capital Acquisition Corp. - Class A Ordinary Share
SOFI,Credit Services,"SoFi Technologies, Inc.  - Common Stock"
SOLS,Specialty Chemicals,Solstice Advanced Materials Inc. - Common Stock
SOLV,Medical Instruments & Supplies,Solventum Corporation Common Stock
SON,Packaging & Containers,Sonoco Products Company Common Stock
SONM,Capital Markets,"DNA X, Inc. - Common Stock"
SONO,Consumer Electronics,"Sonos, Inc. - Common Stock"
SOPH,Health Information Services,SOPHiA GENETICS SA - Ordinary Shares
SOR,Asset Management,"Source Capital, Inc. Cmn Shs of BI"
SORA,Luxury Goods,AsiaStrategy - Ordinary Shares
SORN,Shell Companies,Soren Acquisition Corp. - Class A Ordinary Shares
SOS,Capital Markets,SOS Limited Class A Ordinary Shares
SOTK,Scientific & Technical Instruments,Sono-Tek Corporation - Common Stock
SOUL,Shell Companies,Soulpower Acquisition Corporation Class A Ordinary Shares
SOUN,Software—Application,"SoundHound AI, Inc. - Class A Common Stock"
SOWG,Confectioners,Sow Good Inc. - Common Stock
SPAI,Aerospace & Defense,Safe Pro Group Inc. - Common Stock
SPB,Household & Personal Products,"Spectrum Brands Holdings, Inc. Common Stock"
SPCB,Security & Protection Services,"SuperCom, Ltd. - Ordinary Shares"
SPCE,Aerospace & Defense,"Virgin Galactic Holdings, Inc. Common Stock"
SPCX,Aerospace & Defense,Space Exploration Technologies Corp. - Class A Common Stock
SPEG,Shell Companies,Silver Pegasus Acquisition Corp - Class A Ordinary Shares
SPFI,Banks—Regional,"South Plains Financial, Inc. - Common Stock"
SPG,REIT—Retail,"Simon Property Group, Inc. Common Stock"
SPGI,Financial Data & Stock Exchanges,S&P Global Inc. Common Stock
SPH,Utilities—Regulated Gas,"Suburban Propane Partners, L.P. Common Stock"
SPHL,Residential Construction,Springview Holdings Ltd - Ordinary shares
SPHR,Entertainment,Sphere Entertainment Co. Class A Common Stock
SPIR,Specialty Business Services,"Spire Global, Inc. Class A Common Stock"
SPKL,Shell Companies,Spark I Acquisition Corp. - Class A Ordinary Share
SPMC,Asset Management,"Sound Point Meridian Capital, Inc. Common Stock"
SPNT,Insurance—Reinsurance,SiriusPoint Ltd. Common Shares
SPOK,Health Information Services,"Spok Holdings, Inc. - Common Stock"
SPOT,Internet Content & Information,Spotify Technology S.A. Ordinary Shares
SPPL,Specialty Industrial Machinery,SIMPPLE LTD. - Ordinary Shares
SPRB,Biotechnology,"Spruce Biosciences, Inc. - Common Stock"
SPRC,Biotechnology,SciSparc Ltd. - Ordinary Shares
SPRO,Biotechnology,"Spero Therapeutics, Inc. - Common Stock"
SPRU,Solar,Spruce Power Holding Corporation Class A Common Stock
SPRY,Biotechnology,"ARS Pharmaceuticals, Inc. - Common Stock"
SPSC,Software—Application,"SPS Commerce, Inc. - Common Stock"
SPT,Software—Application,"Sprout Social, Inc - Class A Common Stock"
SPTX,Biotechnology,"Seaport Therapeutics, Inc. - Common Stock"
SPWH,Specialty Retail,"Sportsman's Warehouse Holdings, Inc. - Common Stock"
SPWR,Solar,SunPower Inc. - Common Stock
SPXC,Building Products & Equipment,"SPX Technologies, Inc. Common Stock"
SQM,Specialty Chemicals,Sociedad Quimica y Minera S.A. Common Stock
SR,Utilities—Regulated Gas,Spire Inc. Common Stock
SRAD,Software—Application,Sportradar Group AG - Class A Ordinary Shares
SRBK,Banks—Regional,"SR Bancorp, Inc. - Common stock"
SRCE,Banks—Regional,1st Source Corporation - Common Stock
SRE,Utilities—Diversified,DBA Sempra Common Stock
SRFM,Airlines,Surf Air Mobility Inc. Common Stock
SRG,Real Estate Services,Seritage Growth Properties Class A Common Stock
SRI,Auto Parts,"Stoneridge, Inc. Common Stock"
SRL,Capital Markets,Scully Royalty Ltd.
SRPT,Biotechnology,"Sarepta Therapeutics, Inc. - Common Stock"
SRRK,Biotechnology,Scholar Rock Holding Corporation - Common Stock
SRTA,Medical Care Facilities,"Strata Critical Medical, Inc. - Class A Common Stock"
SRTS,Medical Devices,"Sensus Healthcare, Inc. - Common Stock"
SRXH,Packaged Foods,SRX Global Inc. Common Stock
SRZN,Biotechnology,"Surrozen, Inc. - Common Stock"
SSAC,Shell Companies,SPACSphere Acquisition Corp. - Class A Ordinary Shares
SSB,Banks—Regional,SouthState Bank Corporation Common Stock
SSBI,Banks—Regional,Summit State Bank - Common Stock
SSD,Lumber & Wood Production,"Simpson Manufacturing Company, Inc. Common Stock"
SSEA,Shell Companies,Starry Sea Acquisition Corp - Ordinary Shares
SSII,Medical Devices,SS Innovations International Inc. - Common Stock
SSM,Auto Manufacturers,Sono Group N.V. - Ordinary Shares
SSMR,Other Industrial Metals & Mining,Sunshine Silver Mining & Refining Company Common Stock
SSNC,Software—Application,"SS&C Technologies Holdings, Inc. - Common Stock"
SSP,Broadcasting,E.W. Scripps Company (The) - Class A Common Stock
SSRM,Gold,SSR Mining Inc. - Common Stock
SST,Specialty Business Services,"System1, Inc. Class A Common Stock"
SSTI,Software—Application,"SoundThinking, Inc. - Common Stock"
SSTK,Internet Content & Information,"Shutterstock, Inc. Common Stock"
SSYS,Computer Hardware,"Stratasys, Ltd. - Common Stock"
ST,Scientific & Technical Instruments,Sensata Technologies Holding plc Ordinary Shares
STAA,Medical Instruments & Supplies,STAAR Surgical Company - Common Stock
STAG,REIT—Industrial,"Stag Industrial, Inc. Common Stock"
STAK,Oil & Gas Equipment & Services,STAK Inc. - Class A Ordinary Shares
STBA,Banks—Regional,"S&T Bancorp, Inc. - Common Stock"
STC,Insurance—Property & Casualty,Stewart Information Services Corporation Common Stock
STDN,Specialty Chemicals,"Standard Nuclear, Inc. Class A Common Stock"
STE,Medical Devices,STERIS plc (Ireland) Ordinary Shares
STEM,Utilities—Renewable,"Stem, Inc. Class A Common Stock"
STEP,Asset Management,StepStone Group Inc. - Class A Common Stock
STEX,Capital Markets,Streamex Corp. - Common Stock
STFS,Advertising Agencies,Star Fashion Culture Holdings Limited - Class A Ordinary Shares
STGW,Advertising Agencies,Stagwell Inc. - Class A Common Stock
STHO,Real Estate Services,Star Holdings - Shares of Beneficial Interest
STI,Electrical Equipment & Parts,"Solidion Technology, Inc. - Common Stock"
STIM,Medical Devices,"Neuronetics, Inc. - Common Stock"
STKE,Capital Markets,Sol Strategies Inc. - Common Shares
STKS,Restaurants,"The ONE Group Hospitality, Inc. - Common Stock"
STLA,Auto Manufacturers,Stellantis N.V. Common Shares
STLD,Steel,"Steel Dynamics, Inc. - Common Stock"
STLN,Medical Care Facilities,"Starling Oncology, Inc. - Common Stock"
STM,Semiconductors,STMicroelectronics N.V. Common Stock
STN,Engineering & Construction,Stantec Inc Common Stock
STNE,Software—Infrastructure,StoneCo Ltd. - Class A Common Share
STNG,Oil & Gas Midstream,Scorpio Tankers Inc. Common Shares
STOK,Biotechnology,"Stoke Therapeutics, Inc. - Common Stock"
STRA,Education & Training Services,"Strategic Education, Inc. - Common Stock"
STRL,Engineering & Construction,"Sterling Infrastructure, Inc. - Common Stock"
STRO,Biotechnology,"Sutro Biopharma, Inc. - Common Stock"
STRR,Staffing & Employment Services,"Star Equity Holdings, Inc. - Common Stock"
STRT,Auto Parts,STRATTEC SECURITY CORPORATION - Common Stock
STRW,REIT—Healthcare Facilities,"Strawberry Fields REIT, Inc. Common Stock"
STRZ,Entertainment,Starz Entertainment Corp. - Common Shares
STT,Asset Management,State Street Corporation Common Stock
STTK,Biotechnology,"Shattuck Labs, Inc. - Common Stock"
STUB,Internet Content & Information,"StubHub Holdings, Inc. Class A Common Stock"
STVN,Medical Instruments & Supplies,Stevanato Group S.p.A. Ordinary Shares
STX,Computer Hardware,Seagate Technology Holdings PLC - Ordinary Shares (Ireland)
STXS,Medical Instruments & Supplies,"Stereotaxis, Inc. Common Stock"
STZ,Beverages—Brewers,"Constellation Brands, Inc. Common Stock"
SU,Oil & Gas Integrated,Suncor Energy  Inc. Common Stock
SUGP,Security & Protection Services,SU Group Holdings Limited - Class A Ordinary Shares
SUIG,Credit Services,Sui Group Holdings Limited - Common Stock
SUJA,Beverages—Non-Alcoholic,"Suja Life, Inc. - Class A Common Stock"
SUMA,Shell Companies,SUMA Acquisition Corporation - Class A Ordinary Shares
SUNB,Rental & Leasing Services,"Sunbelt Rentals Holdings, Inc. Common Stock"
SUNE,Solar,"SUNation Energy, Inc. - Common Stock"
SUPN,Drug Manufacturers—Specialty & Generic,"Supernus Pharmaceuticals, Inc. - Common Stock"
SUPX,Software—Infrastructure,SuperX AI Technology Limited - Ordinary Shares
SURG,Telecom Services,"SurgePays, Inc. - Common Stock"
SVA,,"Sinovac Biotech, Ltd. - Ordinary Shares (Antigua/Barbudo)"
SVAQ,Shell Companies,Silicon Valley Acquisition Corp. - Class A Ordinary Shares
SVCC,Shell Companies,Stellar V Capital Corp. - Class A Ordinary Shares
SVCO,Software—Application,"Silvaco Group, Inc. - Common Stock"
SVIV,Shell Companies,Spring Valley Acquisition Corp. IV - Class A Ordinary Shares
SVM,Silver,Silvercorp Metals Inc. Common Shares
SVRA,Biotechnology,"Savara, Inc. - Common Stock"
SVRN,Marine Shipping,"SVRN, Inc. - Common Stock"
SVV,Specialty Retail,"Savers Value Village, Inc. Common Stock"
SW,Packaging & Containers,Smurfit WestRock plc Ordinary Shares
SWAG,Advertising Agencies,"Stran & Company, Inc. - Common Stock"
SWBI,Aerospace & Defense,"Smith & Wesson Brands, Inc. - Common Stock"
SWIM,Building Products & Equipment,"Latham Group, Inc. - Common Stock"
SWK,Tools & Accessories,"Stanley Black & Decker, Inc. Common Stock"
SWKS,Semiconductors,"Skyworks Solutions, Inc. - Common Stock"
SWMR,Software—Infrastructure,"Swarmer, Inc - common stock"
SWRD,Credit Services,Stewards Inc - Common Stock
SWVL,Railroads,Swvl Holdings Corp - Ordinary Shares
SWX,Utilities—Regulated Gas,"Southwest Gas Holdings, Inc. Common Stock (DE)"
SXC,Coking Coal,"SunCoke Energy, Inc. Common Stock"
SXI,Specialty Industrial Machinery,Standex International Corporation Common Stock
SXT,Specialty Chemicals,Sensient Technologies Corporation Common Stock
SXTC,Drug Manufacturers—Specialty & Generic,"China SXT Pharmaceuticals, Inc. - Class A Ordinary Shares"
SXTP,Biotechnology,"60 Degrees Pharmaceuticals, Inc. - Common Stock"
SY,Health Information Services,So-Young International Inc. - American Depository Shares
SYBT,Banks—Regional,"Stock Yards Bancorp, Inc. - Common Stock"
SYF,Credit Services,Synchrony Financial Common Stock
SYK,Medical Devices,Stryker Corporation Common Stock
SYM,Specialty Industrial Machinery,Symbotic Inc. - Class A Common Stock
SYNA,Semiconductors,Synaptics Incorporated - Common Stock
SYNX,Communication Equipment,Silynxcom Ltd. Ordinary Shares
SYPR,Auto Parts,"Sypris Solutions, Inc. - Common Stock"
SYRE,Biotechnology,"Spyre Therapeutics, Inc. - Common Stock"
SYY,Food Distribution,Sysco Corporation Common Stock
SZZL,Shell Companies,Sizzle Acquisition Corp. II - Class A ordinary shares
T,Telecom Services,AT&T Inc.
TAC,Utilities—Independent Power Producers,TransAlta Corporation Ordinary Shares
TACH,Shell Companies,Titan Acquisition Corp. - Class A Ordinary Shares
TACO,Shell Companies,Berto Acquisition Corp. - Ordinary Shares
TACT,Computer Hardware,TransAct Technologies Incorporated - Common Stock
TALO,Oil & Gas E&P,"Talos Energy, Inc. Common Stock"
TANH,Household & Personal Products,Tantech Holdings Ltd. - Class A Common Shares
TAOP,Software—Infrastructure,Taoping Inc. - Ordinary Shares
TAOX,Capital Markets,Tao Synergies Inc. - Common Stock
TAP,Beverages—Brewers,Molson Coors Beverage Company Class B Common Stock
TAP.A,Beverages—Brewers,Molson Coors Beverage Company Class A Common Stock
TARA,Biotechnology,"Protara Therapeutics, Inc.  - Common Stock"
TARS,Biotechnology,"Tarsus Pharmaceuticals, Inc. - Common Stock"
TASK,Information Technology Services,"TaskUs, Inc. - Class A Common Stock"
TATT,Aerospace & Defense,TAT Technologies Ltd. - Ordinary Shares
TAVI,Shell Companies,Tavia Acquisition Corp. - Ordinary Shares
TAYD,Specialty Industrial Machinery,"Taylor Devices, Inc. - Common Stock"
TBBB,Discount Stores,BBB Foods Inc. Class A Common Shares
TBBK,Banks—Regional,"The Bancorp, Inc. - Common Stock"
TBCH,Consumer Electronics,Turtle Beach Corporation - Common Stock
TBI,Staffing & Employment Services,"TrueBlue, Inc. Common Stock"
TBLA,Internet Content & Information,Taboola.com Ltd. - Ordinary Shares
TBN,Oil & Gas E&P,Tamboran Resources Corporation Common stock
TBPH,Biotechnology,"Theravance Biopharma, Inc. - Ordinary Shares"
TCBI,Banks—Regional,"Texas Capital Bancshares, Inc. - Common Stock"
TCBK,Banks—Regional,TriCo Bancshares - Common Stock
TCBX,Banks—Regional,"Third Coast Bancshares, Inc. Common Stock"
TCGX,Shell Companies,TCGX Acquisition Corp. - Class A Ordinary Shares
TCI,Real Estate Services,"Transcontinental Realty Investors, Inc. Common Stock"
TCMD,Medical Devices,"Tactile Systems Technology, Inc. - Common Stock"
TCRT,Biotechnology,"Alaunos Therapeutics, Inc. - Common Stock"
TCRX,Biotechnology,"TScan Therapeutics, Inc. - Common Stock"
TCX,Software—Infrastructure,Tucows Inc. - Common Stock
TD,Banks—Diversified,Toronto Dominion Bank (The) Common Stock
TDAC,Shell Companies,Translational Development Acquisition Corp. - Ordinary Shares
TDAY,Publishing,"USA TODAY Co., Inc. Common Stock"
TDC,Software—Infrastructure,Teradata Corporation Common Stock
TDG,Aerospace & Defense,Transdigm Group Incorporated Common Stock
TDIC,Advertising Agencies,Dreamland Limited - Class A Ordinary Shares
TDOC,Health Information Services,"Teladoc Health, Inc. Common Stock"
TDS,Telecom Services,"Telephone and Data Systems, Inc. Common Shares"
TDTH,Information Technology Services,Trident Digital Tech Holdings Ltd - Class B Ordinary Shares
TDUP,Internet Retail,ThredUp Inc. - Class A Common Stock
TDW,Oil & Gas Equipment & Services,Tidewater Inc. Common Stock
TDWD,Shell Companies,Tailwind 2.0 Acquisition Corp. - Class A Ordinary Shares
TDY,Scientific & Technical Instruments,Teledyne Technologies Incorporated Common Stock
TE,Electrical Equipment & Parts,T1 Energy Inc. Common Stock
TEAD,Internet Content & Information,Teads Holding Co. - Common Stock
TEAM,Software—Application,Atlassian Corporation  - Class A Common Stock
TECH,Biotechnology,Bio-Techne Corp - Common Stock
TECK,Copper,Teck Resources Ltd Ordinary Shares
TECX,Biotechnology,"Tectonic Therapeutic, Inc. - Common Stock"
TEL,Electronic Components,TE Connectivity plc Ordinary Shares
TELA,Medical Devices,"TELA Bio, Inc. - Common stock"
TELO,Biotechnology,"Telomir Pharmaceuticals, Inc. - Common Stock"
TEM,Health Information Services,"Tempus AI, Inc. - Class A Common Stock"
TEN,Oil & Gas Midstream,Tsakos Energy Navigation Ltd Common Shares
TENB,Software—Infrastructure,"Tenable Holdings, Inc. - Common Stock"
TENX,Biotechnology,"Tenax Therapeutics, Inc. - Common Stock"
TEO,Telecom Services,Telecom Argentina SA
TER,Semiconductor Equipment & Materials,"Teradyne, Inc. - Common Stock"
TEX,Farm & Heavy Construction Machinery,Terex Corporation Common Stock
TFC,Banks—Regional,Truist Financial Corporation Common Stock
TFII,Trucking,TFI International Inc. Common Shares
TFIN,Banks—Regional,"Triumph Financial, Inc. Common Stock"
TFPM,Other Precious Metals & Mining,Triple Flag Precious Metals Corp. Common Shares
TFSL,Banks—Regional,TFS Financial Corporation - Common Stock
TFX,Medical Instruments & Supplies,Teleflex Incorporated Common Stock
TG,Metal Fabrication,Tredegar Corporation Common Stock
TGB,Copper,Trekor Metals Limited Common Shares
TGE,Asset Management,The Generation Essentials Group Class A Ordinary Shares
TGEN,Electrical Equipment & Parts,Tecogen Inc. Common Stock
TGHL,Software—Infrastructure,The GrowHub Limited - Class A Ordinary Shares
TGL,Software—Application,Treasure Global Inc. - Common Stock
TGLS,Building Materials,Tecnoglass Holdings Inc. Common Stock
TGS,Oil & Gas Integrated,Transportadora de Gas del Sur SA TGS Common Stock
TGT,Discount Stores,Target Corporation Common Stock
TGTX,Biotechnology,"TG Therapeutics, Inc. - Common Stock"
TH,Specialty Business Services,Target Hospitality Corp. - Common Stock
THC,Medical Care Facilities,Tenet Healthcare Corporation Common Stock
THCH,Restaurants,TH International Limited - Ordinary shares
THEO,Shell Companies,BOA Acquisition Corp. II - Class A Ordinary Shares
THFF,Banks—Regional,First Financial Corporation  - Common Stock
THG,Insurance—Property & Casualty,Hanover Insurance Group Inc
THH,Specialty Business Services,TryHard Holdings Limited - Ordinary Shares
THM,Gold,"International Tower Hill Mines, Ltd. Ordinary Shares (Canada)"
THO,Recreational Vehicles,"Thor Industries, Inc. Common Stock"
THRM,Auto Parts,Gentherm Inc - Common Stock
THRY,Software—Application,"Thryv Holdings, Inc. - Common Stock"
TIC,Specialty Business Services,"TIC Solutions, Inc. Common Stock"
TIGO,Telecom Services,Millicom International Cellular S.A. - Common Stock
TII,Other Industrial Metals & Mining,Titan Mining Corporation Common Shares
TIL,Biotechnology,"Instil Bio, Inc. - Common Stock"
TILE,"Furnishings, Fixtures & Appliances","Interface, Inc. - Common Stock"
TIPT,Asset Management,Tiptree Inc. - Common Stock
TISI,Specialty Business Services,"Team, Inc. Common Stock"
TITN,Industrial Distribution,Titan Machinery Inc. - Common Stock
TJGC,Advertising Agencies,TJGC Group Limited - Class A Ordinary Shares
TJX,Apparel Retail,"TJX Companies, Inc. (The) Common Stock"
TK,Oil & Gas Midstream,Teekay Corporation Ltd. Common Stock
TKC,Telecom Services,Turkcell Iletisim Hizmetleri AS Common Stock
TKNO,Drug Manufacturers—Specialty & Generic,"Alpha Teknova, Inc. - Common Stock"
TKO,Entertainment,"TKO Group Holdings, Inc. Class A Common Stock"
TKR,Tools & Accessories,Timken Company (The) Common Stock
TLF,Specialty Retail,"Tandy Leather Factory, Inc. - common stock"
TLIH,Industrial Distribution,Ten-League International Holdings Limited - Ordinary Shares
TLK,Telecom Services,"PT Telekomunikasi Indonesia, Tbk"
TLN,Utilities—Independent Power Producers,Talen Energy Corporation - Common Stock
TLNC,Shell Companies,Talon Capital Corp. - Class A Ordinary Shares
TLPH,Drug Manufacturers—Specialty & Generic,"Talphera, Inc. - Common Stock"
TLRY,Drug Manufacturers—Specialty & Generic,"Tilray Brands, Inc. - Common Stock"
TLS,Software—Infrastructure,Telos Corporation - Common Stock
TLSA,Biotechnology,Tiziana Life Sciences Ltd - Common Shares
TLSI,Medical Devices,"TriSalus Life Sciences, Inc. - Common Stock"
TLYS,Apparel Retail,"Tilly's, Inc. Common Stock"
TM,Auto Manufacturers,Toyota Motor Corporation Common Stock
TMC,Other Industrial Metals & Mining,TMC the metals company Inc. - Common Stock
TMCI,Medical Devices,"Treace Medical Concepts, Inc. - Common Stock"
TMCR,Other Industrial Metals & Mining,The Metals Royalty Company Inc. - Common Stock
TMDE,Oil & Gas Midstream,TMD Energy Limited Ordinary Shares
TMDX,Medical Devices,"TransMedics Group, Inc. - Common Stock"
TMO,Diagnostics & Research,Thermo Fisher Scientific Inc Common Stock
TMP,Banks—Regional,Tompkins Financial Corporation Common Stock
TMQ,Other Industrial Metals & Mining,Trilogy Metals Inc. Common Stock
TMS,Financial Conglomerates,Teamshares Inc. - Common Stock
TMTS,Shell Companies,Spartacus Acquisition Corp. II - Class A Ordinary Shares
TMUS,Telecom Services,"T-Mobile US, Inc. - Common Stock"
TNC,Specialty Industrial Machinery,Tennant Company Common Stock
TNDM,Medical Devices,"Tandem Diabetes Care, Inc. - Common Stock"
TNET,Staffing & Employment Services,"TriNet Group, Inc. Common Stock"
TNGX,Biotechnology,"Tango Therapeutics, Inc. - Common Stock"
TNK,Oil & Gas Midstream,Teekay Tankers Ltd.
TNL,Travel Services,Travel   Leisure Co. Common  Stock
TNMG,Publishing,TNL Mediagene - Ordinary Shares
TNON,Medical Devices,"Tenon Medical, Inc. - Common Stock"
TNXP,Biotechnology,Tonix Pharmaceuticals Holding Corp. - Common Stock
TNYA,Biotechnology,"Tenaya Therapeutics, Inc. - Common Stock"
TOL,Residential Construction,"Toll Brothers, Inc. Common Stock"
TOMZ,Pollution & Treatment Controls,"TOMI Environmental Solutions, Inc. - Common Stock"
TONT,Shell Companies,Graf Global Corp. Class A ordinary shares
TONX,Software—Application,TON Strategy Company - Common Stock
TOON,Entertainment,"Kartoon Studios, Inc. Common Stock"
TOP,Capital Markets,TOP Financial Group Limited - Class A Ordinary Shares
TOPP,Trucking,Toppoint Holdings Inc. Common Stock
TOPS,Oil & Gas Midstream,"TOP Ships, Inc. Common Stock"
TORO,Oil & Gas Midstream,Toro Corp. - Common stock
TOST,Software—Infrastructure,"Toast, Inc. Class A Common Stock"
TOVX,Biotechnology,"Theriva Biologics, Inc. Common Stock"
TOWN,Banks—Regional,Towne Bank - Common Stock
TOYO,Solar,"TOYO Co., Ltd - Ordinary Shares"
TP,Software—Infrastructure,Ticketplus Ltd. Ordinary Shares
TPB,Tobacco,"Turning Point Brands, Inc. Common Stock"
TPC,Engineering & Construction,Tutor Perini Corporation Common Stock
TPCS,Metal Fabrication,TechPrecision Corporation - Common stock
TPET,Oil & Gas E&P,Trio Petroleum Corp. Common Stock
TPG,Asset Management,TPG Inc. - Class A Common Stock
TPL,Oil & Gas E&P,Texas Pacific Land Corporation Common Stock
TPR,Luxury Goods,"Tapestry, Inc. Common Stock"
TPST,Biotechnology,"Tempest Therapeutics, Inc. - Common Stock"
TPVG,Asset Management,TriplePoint Venture Growth BDC Corp. Common Stock
TR,Confectioners,"Tootsie Roll Industries, Inc. Common Stock"
TRAD,Shell Companies,APEX Tech Acquisition Inc. Ordinary Shares
TRAK,Software—Application,"ReposiTrak, Inc. Common Stock"
TRAW,Biotechnology,"Traws Pharma, Inc. - Common Stock"
TRAX,Biotechnology,"First Tracks Biotherapeutics, Inc. - Ordinary Shares"
TRBG,Specialty Industrial Machinery,TurboGen Ltd. - Ordinary Shares
TRC,Conglomerates,Tejon Ranch Co Common Stock
TRDA,Biotechnology,"Entrada Therapeutics, Inc. - Common Stock"
TREE,Financial Conglomerates,"LendingTree, Inc. - Common Stock"
TREO,Other Industrial Metals & Mining,Tactical Resources Corp. - Common Shares
TREX,Building Products & Equipment,"Trex Company, Inc. Common Stock"
TRGP,Oil & Gas Midstream,"Targa Resources, Inc. Common Stock"
TRGS,Shell Companies,TRG Latin America Acquisitions Corp. - Class A Ordinary Shares
TRI,Specialty Business Services,Thomson Reuters Corp - Common Shares
TRIN,Asset Management,Trinity Capital Inc. Common Stock
TRIP,Travel Services,"TripAdvisor, Inc. - Common Stock"
TRLV,Drug Manufacturers—Specialty & Generic,Trulieve Cannabis Corp. Subordinate Voting Shares
TRMB,Scientific & Technical Instruments,Trimble Inc. - Common Stock
TRMD,Oil & Gas Midstream,TORM plc - Class A Common Stock
TRN,Railroads,"Trinity Industries, Inc. Common Stock"
TRNO,REIT—Industrial,Terreno Realty Corporation Common Stock
TRNR,Personal Services,Interactive Strength Inc. - Common Stock
TRNS,Specialty Business Services,"Transcat, Inc. - Common Stock"
TRON,Leisure,Tron Inc. - Common Stock
TROO,Credit Services,"TROOPS, Inc.  - Ordinary Shares"
TROW,Asset Management,"T. Rowe Price Group, Inc. - Common Stock"
TROX,Chemicals,Tronox Holdings plc Ordinary Shares (UK)
TRP,Oil & Gas Midstream,TC Energy Corporation Common Stock
TRS,Packaging & Containers,TriMas Corporation - Common Stock
TRSG,Metal Fabrication,Tungray Technologies Inc - Class A Ordinary Shares
TRT,Semiconductor Equipment & Materials,Trio-Tech International Common Stock
TRTN-A,,Triton International Limited 8.50% Series A Cumulative Redeemable Perpetual  Preference Shares
TRTN-B,,Triton International Limited 8.00% Series B Cumulative Redeemable Perpetual Preference Shares
TRTN-C,,Triton International Limited 7.375% Series C Cumulative Redeemable Perpetual Preference Shares
TRTN-D,,Triton International Limited 6.875% Series D Cumulative Redeemable Perpetual Preference Shares
TRTN-E,,Triton International Limited 5.75% Series E Cumulative Redeemable Perpetual Preference Shares
TRTN-F,,Triton International Limited 7.625% Series F Cumulative Redeemable Perpetual Preference Shares
TRTN-G,,Triton International Limited 7.500% Series G Cumulative Redeemable Perpetual Preference Shares
TRU,Financial Data & Stock Exchanges,TransUnion Common Stock
TRUG,Electronic Gaming & Multimedia,"TruGolf Holdings, Inc. - Class A Common Stock"
TRUP,Insurance—Property & Casualty,"Trupanion, Inc. - Common Stock"
TRV,Insurance—Property & Casualty,"The Travelers Companies, Inc. Common Stock"
TRVI,Biotechnology,"Trevi Therapeutics, Inc. - Common Stock"
TRX,Gold,TRX Gold Corporation Common Stock
TSAT,Communication Equipment,Telesat Corporation - Class A Common Shares and Class B Variable Voting Shares
TSBK,Banks—Regional,"Timberland Bancorp, Inc. - Common Stock"
TSCO,Specialty Retail,Tractor Supply Company - Common Stock
TSEM,Semiconductors,Tower Semiconductor Ltd. - Ordinary Shares
TSHA,Biotechnology,"Taysha Gene Therapies, Inc. - Common Stock"
TSLA,US mega-cap technology,Tesla
TSLX,Asset Management,"Sixth Street Specialty Lending, Inc. Common Stock"
TSM,Semiconductors,Taiwan Semiconductor Manufacturing Company Ltd.
TSN,Farm Products,"Tyson Foods, Inc. Common Stock"
TSQ,Advertising Agencies,"Townsquare Media, Inc. Class A Common Stock"
TSSI,Information Technology Services,"TSS, Inc. - Common Stock"
TT,Building Products & Equipment,Trane Technologies plc
TTAM,Building Materials,Titan America SA Common Shares
TTAN,Software—Application,"ServiceTitan, Inc. - Class A Common Stock"
TTC,Tools & Accessories,Toro Company (The) Common Stock
TTD,Advertising Agencies,"The Trade Desk, Inc. - Class A Common Stock"
TTE,Oil & Gas Integrated,TotalEnergies SE Ordinary Shares
TTEC,Information Technology Services,"TTEC Holdings, Inc. - Common Stock"
TTEK,Engineering & Construction,"Tetra Tech, Inc. - Common Stock"
TTGT,Information Technology Services,"TechTarget, Inc. - Common Stock"
TTI,Conglomerates,"Tetra Technologies, Inc. Common Stock"
TTMI,Electronic Components,"TTM Technologies, Inc. - Common Stock"
TTRX,Biotechnology,Turn Therapeutics Inc. - Common Stock
TTWO,Electronic Gaming & Multimedia,"Take-Two Interactive Software, Inc. - Common Stock"
TU,Telecom Services,Telus Corporation Ordinary Shares
TULP,Farm Products,"Bloomia Holdings, Inc. - Common Stock"
TUSK,Conglomerates,"Mammoth Energy Services, Inc. - Common Stock"
TV,Telecom Services,Grupo Televisa S.A.B. Common Stock
TVA,Shell Companies,Texas Ventures Acquisition III Corp - Class A Ordinary Share
TVAI,Shell Companies,Thayer Ventures Acquisition Corporation II - Class A Ordinary Shares
TVC,,Tennessee Valley Authority Common Stock
TVE,,Tennessee Valley Authority
TVGN,Biotechnology,Tevogen Inc. - Common Stock
TVIV,Shell Companies,Texas Ventures Acquisition IV Corp - Class A Ordinary Shares
TVRD,Biotechnology,"Tvardi Therapeutics, Inc. - Common Stock"
TVTX,Biotechnology,"Travere Therapeutics, Inc. - Common Stock"
TW,Capital Markets,Tradeweb Markets Inc. - Class A Common Stock
TWAV,Asset Management,"TaoWeave, Inc. - Common Stock"
TWFG,Insurance Brokers,"TWFG, Inc. - Common Stock"
TWG,Food Distribution,Top Wealth Group Holding Limited - Class A Ordinary Shares
TWI,Farm & Heavy Construction Machinery,"Titan International, Inc. (DE) Common Stock"
TWIN,Specialty Industrial Machinery,"Twin Disc, Incorporated - Common Stock"
TWLO,Software—Infrastructure,Twilio Inc. Class A Common Stock
TWLV,Shell Companies,Twelve Seas Investment Company III - Class A Ordinary Shares
TWST,Diagnostics & Research,Twist Bioscience Corporation - Common Stock
TXG,Medical Devices,"10x Genomics, Inc. - Common Stock"
TXMD,Drug Manufacturers—Specialty & Generic,"TherapeuticsMD, Inc. - Common Stock"
TXN,Semiconductors,Texas Instruments Incorporated - Common Stock
TXNM,Utilities—Regulated Electric,"TXNM Energy, Inc. Common Stock"
TXRH,Restaurants,"Texas Roadhouse, Inc. - Common Stock"
TXT,Aerospace & Defense,Textron Inc. Common Stock
TY,Asset Management,Tri Continental Corporation Common Stock
TYG,Asset Management,Tortoise Energy Infrastructure Corporation Common Stock
TYGO,Solar,"Tigo Energy, Inc. - Common Stock"
TYL,Software—Application,"Tyler Technologies, Inc. Common Stock"
TYRA,Biotechnology,"Tyra Biosciences, Inc. - Common Stock"
TZOO,Internet Content & Information,Travelzoo - Common Stock
UA,Apparel Manufacturing,"Under Armour, Inc. Class C Common Stock"
UAA,Apparel Manufacturing,"Under Armour, Inc. Class A Common Stock"
UAVS,Computer Hardware,"AgEagle Aerial Systems, Inc. Common Stock"
UBER,Software—Application,"Uber Technologies, Inc. Common Stock"
UBS,Banks—Diversified,UBS Group AG Registered Ordinary Shares
UCAR,Auto & Truck Dealerships,U Power Limited - Class A Ordinary Shares
UCFI,,CN Healthy Food Tech Group Corp. - Common Stock
UCIB,,"ETRACS UBS Bloomberg Constant Maturity Commodity Index (CMCI) Total Return ETN Series B due April 5, 2038"
UCTT,Semiconductor Equipment & Materials,"Ultra Clean Holdings, Inc. - Common Stock"
UDR,REIT—Residential,"UDR, Inc. Common Stock"
UE,REIT—Retail,Urban Edge Properties Common Shares of Beneficial Interest
UEC,Uranium,Uranium Energy Corp. Common Stock
UEIC,Consumer Electronics,Universal Electronics Inc. - Common Stock
UFG,Marine Shipping,Uni-Fuels Holdings Limited - Class A Ordinary Shares
UFI,Textile Manufacturing,"Unifi, Inc. New Common Stock"
UFPI,Lumber & Wood Production,"UFP Industries, Inc. - Common Stock"
UFPT,Medical Devices,"UFP Technologies, Inc. - Common Stock"
UGI,Utilities—Regulated Gas,UGI Corporation Common Stock
UHAL,Rental & Leasing Services,U-Haul Holding Company Common Stock
UHAL.B,Rental & Leasing Services,U-Haul Holding Company Series N Non-Voting Common Stock
UHS,Medical Care Facilities,"Universal Health Services, Inc. Common Stock"
UI,Communication Equipment,Ubiquiti Inc. Common Stock
UIS,Information Technology Services,Unisys Corporation New Common Stock
UK,Real Estate Services,Ucommune International Ltd  - Class A Ordinary Shares
ULBI,Electrical Equipment & Parts,Ultralife Corporation - Common Stock
ULCC,Airlines,"Frontier Group Holdings, Inc. - Common Stock"
ULH,Trucking,"Universal Logistics Holdings, Inc. - Common Stock"
ULS,Specialty Business Services,UL Solutions Inc. Class A Common Stock
ULTA,Specialty Retail,"Ulta Beauty, Inc. - Common Stock"
UMAC,Computer Hardware,"Unusual Machines, Inc. Common Stock"
UMBF,Banks—Regional,UMB Financial Corporation - Common Stock
UMH,REIT—Residential,"UMH Properties, Inc. Common Stock"
UNB,Banks—Regional,"Union Bankshares, Inc. - Common Stock"
UNCY,Biotechnology,"Unicycive Therapeutics, Inc. - Common Stock"
UNF,Specialty Business Services,Unifirst Corporation Common Stock
UNM,Insurance—Life,Unum Group Common Stock
UNP,Railroads,Union Pacific Corporation Common Stock
UONE,Broadcasting,"Urban One, Inc.  - Class A Common Stock"
UONEK,Broadcasting,"Urban One, Inc.  - Class D Common Stock"
UP,Airports & Air Services,Wheels Up Experience Inc. Class A Common Stock
UPB,Biotechnology,"Upstream Bio, Inc. - Common Stock"
UPBD,Software—Application,"Upbound Group, Inc. - Common Stock"
UPC,Drug Manufacturers—Specialty & Generic,Universe Pharmaceuticals Inc - Class A Ordinary Shares
UPLD,Software—Application,"Upland Software, Inc. - Common Stock"
UPST,Credit Services,"Upstart Holdings, Inc. - Common stock"
UPWK,Internet Content & Information,Upwork Inc. - Common Stock
UPXI,Internet Content & Information,"Upexi, Inc. - Common Stock"
URBN,Apparel Retail,"Urban Outfitters, Inc. - Common Stock"
URG,Uranium,Ur Energy Inc Common Shares (Canada)
URGN,Biotechnology,UroGen Pharma Ltd. - Ordinary Shares
UROY,Uranium,Uranium Royalty Corp. - Common Stock
USAR,Other Industrial Metals & Mining,"USA Rare Earth, Inc. - Common Stock"
USAS,Other Industrial Metals & Mining,"Americas Gold and Silver Corporation Common Shares, no par value"
USAU,Gold,U.S. Gold Corp. - Common Stock
USB,Banks—Regional,U.S. Bancorp Common Stock
USBC,Scientific & Technical Instruments,"USBC, Inc. Common Stock"
USCB,Banks—Regional,"USCB Financial Holdings, Inc.  - Class A Common Stock"
USDE,Capital Markets,StablecoinX Inc. - Class A Common Stock
USFD,Food Distribution,US Foods Holding Corp. Common Stock
USGO,Other Industrial Metals & Mining,U.S. GoldMining Inc. - Common stock
USIO,Software—Infrastructure,"Usio, Inc. - Common Stock"
USNA,Packaged Foods,"USANA Health Sciences, Inc. Common Stock"
USPH,Medical Care Facilities,"U.S. Physical Therapy, Inc. Common Stock"
UTI,Education & Training Services,Universal Technical Institute Inc Common Stock
UTMD,Medical Instruments & Supplies,"Utah Medical Products, Inc. - Common Stock"
UTSI,Communication Equipment,UTStarcom Holdings Corp - Ordinary Shares
UTZ,Packaged Foods,Utz Brands Inc Class A Common Stock
UUU,Building Products & Equipment,"Universal Safety Products, Inc. Common Stock"
UUUU,Uranium,Energy Fuels Inc Ordinary Shares (Canada)
UVE,Insurance—Property & Casualty,UNIVERSAL INSURANCE HOLDINGS INC Common Stock
UVSP,Banks—Regional,Univest Financial Corporation - Common Stock
UVV,Tobacco,Universal Corporation Common Stock
UWMC,Mortgage Finance,UWM Holdings Corporation Class A Common Stock
UYSC,Shell Companies,UY Scuti Acquisition Corp. - Ordinary Shares
UZX,Internet Retail,Linkage Global Inc - Class A Ordinary Shares
V,Credit Services,Visa Inc.
VABK,Banks—Regional,Virginia National Bankshares Corporation - Common Stock
VAC,Resorts & Casinos,Marriott Vacations Worldwide Corporation Common Stock
VACI,Shell Companies,Viking Acquisition Corp. I Class A Ordinary Shares
VAI,Rental & Leasing Services,Valor Energy Incorporated - Common Stock
VAL,Oil & Gas Drilling,Valaris Limited Common Shares
VALU,Financial Data & Stock Exchanges,"Value Line, Inc. - Common Stock"
VANI,Biotechnology,"Vivani Medical, Inc.  - Common Stock"
VATE,Engineering & Construction,INNOVATE Corp. Common Stock
VBIO,Biotechnology,"Valion Bio, Inc. - Common stock"
VBNK,Banks—Regional,VersaBank - Common Shares
VC,Auto Parts,Visteon Corporation - Common Stock
VCEL,Biotechnology,Vericel Corporation - Common Stock
VCIG,Consulting Services,VCI Global Limited - Ordinary Share
VCTR,Asset Management,"Victory Capital Holdings, Inc. - Common Stock"
VCYT,Diagnostics & Research,"Veracyte, Inc. - Common Stock"
VECA,Shell Companies,Vernal Capital Acquisition Corp. Ordinary Shares
VECO,Semiconductor Equipment & Materials,Veeco Instruments Inc. - Common Stock
VEEA,Information Technology Services,Veea Inc. - Common Stock
VEEE,Recreational Vehicles,Twin Vee PowerCats Co. - Common Stock
VEEV,Health Information Services,Veeva Systems Inc. Class A Common Stock
VEL,Mortgage Finance,"Velocity Financial, Inc. Common Stock"
VELO,Computer Hardware,"Velo3D, Inc. - Common stock"
VENU,Restaurants,Venu Holding Corporation Common Stock
VERA,Biotechnology,"Vera Therapeutics, Inc. - Class A Common Stock"
VERI,Software—Infrastructure,"Veritone, Inc. - Common Stock"
VERU,Biotechnology,Veru Inc. - Common Stock
VERX,Software—Application,"Vertex, Inc. - Class A Common Stock"
VET,Oil & Gas E&P,Vermilion Energy Inc. Common (Canada)
VFC,Apparel Manufacturing,V.F. Corporation Common Stock
VFF,Farm Products,"Village Farms International, Inc. - Common Shares"
VFS,Auto Manufacturers,VinFast Auto Ltd. - Ordinary Shares
VG,Oil & Gas Midstream,"Venture Global, Inc. Class A common stock"
VGAS,Utilities—Renewable,"Verde Clean Fuels, Inc. - Class A Common Stock"
VGNT,Auto Parts,Versigent PLC Ordinary Shares
VGZ,Gold,Vista Gold Corp Common Stock
VHC,Software—Infrastructure,VirnetX Holding Corp - Common Stock
VHCP,Shell Companies,Vine Hill Capital Investment Corp. II - Class A Ordinary Shares
VHI,Chemicals,"Valhi, Inc. Common Stock"
VHUB,Grocery Stores,"VenHub Global, Inc. - Common Stock"
VIA,Software—Application,"Via Transportation, Inc. Class A Common Stock"
VIAV,Communication Equipment,Viavi Solutions Inc. - Common Stock
VICI,REIT—Diversified,VICI Properties Inc. Common Stock
VICR,Electronic Components,Vicor Corporation - Common Stock
VIDA,Software—Application,VIDA Global Inc. Class A Common Stock
VII,Shell Companies,Viking Acquisition Corp. II Class A Ordinary Shares
VIK,Travel Services,Viking Holdings Ltd Ordinary Shares
VINP,Asset Management,Vinci Compass Investments Ltd. - Class A Common Shares
VIP,Capital Markets,Vulcan Infrastructure and Power Inc. - Class A Common Stock
VIR,Biotechnology,"Vir Biotechnology, Inc. - Common Stock"
VIRC,"Furnishings, Fixtures & Appliances",Virco Manufacturing Corporation - Common Stock
VIRT,Capital Markets,"Virtu Financial, Inc. Class A Common Stock"
VISN,Communication Equipment,"Vistance Networks, Inc.  - Common Stock"
VITL,Farm Products,"Vital Farms, Inc. - Common Stock"
VIVK,Oil & Gas Integrated,"Vivakor, Inc. - Common Stock"
VIVO,Software—Infrastructure,VivoPower PLC - Class A Ordinary Shares
VIVS,Biotechnology,"VivoSim Labs, Inc. - Common Stock"
VKTX,Biotechnology,"Viking Therapeutics, Inc. - Common Stock"
VLGEA,Grocery Stores,"Village Super Market, Inc. - Class A Common Stock"
VLN,Semiconductors,Valens Semiconductor Ltd. Ordinary Shares
VLO,Oil & Gas Refining & Marketing,Valero Energy Corporation Common Stock
VLOS,Shell Companies,Velos Acquisition I Corp. - Class A Ordinary shares
VLTO,Pollution & Treatment Controls,Veralto Corp Common Stock
VLY,Banks—Regional,Valley National Bancorp - Common Stock
VMAR,Recreational Vehicles,Vision Marine Technologies Inc. - Common Shares
VMC,Building Materials,Vulcan Materials Company (Holding Company) Common Stock
VMD,Medical Devices,"Viemed Healthcare, Inc. - Common Shares"
VMET,Other Precious Metals & Mining,Versamet Royalties Corporation - Common Stock
VMI,Conglomerates,"Valmont Industries, Inc. Common Stock"
VMRK,REIT—Residential,Vivmark Residential Common Shares of Beneficial Interest
VNCE,Apparel Manufacturing,Vince Holding Corp. - Common Stock
VNDA,Biotechnology,Vanda Pharmaceuticals Inc. - Common Stock
VNME,Shell Companies,Vendome Acquisition Corporation I - Class A Ordinary Shares
VNOM,Oil & Gas Midstream,"Viper Energy, Inc.  - Class A Common Stock"
VNRX,Medical Devices,VolitionRX Limited Common Stock
VNT,Scientific & Technical Instruments,Vontier Corporation Common Stock
VNTG,Marine Shipping,Vantage Corp Class A Ordinary Shares
VOGX,Biotechnology,Vogenx Inc - Common Stock
VOR,Biotechnology,Vor Biopharma Inc. - Common Stock
VOXR,Other Precious Metals & Mining,Vox Royalty Corp. - common stock
VOYA,Financial Conglomerates,"Voya Financial, Inc. Common Stock"
VOYG,Aerospace & Defense,"Voyager Technologies, Inc. Class A Common Stock"
VPG,Scientific & Technical Instruments,"Vishay Precision Group, Inc. Common Stock"
VRA,Footwear & Accessories,"Vera Bradley, Inc. - Common Stock"
VRAX,Biotechnology,Virax Biolabs Group Limited - Ordinary Shares
VRCA,Biotechnology,Verrica Pharmaceuticals Inc. - Common Stock
VRDN,Biotechnology,"Viridian Therapeutics, Inc.  - Common Stock"
VREX,Medical Devices,Varex Imaging Corporation - Common Stock
VRM,Credit Services,"Vroom, Inc. - Common Stock"
VRME,Security & Protection Services,"VerifyMe, Inc. - Common Stock"
VRNS,Software—Infrastructure,"Varonis Systems, Inc. - Common Stock"
VRRM,Information Technology Services,Verra Mobility Corporation - Class A Common Stock
VRSK,Consulting Services,"Verisk Analytics, Inc. - Common Stock"
VRSN,Software—Infrastructure,"VeriSign, Inc. - Common Stock"
VRT,Electrical Equipment & Parts,"Vertiv Holdings, LLC Class A Common Stock"
VRTS,Asset Management,"Virtus Investment Partners, Inc. Common Stock"
VRTX,Biotechnology,Vertex Pharmaceuticals Incorporated - Common Stock
VRXA,Biotechnology,Veraxa Biotech AG - Ordinary Shares
VS,Software—Application,Versus Systems Inc. - Common Stock
VSAT,Communication Equipment,"ViaSat, Inc. - Common Stock"
VSEC,Aerospace & Defense,VSE Corporation - Common Stock
VSH,Semiconductors,"Vishay Intertechnology, Inc. Common Stock"
VSME,Advertising Agencies,VS Media Holdings Limited - Class A Ordinary Shares
VSNT,Entertainment,"Versant Media Group, Inc. - Class A Common Stock"
VST,Utilities—Independent Power Producers,Vistra Corp. Common Stock
VSTM,Biotechnology,"Verastem, Inc. - Common Stock"
VSTS,Rental & Leasing Services,Vestis Corporation Common Stock
VSXY,Apparel Retail,Victorias Secret & Co. Common Stock
VTAK,Medical Devices,"Catheter Precision, Inc. Common Stock"
VTEX,Software—Application,VTEX Class A Common Shares
VTGN,Biotechnology,"Vistagen Therapeutics, Inc. - Common Stock"
VTIX,Computer Hardware,Virtuix Holdings Inc. - Class A Common Stock
VTOL,Oil & Gas Equipment & Services,"Bristow Group, Inc. Common Stock"
VTR,REIT—Healthcare Facilities,"Ventas, Inc. Common Stock"
VTRS,Drug Manufacturers—Specialty & Generic,Viatris Inc. - Common Stock
VTS,Oil & Gas E&P,"Vitesse Energy, Inc. Common Stock"
VTSI,Software—Application,"VirTra, Inc. - Common Stock"
VTVT,Biotechnology,vTv Therapeutics Inc. - Class A Common Stock
VUZI,Consumer Electronics,Vuzix Corporation  - Common Stock
VVOS,Medical Devices,"Vivos Therapeutics, Inc. - Common Stock"
VVV,Auto & Truck Dealerships,Valvoline Inc. Common Stock
VVX,Aerospace & Defense,"V2X, Inc. Common Stock"
VWAV,Aerospace & Defense,"VisionWave Holdings, Inc. - Common Stock"
VXX,,iPath Series B S&P 500 VIX Short-Term Futures ETN
VXZ,,iPath Series B S&P 500 VIX Mid-Term Futures ETN
VYGR,Biotechnology,"Voyager Therapeutics, Inc. - Common Stock"
VYX,Information Technology Services,NCR Voyix Corporation Common Stock
VZ,Telecom Services,Verizon Communications Inc. Common Stock
VZLA,Other Industrial Metals & Mining,Vizsla Silver Corp. Common Shares
W,Internet Retail,Wayfair Inc. Class A Common Stock
WAB,Railroads,Westinghouse Air Brake Technologies Corporation Common Stock
WABC,Banks—Regional,Westamerica Bancorporation - Common Stock
WAFD,Banks—Regional,"WaFd, Inc. - Common Stock"
WAFU,Education & Training Services,Wah Fu Education Group Limited - Ordinary Shares
WAL,Banks—Regional,Western Alliance Bancorporation Common Stock (DE)
WALD,Household & Personal Products,Waldencast plc - Class A Ordinary Share
WAT,Diagnostics & Research,Waters Corporation Common Stock
WATR,Industrial Distribution,Air Water Ventures Limited - Ordinary Shares
WATT,Communication Equipment,Energous Corporation - Common Stock
WAY,Health Information Services,Waystar Holding Corp. - Common Stock
WBD,Entertainment,"Warner Bros. Discovery, Inc. - Series A Common Stock"
WBI,Oil & Gas Equipment & Services,WaterBridge Infrastructure LLC Class A Shares Representing Limited Liability Company Interests
WBTN,Internet Content & Information,WEBTOON Entertainment Inc. - Common stock
WBUY,Internet Retail,WEBUY GLOBAL LTD. - Class A Ordinary Shares
WBX,Electronic Components,Wallbox N.V. Class A Ordinary Shares
WCC,Industrial Distribution,"WESCO International, Inc. Common Stock"
WCN,Waste Management,"Waste Connections, Inc. Common Shares"
WCT,Software—Application,Wellchange Holdings Company Limited - Class A Ordinary shares
WD,Mortgage Finance,"Walker & Dunlop, Inc Common Stock"
WDAY,Software—Application,"Workday, Inc. - Class A Common Stock"
WDC,Computer Hardware,Western Digital Corporation - Common Stock
WDFC,Specialty Chemicals,WD-40 Company - Common Stock
WEAV,Health Information Services,"Weave Communications, Inc. Common Stock"
WEC,Utilities—Regulated Electric,"WEC Energy Group, Inc. Common Stock"
WELL,REIT—Healthcare Facilities,Welltower Inc. Common Stock
WEN,Restaurants,Wendy's Company (The) - Common Stock
WENC,Shell Companies,West Enclave Merger Corp. Ordinary Shares
WENN,Shell Companies,Wen Acquisition Corp - Class A Ordinary Shares
WERN,Trucking,"Werner Enterprises, Inc. - Common Stock"
WEST,Packaged Foods,Westrock Coffee Company - Common Stock
WETH,Electronic Components,Wetouch Technology Inc. - Common Stock
WETO,Software—Infrastructure,Wetour Robotics Limited - Ordinary Shares
WEX,Software—Infrastructure,WEX Inc. common stock
WEYS,Footwear & Accessories,"Weyco Group, Inc. - Common Stock"
WFC,Banks—Diversified,Wells Fargo & Company Common Stock
WFCF,Specialty Business Services,"Where Food Comes From, Inc. - Common Stock"
WFF,Specialty Industrial Machinery,WF Holding Limited - Ordinary Shares
WFG,Lumber & Wood Production,West Fraser Timber Co. Ltd Common stock
WFRD,Oil & Gas Equipment & Services,Weatherford International plc - Ordinary shares
WGO,Recreational Vehicles,"Winnebago Industries, Inc. Common Stock"
WGS,Diagnostics & Research,GeneDx Holdings Corp. - Class A Common Stock
WH,Lodging,"Wyndham Hotels & Resorts, Inc. Common Stock"
WHD,Oil & Gas Equipment & Services,"Cactus, Inc. Class A Common Stock"
WHG,Asset Management,Westwood Holdings Group Inc Common Stock
WHK,Oil & Gas Midstream,WhiteHawk Minerals Corp Class A Common Stock
WHR,"Furnishings, Fixtures & Appliances",Whirlpool Corporation Common Stock
WHWK,Biotechnology,"Whitehawk Therapeutics, Inc. - Common Stock"
WIMI,Advertising Agencies,WiMi Hologram Cloud Inc. - Class B Ordinary Shares
WINA,Specialty Retail,Winmark Corporation - Common Stock
WING,Restaurants,Wingstop Inc. - Common Stock
WIT,Information Technology Services,Wipro Limited Common Stock
WIX,Software—Infrastructure,Wix.com Ltd. - Ordinary Shares
WK,Software—Application,Workiva Inc. Class A Common Stock
WKC,Oil & Gas Refining & Marketing,World Kinect Corporation Common Stock
WKHS,Auto Manufacturers,"Workhorse Group, Inc. - Common Stock"
WKSP,Auto Parts,"Worksport, Ltd. - Common Stock"
WLCO,Shell Companies,Wilco 63 Corporation - Class A Ordinary Shares
WLDN,Engineering & Construction,"Willdan Group, Inc. - Common Stock"
WLDS,Consumer Electronics,Wearable Devices Ltd. - Ordinary Share
WLFC,Rental & Leasing Services,Willis Lease Finance Corporation - Common Stock
WLII,Shell Companies,Willow Lane Acquisition Corp. II - Class A Ordinary Shares
WLK,Specialty Chemicals,Westlake Corporation Common Stock
WLTH,Software—Application,Wealthfront Corporation - Common Stock
WLY,Publishing,"John Wiley & Sons, Inc. Common Stock"
WLYB,Publishing,"John Wiley & Sons, Inc. Common Stock"
WM,Waste Management,"Waste Management, Inc. Common Stock"
WMB,Oil & Gas Midstream,"Williams Companies, Inc. (The) Common Stock"
WMG,Entertainment,Warner Music Group Corp. - Class A Common Stock
WMK,Grocery Stores,"Weis Markets, Inc. Common Stock"
WMS,Building Products & Equipment,"Advanced Drainage Systems, Inc. Common Stock"
WMT,Discount Stores,Walmart Inc. - Common Stock
WNC,Farm & Heavy Construction Machinery,Wabash National Corporation Common Stock
WNEB,Banks—Regional,"Western New England Bancorp, Inc. - Common Stock"
WNW,Internet Retail,Meiwu Technology Company Limited - Ordinary Shares
WOK,Medical Devices,WORK Medical Technology Group LTD - Class A Ordinary Shares
WOLF,Semiconductors,"Wolfspeed, Inc. Common Stock New"
WOOF,Specialty Retail,"Petco Health and Wellness Company, Inc. - Class A Common Stock"
WOR,Metal Fabrication,"Worthington Enterprises, Inc. Common Shares"
WPAC,Shell Companies,White Pearl Acquisition Corp. Class A Ordinary Shares
WPC,REIT—Diversified,W. P. Carey Inc. REIT
WPM,Gold,Wheaton Precious Metals Corp Common Shares (Canada)
WPRT,Auto Parts,Westport Fuel Systems Inc - Common Shares
WRAP,Scientific & Technical Instruments,"Wrap Technologies, Inc. - Common Stock"
WRB,Insurance—Property & Casualty,W.R. Berkley Corporation Common Stock
WRB-E,,W.R. Berkley Corporation 5.70% Subordinated Debentures due 2058
WRB-F,,W.R. Berkley Corporation 5.10% Subordinated Debentures due 2059
WRB-G,,W.R. Berkley Corporation 4.25% Subordinated Debentures due 2060
WRB-H,,W.R. Berkley Corporation 4.125% Subordinated Debentures due 2061
WRBY,Medical Instruments & Supplies,Warby Parker Inc. Class A Common Stock
WRLD,Credit Services,World Acceptance Corporation - Common Stock
WRN,Other Industrial Metals & Mining,Western Copper and Gold Corporation Common Stock
WS,Steel,"Worthington Steel, Inc. Common Shares"
WSBC,Banks—Regional,"WesBanco, Inc. - Common Stock"
WSBF,Banks—Regional,"Waterstone Financial, Inc. - Common Stock"
WSBK,Banks—Regional,"Winchester Bancorp, Inc. - Common Stock"
WSC,Rental & Leasing Services,WillScot Holdings Corporation - Class A Common Stock
WSE,Information Technology Services,Wise Group plc - Class A Ordinary Shares
WSFS,Banks—Regional,WSFS Financial Corporation - Common Stock
WSHP,Internet Content & Information,WeShop Holdings Limited - Class A Ordinary Shares
WSM,Specialty Retail,"Williams-Sonoma, Inc. Common Stock (DE)"
WSO,Industrial Distribution,"Watsco, Inc. Common Stock"
WSO.B,Industrial Distribution,"Watsco, Inc. Class B Common Stock"
WST,Medical Instruments & Supplies,"West Pharmaceutical Services, Inc. Common Stock"
WSTN,Shell Companies,Westin Acquisition Corp - Class A Ordinary Share
WT,Asset Management,"WisdomTree, Inc. Common Stock"
WTBA,Banks—Regional,West Bancorporation - Common Stock
WTF,Capital Markets,Waton Financial Limited - Ordinary Shares
WTG,Shell Companies,Wintergreen Acquisition Corp. - Ordinary Shares
WTI,Oil & Gas E&P,"W&T Offshore, Inc. Common Stock"
WTM,Insurance—Property & Casualty,"White Mountains Insurance Group, Ltd. Common Stock"
WTRG,Utilities—Regulated Water,"Essential Utilities, Inc. Common Stock"
WTS,Specialty Industrial Machinery,"Watts Water Technologies, Inc. Class A Common Stock"
WTTR,Oil & Gas Equipment & Services,"Select Water Solutions, Inc. Class A common stock"
WTW,Insurance Brokers,Willis Towers Watson Public Limited Company - Ordinary Shares
WU,Credit Services,Western Union Company (The) Common Stock
WULF,Capital Markets,TeraWulf Inc. - Common Stock
WVE,Biotechnology,"Wave Life Sciences, Inc. - Common Stock"
WVVI,Beverages—Wineries & Distilleries,"Willamette Valley Vineyards, Inc. - Common Stock"
WW,Medical Care Facilities,"WW International, Inc.  - Common Stock"
WWD,Aerospace & Defense,"Woodward, Inc. - Common Stock"
WWR,Other Industrial Metals & Mining,"Westwater Resources, Inc. Common Stock"
WWW,Footwear & Accessories,"Wolverine World Wide, Inc. Common Stock"
WXM,Industrial Distribution,WF International Limited - Ordinary Shares
WY,REIT—Specialty,Weyerhaeuser Company Common Stock
WYFI,Information Technology Services,"WhiteFiber, Inc. - Ordinary Shares"
WYNN,Resorts & Casinos,"Wynn Resorts, Limited - Common Stock"
WYY,Information Technology Services,WidePoint Corporation Common Stock
XAIR,Medical Devices,"Beyond Air, Inc. - Common Stock"
XBIO,Biotechnology,"Xenetic Biosciences, Inc. - Common Stock"
XBIT,Biotechnology,XBiotech Inc. - Common Stock
XBP,Software—Infrastructure,"XBP Global Holdings, Inc. - Common Stock"
XCBE,Shell Companies,X3 Acquisition Corp. Ltd. - Class A Ordinary Shares
XCUR,Biotechnology,"Exicure, Inc. - Common Stock"
XE,Specialty Industrial Machinery,"X-Energy, Inc. - Class A Common Stock"
XEL,Utilities—Regulated Electric,Xcel Energy Inc. - Common Stock
XELB,Apparel Manufacturing,"Xcel Brands, Inc - Common Stock"
XENE,Biotechnology,Xenon Pharmaceuticals Inc. - Common Shares
XERS,Drug Manufacturers—Specialty & Generic,"Xeris Biopharma Holdings, Inc. - Common Stock"
XFLH,Shell Companies,XFLH Capital Corporation Ordinary Shares
XFOR,Biotechnology,"X4 Pharmaceuticals, Inc. - Common Stock"
XGN,Diagnostics & Research,Exagen Inc. - Common Stock
XHLD,Broadcasting,"TEN Holdings, Inc. - Common Stock"
XHR,REIT—Hotel & Motel,"Xenia Hotels & Resorts, Inc. Common Stock"
XLAB,Software—Infrastructure,Exascale Labs Holdings Inc. - Class A Common Stock
XLO,Biotechnology,"Xilio Therapeutics, Inc. - Common Stock"
XMAX,"Furnishings, Fixtures & Appliances","XMAX, Inc. - Common Stock"
XMTR,Industrial Distribution,"Xometry, Inc. - Class A Common Stock"
XNCR,Biotechnology,"Xencor, Inc. - Common Stock"
XNDU,Software—Infrastructure,Xanadu Quantum Technologies Limited - Class B Subordinate Voting Shares
XOM,Oil & Gas Integrated,ExxonMobil Holdings Corporation Common Stock
XOS,Farm & Heavy Construction Machinery,"Xos, Inc. - Common Stock"
XP,Capital Markets,XP Inc. - Class A Common Stock
XPEL,Auto Parts,"XPEL, Inc. - Common Stock"
XPER,Software—Application,Xperi Inc. Common Stock
XPL,Other Industrial Metals & Mining,Solitario Resources Corp. Common Stock
XPO,Trucking,"XPO, Inc. Common Stock"
XPOF,Leisure,"Xponential Fitness, Inc. Class A Common Stock"
XPON,Electrical Equipment & Parts,"Expion Energy, Inc. - Common Stock"
XPRO,Oil & Gas Equipment & Services,Expro Ltd Ordinary Shares
XRAY,Medical Instruments & Supplies,DENTSPLY SIRONA Inc. - Common Stock
XRN,REIT—Healthcare Facilities,Chiron Real Estate Inc. Common Stock
XRPN,Shell Companies,Armada Acquisition Corp. II - Class A Ordinary Shares
XRTX,Biotechnology,XORTX Therapeutics Inc. - Common Shares
XRX,Business Equipment & Supplies,Xerox Holdings Corporation - Common Stock
XSLL,Shell Companies,Xsolla SPAC 1 - Class A Ordinary Shares
XTER,Shell Companies,Karman Line Acquisition Corp. - Class A Ordinary Shares
XTIA,Aerospace & Defense,"XTI Aerospace, Inc. Common Stock  - Common Stock"
XTND,Computer Hardware,"Xtend AI Robotics, Inc. Common Stock"
XTNT,Medical Devices,"Xtant Medical Holdings, Inc. Common Stock"
XWEL,Diagnostics & Research,"XWELL, Inc. - Common Stock"
XXI,Education & Training Services,"Twenty One Capital, Inc. Class A Common Stock"
XXII,Tobacco,"22nd Century Group, Inc - Common Stock"
XYL,Specialty Industrial Machinery,Xylem Inc. Common Stock New
XYZ,Software—Infrastructure,"Block, Inc. Class A Common Stock,"
XZO,Insurance—Diversified,"Exzeo Group, Inc. Common Stock"
YAAS,Software—Application,Youxin Technology Ltd - Class A Ordinary shares
YARW,Biotechnology,"Yarrow Bioscience, Inc. - Common Stock"
YCBD,Drug Manufacturers—Specialty & Generic,"cbdMD, Inc. Common Stock"
YCY,Shell Companies,AA Mission Acquisition Corp. II Class A Ordinary Shares
YDDL,Waste Management,One and One Green Technologies. INC - Class A Ordinary Shares
YDES,Biotechnology,YD Bio Limited - Ordinary Shares
YDKG,Advertising Agencies,Yueda Digital Holding - Class A Ordinary Share
YELP,Internet Content & Information,Yelp Inc. Common Stock
YETI,Leisure,"YETI Holdings, Inc. Common Stock"
YEXT,Software—Infrastructure,"Yext, Inc. Common Stock"
YFOR,Specialty Business Services,YYForce Inc. - Class A Ordinary Shares
YHC,Beverages—Wineries & Distilleries,LQR House Inc. - Common Stock
YHGJ,Packaging & Containers,Yunhong Green CTI Ltd. - Common Stock
YHNA,Shell Companies,YHN Acquisition I Limited - Ordinary Shares
YIBO,Computer Hardware,Planet Image International Limited - Class A Ordinary Shares
YICC,Shell Companies,Yorkville International Capital Corp. - Class A Ordinary Shares
YJ,Internet Retail,Yunji Inc. - American Depository Shares
YMAT,Specialty Chemicals,"J-Star Holding Co., Ltd. - Class A Ordinary Shares"
YORW,Utilities—Regulated Water,The York Water Company - Common Stock
YOU,Software—Application,"Clear Secure, Inc. Class A Common Stock"
YSS,Aerospace & Defense,York Space Systems Inc. Common Stock
YSWY,Grocery Stores,"Yesway, Inc. - Class A Common Stock"
YSXT,Specialty Business Services,"YSX Tech. Co., Ltd  - Class A Ordinary Shares"
YTRA,Travel Services,"Yatra Online, Inc. - Ordinary Shares"
YUM,Restaurants,"Yum! Brands, Inc."
YUMC,Restaurants,"Yum China Holdings, Inc. Common Stock"
YXT,Software—Application,YXT.COM GROUP HOLDING LIMITED - American Depository Shares
YYAI,Software—Infrastructure,AiRWA Inc. - Common Stock
Z,Internet Content & Information,"Zillow Group, Inc. - Class C Capital Stock"
ZBAO,Insurance Brokers,Zhibao Technology Inc. - Class A Ordinary Shares
ZBH,Medical Devices,"Zimmer Biomet Holdings, Inc. Common Stock"
ZBIO,Biotechnology,"Zenas BioPharma, Inc. - Common Stock"
ZBRA,Communication Equipment,Zebra Technologies Corporation - Class A Common Stock
ZCMD,Health Information Services,Zhongchao Inc. - Class A Ordinary Shares
ZD,Advertising Agencies,"Ziff Davis, Inc. - Common Stock"
ZDAI,Engineering & Construction,"DirectBooking Technology Co., Ltd. - Class A Ordinary Shares"
ZDGE,Internet Content & Information,"Zedge, Inc. Class B Common Stock"
ZENA,Software—Infrastructure,"ZenaTech, Inc. - Common Stock"
ZEO,Solar,Zeo Energy Corporation - Class A Common Stock
ZETA,Software—Infrastructure,Zeta Global Holdings Corp. Class A Common Stock
ZG,Internet Content & Information,"Zillow Group, Inc. - Class A Common Stock"
ZGN,Apparel Manufacturing,Ermenegildo Zegna N.V. Ordinary Shares
ZIM,Marine Shipping,ZIM Integrated Shipping Services Ltd. Ordinary Shares
ZION,Banks—Regional,Zions Bancorporation N.A. - Common Stock
ZIP,Internet Content & Information,"ZipRecruiter, Inc. Class A Common Stock"
ZJK,Tools & Accessories,"ZJK Industrial Co., Ltd. - Class A Ordinary Shares"
ZJYL,Medical Instruments & Supplies,JIN MEDICAL INTERNATIONAL LTD. - Class A Ordinary Shares
ZKIN,Steel,"ZK International Group Co., Ltd - Ordinary Share"
ZKP,Shell Companies,Lafayette Digital Acquisition Corp. I - Class A Ordinary Shares
ZM,Software—Application,"Zoom Communications, Inc. - Class A Common Stock"
ZNB,Entertainment,Zeta Network Group - Class A Ordinary Shares
ZNTL,Biotechnology,"Zentalis Pharmaceuticals, Inc. - common stock"
ZONE,Pollution & Treatment Controls,Zone Frontier Inc. Class B Common Stock
ZOOZ,Electrical Equipment & Parts,ZOOZ Strategy Ltd. - Ordinary Shares
ZS,Software—Infrastructure,"Zscaler, Inc. - Common Stock"
ZSQR,Software—Infrastructure,Z Squared Inc. - Common Stock
ZSTK,Asset Management,ZeroStack Corp. - Common Stock
ZTG,Consulting Services,Zenta Group Company Limited - Class A Ordinary Shares
ZTS,Drug Manufacturers—Specialty & Generic,Zoetis Inc. Class A Common Stock
ZUMZ,Apparel Retail,Zumiez Inc. - Common Stock
ZURA,Biotechnology,Zura Bio Limited - Class A Ordinary shares
ZVIA,Beverages—Non-Alcoholic,Zevia PBC Class A Common Stock
ZVRA,Biotechnology,"Zevra Therapeutics, Inc.  - Common Stock"
ZWS,Pollution & Treatment Controls,Zurn Elkay Water Solutions Corporation Common Stock
ZYBT,Drug Manufacturers—Specialty & Generic,Zhengye Biotechnology Holding Limited - Class A Ordinary Shares
ZYME,Biotechnology,Zymeworks Inc. - Common Stock
