signal_date,code,horizon,date,open,high,low,close,signal_close,t1_open,ret_from_signal_close_pct,ret_from_t1_open_pct
2026-09-09,AARD,1,2026-09-10,4.869999885559082,5.014999866485596,4.539999961853027,5.010000228881836,4.920000076293945,4.869999885559082,1.8292713656964832,2.874750443791463
2026-09-09,AARD,2,2026-09-11,5.110000133514404,5.539999961853027,4.974999904632568,5.130000114440918,4.920000076293945,4.869999885559082,4.268293392083811,5.338813860197611
2026-09-09,AARD,3,2026-09-14,4.900000095367432,5.880000114440918,4.800000190734863,5.550000190734863,4.920000076293945,4.869999885559082,12.804880176251409,13.963045608936731
2026-09-09,AARD,4,2026-09-15,5.46999979019165,5.545000076293945,5.010000228881836,5.019999980926514,4.920000076293945,4.869999885559082,2.0325183553227655,3.080084166166497
2026-09-09,AARD,5,2026-09-16,,,,,4.920000076293945,4.869999885559082,,
2026-09-09,ABTS,1,2026-09-10,1.3300000429153442,1.4249999523162842,1.2649999856948853,1.4229999780654907,1.340000033378601,1.3300000429153442,6.194025568612727,6.992476101451217
2026-09-09,ABTS,2,2026-09-11,1.4600000381469729,1.4600000381469729,1.350000023841858,1.4179999828338623,1.340000033378601,1.3300000429153442,5.820891605397693,6.61653662248185
2026-09-09,ABTS,3,2026-09-14,1.3700000047683716,1.4299999475479126,1.3700000047683716,1.4299999475479126,1.340000033378601,1.3300000429153442,6.716411337870709,7.518789579387519
2026-09-09,ABTS,4,2026-09-15,1.4299999475479126,1.4600000381469729,1.3899999856948853,1.4299999475479126,1.340000033378601,1.3300000429153442,6.716411337870709,7.518789579387519
2026-09-09,ABTS,5,2026-09-16,,,,,1.340000033378601,1.3300000429153442,,
2026-09-09,ACH,1,2026-09-10,1.0499999523162842,1.100000023841858,0.959999978542328,1.0800000429153442,1.0700000524520874,1.0499999523162842,0.9345785021542818,2.857151615376763
2026-09-09,ACH,2,2026-09-11,1.1100000143051147,1.1100000143051147,1.0499999523162842,1.0800000429153442,1.0700000524520874,1.0499999523162842,0.9345785021542818,2.857151615376763
2026-09-09,ACH,3,2026-09-14,1.0399999618530271,1.149999976158142,1.0299999713897705,1.1200000047683716,1.0700000524520874,1.0499999523162842,4.672892510771454,6.666671964857551
2026-09-09,ACH,4,2026-09-15,1.1299999952316284,1.1299999952316284,1.059999942779541,1.1100000143051147,1.0700000524520874,1.0499999523162842,3.7383140086171496,5.714291877487354
2026-09-09,ACH,5,2026-09-16,1.100000023841858,1.1100000143051147,1.0399999618530271,1.0700000524520874,1.0700000524520874,1.0499999523162842,0.0,1.904771528006588
2026-09-09,ADBE,1,2026-09-10,251.80999755859372,255.0,247.19000244140625,248.8300018310547,254.8600006103516,251.80999755859372,-2.366004380780018,-1.183430267436314
2026-09-09,ADBE,2,2026-09-11,242.1699981689453,255.3000030517578,241.50999450683597,252.22999572753903,254.8600006103516,251.80999755859372,-1.0319410172306753,0.16679169731836918
2026-09-09,ADBE,3,2026-09-14,261.510009765625,266.1000061035156,256.6600036621094,265.6000061035156,254.8600006103516,251.80999755859372,4.214080462780867,5.476354663683725
2026-09-09,ADBE,4,2026-09-15,261.70001220703125,264.4599914550781,257.25,257.760009765625,254.8600006103516,251.80999755859372,1.1378832097340918,2.3628975277865116
2026-09-09,ADBE,5,2026-09-16,253.33999633789065,254.97999572753903,249.2700042724609,250.5,254.8600006103516,251.80999755859372,-1.7107433884917422,-0.5202325448928624
2026-09-09,ADBT,1,2026-09-10,0.3000000119209289,0.3199999928474426,0.3000000119209289,0.3100000023841858,0.3100000023841858,0.3000000119209289,0.0,3.3333300219643203
2026-09-09,ADBT,2,2026-09-11,0.3000000119209289,0.3000000119209289,0.2199999988079071,0.2300000041723251,0.3100000023841858,0.3000000119209289,-25.806450837608697,-23.33333498901784
2026-09-09,ADBT,3,2026-09-14,0.209999993443489,0.209999993443489,0.0900000035762786,0.1000000014901161,0.3100000023841858,0.3000000119209289,-67.7419352512826,-66.66666749450891
2026-09-09,ADBT,4,2026-09-15,0.1299999952316284,0.1299999952316284,0.1000000014901161,0.1299999952316284,0.3100000023841858,0.3000000119209289,-58.06451798973917,-56.666669978035685
2026-09-09,ADBT,5,2026-09-16,,,,,0.3100000023841858,0.3000000119209289,,
2026-09-09,ADSK,1,2026-09-10,207.0,213.88999938964844,206.4199981689453,211.6100006103516,206.6199951171875,207.0,2.415064181147586,2.227053434952464
2026-09-09,ADSK,2,2026-09-11,210.5,213.82000732421875,209.0399932861328,212.3999938964844,206.6199951171875,207.0,2.797405341152337,2.608692703615656
2026-09-09,ADSK,3,2026-09-14,219.4900054931641,230.42999267578125,218.9199981689453,228.92999267578125,206.6199951171875,207.0,10.797598531516917,10.594199360280786
2026-09-09,ADSK,4,2026-09-15,223.72000122070312,232.63999938964844,222.5399932861328,226.5,206.6199951171875,207.0,9.621530032239756,9.420289855072461
2026-09-09,ADSK,5,2026-09-16,222.55999755859372,225.6199951171875,219.19000244140625,220.30999755859372,206.6199951171875,207.0,6.625691010031121,6.429950511397942
2026-09-09,ADVB,1,2026-09-10,8.289999961853027,9.085000038146973,8.289999961853027,8.850000381469727,8.5,8.289999961853027,4.117651546702672,6.7551317514303655
2026-09-09,ADVB,2,2026-09-11,8.869999885559082,8.869999885559082,7.900000095367432,8.1899995803833,8.5,8.289999961853027,-3.647063760196456,-1.2062772247272036
2026-09-09,ADVB,3,2026-09-14,8.210000038146973,8.369999885559082,7.539999961853027,7.78000020980835,8.5,8.289999961853027,-8.470585766960593,-6.151987387110669
2026-09-09,ADVB,4,2026-09-15,7.75,8.210000038146973,7.414000034332275,8.079999923706055,8.5,8.289999961853027,-4.9411773681640625,-2.533172968797359
2026-09-09,ADVB,5,2026-09-16,,,,,8.5,8.289999961853027,,
2026-09-09,AEMD,1,2026-09-10,1.6699999570846558,1.690000057220459,1.5499999523162842,1.559999942779541,1.690000057220459,1.6699999570846558,-7.692314203511275,-6.586827373166127
2026-09-09,AEMD,2,2026-09-11,1.5700000524520874,1.600000023841858,1.5199999809265137,1.5299999713897705,1.690000057220459,1.6699999570846558,-9.467460379489001,-8.383232891771165
2026-09-09,AEMD,3,2026-09-14,1.4800000190734863,1.5700000524520874,1.4500000476837158,1.5399999618530271,1.690000057220459,1.6699999570846558,-8.875744987496436,-7.784431052236174
2026-09-09,AEMD,4,2026-09-15,1.4600000381469729,1.559999942779541,1.4600000381469729,1.4700000286102295,1.690000057220459,1.6699999570846558,-13.017752731444476,-11.97604392898124
2026-09-09,AEMD,5,2026-09-16,1.4600000381469729,1.5,1.409999966621399,1.4299999475479126,1.690000057220459,1.6699999570846558,-15.384621353218664,-14.371258425402289
2026-09-09,AEON,1,2026-09-10,0.2960000038146972,0.3540000021457672,0.2800000011920929,0.2899999916553497,0.231000006198883,0.2960000038146972,25.541118559827968,-2.027031108791366
2026-09-09,AEON,2,2026-09-11,0.2980000078678131,0.3799999952316284,0.2899999916553497,0.3269999921321869,0.231000006198883,0.2960000038146972,41.55843435374249,10.472968891208655
2026-09-09,AEON,3,2026-09-14,0.3260000050067901,0.3449999988079071,0.2520000040531158,0.2860000133514404,0.231000006198883,0.2960000038146972,23.80952626694055,-3.3783751129669137
2026-09-09,AEON,4,2026-09-15,0.277999997138977,0.277999997138977,0.2509999871253967,0.2660000026226043,0.231000006198883,0.2960000038146972,15.151513196751832,-10.13513540725276
2026-09-09,AEON,5,2026-09-16,,,,,0.231000006198883,0.2960000038146972,,
2026-09-09,AERT,1,2026-09-10,6.860000133514404,6.960000038146973,6.699999809265137,6.78000020980835,6.710000038146973,6.860000133514404,1.0432216283668971,-1.1661796231637989
2026-09-09,AERT,2,2026-09-11,6.78000020980835,6.949999809265137,6.699999809265137,6.849999904632568,6.710000038146973,6.860000133514404,2.086436150367854,-0.14577592838489473
2026-09-09,AERT,3,2026-09-14,7.079999923706055,7.179999828338623,6.71999979019165,7.079999923706055,6.710000038146973,6.860000133514404,5.514156236298029,3.206993963700455
2026-09-09,AERT,4,2026-09-15,6.789000034332275,6.889999866485596,6.75,6.809999942779541,6.710000038146973,6.860000133514404,1.4903115359770513,-0.7288657399667997
2026-09-09,AERT,5,2026-09-16,,,,,6.710000038146973,6.860000133514404,,
2026-09-09,AFRM,1,2026-09-10,66.86000061035156,69.02999877929688,66.02999877929688,67.98999786376953,68.1500015258789,66.86000061035156,-0.23478159725148773,1.6900945903416842
2026-09-09,AFRM,2,2026-09-11,68.62999725341797,71.4800033569336,67.875,71.44000244140625,68.1500015258789,66.86000061035156,4.827587442207193,6.850137285738511
2026-09-09,AFRM,3,2026-09-14,72.2300033569336,74.0,71.70999908447266,73.37999725341797,68.1500015258789,66.86000061035156,7.674241541363802,9.751714902103892
2026-09-09,AFRM,4,2026-09-15,73.5,74.9000015258789,71.44000244140625,72.08999633789062,68.1500015258789,66.86000061035156,5.781356894783873,7.822308824103308
2026-09-09,AFRM,5,2026-09-16,,,,,68.1500015258789,66.86000061035156,,
2026-09-09,AGEN,1,2026-09-10,6.760000228881836,7.039999961853027,6.659999847412109,6.889999866485596,6.860000133514404,6.760000228881836,0.43731388319701026,1.923071497073936
2026-09-09,AGEN,2,2026-09-11,6.929999828338623,7.019999980926514,6.699999809265137,6.940000057220459,6.860000133514404,6.760000228881836,1.16617962316381,2.6627192639665953
2026-09-09,AGEN,3,2026-09-14,7.03000020980835,7.179999828338623,6.820000171661377,7.130000114440918,6.860000133514404,6.760000228881836,3.935859703667255,5.4733709028332855
2026-09-09,AGEN,4,2026-09-15,7.050000190734863,7.190000057220459,6.809999942779541,7.159999847412109,6.860000133514404,6.760000228881836,4.373173586864265,5.917153919925777
2026-09-09,AGEN,5,2026-09-16,7.25,7.329999923706055,7.059999942779541,7.210000038146973,6.860000133514404,6.760000228881836,5.102039326831065,6.6568016868184365
2026-09-09,AGNT,1,2026-09-10,3.690000057220459,3.799999952316284,3.609999895095825,3.75,3.694999933242798,3.690000057220459,1.488499803812804,1.6260146842582035
2026-09-09,AGNT,2,2026-09-11,3.809999942779541,4.074999809265137,3.7799999713897705,4.019999980926514,3.694999933242798,3.690000057220459,8.795671273490125,8.943087224628155
2026-09-09,AGNT,3,2026-09-14,4.019999980926514,4.204999923706055,3.974999904632568,4.110000133514404,3.694999933242798,3.690000057220459,11.231399398359265,11.382115712223474
2026-09-09,AGNT,4,2026-09-15,4.050000190734863,4.079999923706055,3.865000009536743,3.880000114440918,3.694999933242798,3.690000057220459,5.006770894194856,5.149052961359013
2026-09-09,AGNT,5,2026-09-16,,,,,3.694999933242798,3.690000057220459,,
2026-09-09,AIAI,1,2026-09-10,3.430000066757202,3.5199999809265137,3.0299999713897705,3.2699999809265137,3.4200000762939453,3.430000066757202,-4.385967602959184,-4.664725443634065
2026-09-09,AIAI,2,2026-09-11,3.319999933242798,3.5199999809265137,3.1700000762939453,3.359999895095825,3.4200000762939453,3.430000066757202,-1.7543912239656678,-2.0408212915155044
2026-09-09,AIAI,3,2026-09-14,3.299999952316284,3.490000009536743,3.25,3.4100000858306885,3.4200000762939453,3.430000066757202,-0.29239737544372035,-0.583089811581905
2026-09-09,AIAI,4,2026-09-15,3.430000066757202,3.630000114440918,3.400000095367432,3.4800000190734863,3.4200000762939453,3.430000066757202,1.7543842526623443,1.4577245289547625
2026-09-09,AIAI,5,2026-09-16,,,,,3.4200000762939453,3.430000066757202,,
2026-09-09,AIFC,1,2026-09-10,0.5,0.5199999809265137,0.5,0.5099999904632568,0.5099999904632568,0.5,0.0,1.9999980926513672
2026-09-09,AIFC,2,2026-09-11,0.5,0.5299999713897705,0.5,0.5099999904632568,0.5099999904632568,0.5,0.0,1.9999980926513672
2026-09-09,AIFC,3,2026-09-14,0.5,0.5299999713897705,0.5,0.5199999809265137,0.5099999904632568,0.5,1.960782480441492,3.9999961853027344
2026-09-09,AIFC,4,2026-09-15,0.5299999713897705,0.5400000214576721,0.5099999904632568,0.5199999809265137,0.5099999904632568,0.5,1.960782480441492,3.9999961853027344
2026-09-09,AIFC,5,2026-09-16,0.5099999904632568,0.5299999713897705,0.4900000095367431,0.4900000095367431,0.5099999904632568,0.5,-3.921564960883006,-1.9999980926513783
2026-09-09,AIFU,1,2026-09-10,16.110000610351562,16.110000610351562,12.0,12.40999984741211,15.449999809265137,16.110000610351562,-19.676375400535505,-22.967105045061253
2026-09-09,AIFU,2,2026-09-11,12.779999732971191,13.06999969482422,10.670000076293944,10.739999771118164,15.449999809265137,16.110000610351562,-30.485437516461687,-33.33333727984391
2026-09-09,AIFU,3,2026-09-14,11.800000190734863,13.75,10.510000228881836,10.609999656677246,15.449999809265137,16.110000610351562,-31.326862215787298,-34.140290163243456
2026-09-09,AIFU,4,2026-09-15,11.0,11.989999771118164,9.5,9.56999969482422,15.449999809265137,16.110000610351562,-38.05825363774288,-40.595907310674036
2026-09-09,AIFU,5,2026-09-16,9.989999771118164,10.75,9.600000381469728,10.75,15.449999809265137,16.110000610351562,-30.42071111513294,-33.271262615021044
2026-09-09,AKAN,1,2026-09-10,3.240000009536743,3.328000068664551,3.0,3.0,3.25,3.240000009536743,-7.692307692307687,-7.407407679948075
2026-09-09,AKAN,2,2026-09-11,3.0899999141693115,3.309999942779541,3.0299999713897705,3.069999933242798,3.25,3.240000009536743,-5.538463592529297,-5.246915919554329
2026-09-09,AKAN,3,2026-09-14,3.039999961853028,3.049999952316284,2.7300000190734863,2.789999961853028,3.25,3.240000009536743,-14.153847327599145,-13.888890319727398
2026-09-09,AKAN,4,2026-09-15,2.75,2.8299999237060547,2.640000104904175,2.6600000858306885,3.25,3.240000009536743,-18.15384351290189,-17.901232160458648
2026-09-09,AKAN,5,2026-09-16,,,,,3.25,3.240000009536743,,
2026-09-09,ALEC,1,2026-09-10,2.220000028610229,2.240000009536743,2.0,2.140000104904175,2.2699999809265137,2.220000028610229,-5.726866833244582,-3.6036001204980184
2026-09-09,ALEC,2,2026-09-11,2.1700000762939453,2.220000028610229,2.0199999809265137,2.140000104904175,2.2699999809265137,2.220000028610229,-5.726866833244582,-3.6036001204980184
2026-09-09,ALEC,3,2026-09-14,2.150000095367432,2.2249999046325684,2.095000028610229,2.2100000381469727,2.2699999809265137,2.220000028610229,-2.6431693076513496,-0.4504500150622315
2026-09-09,ALEC,4,2026-09-15,2.190000057220459,2.2090001106262207,1.9850000143051147,2.0350000858306885,2.2699999809265137,2.220000028610229,-10.352418373145033,-8.333330648439441
2026-09-09,ALEC,5,2026-09-16,,,,,2.2699999809265137,2.220000028610229,,
2026-09-09,ALGS,1,2026-09-10,5.380000114440918,5.480000019073486,5.210000038146973,5.329999923706055,5.5,5.380000114440918,-3.090910478071729,-0.9293715552282866
2026-09-09,ALGS,2,2026-09-11,5.389999866485596,5.501999855041504,5.139999866485596,5.21999979019165,5.5,5.380000114440918,-5.090912905606359,-2.973983658844115
2026-09-09,ALGS,3,2026-09-14,5.170000076293945,5.269999980926514,5.019999980926514,5.039999961853027,5.5,5.380000114440918,-8.363637057217687,-6.319705304006728
2026-09-09,ALGS,4,2026-09-15,5.039999961853027,5.445000171661377,4.820000171661377,4.989999771118164,5.5,5.380000114440918,-9.272731434215197,-7.249076859235015
2026-09-09,ALGS,5,2026-09-16,,,,,5.5,5.380000114440918,,
2026-09-09,ALIT,1,2026-09-10,12.739999771118164,12.739999771118164,11.979999542236328,12.050000190734863,12.550000190734863,12.739999771118164,-3.9840636844701294,-5.416009362476936
2026-09-09,ALIT,2,2026-09-11,12.220000267028809,12.545000076293944,11.842000007629396,11.960000038146973,12.550000190734863,12.739999771118164,-4.701196363514503,-6.122446993597808
2026-09-09,ALIT,3,2026-09-14,12.100000381469728,12.515000343322754,12.017000198364258,12.369999885559082,12.550000190734863,12.739999771118164,-1.4342653580887377,-2.9042377724203705
2026-09-09,ALIT,4,2026-09-15,12.149999618530272,12.380000114440918,11.869999885559082,11.869999885559082,12.550000190734863,12.739999771118164,-5.418329042558878,-6.828884624718667
2026-09-09,ALIT,5,2026-09-16,,,,,12.550000190734863,12.739999771118164,,
2026-09-09,ALLO,1,2026-09-10,1.7300000190734863,1.7799999713897705,1.7000000476837158,1.7599999904632568,1.7300000190734863,1.7300000190734863,1.7341023733535632,1.7341023733535632
2026-09-09,ALLO,2,2026-09-11,1.7999999523162842,1.809999942779541,1.75,1.7799999713897705,1.7300000190734863,1.7300000190734863,2.8901706222559387,2.8901706222559387
2026-09-09,ALLO,3,2026-09-14,1.7799999713897705,1.840000033378601,1.7699999809265137,1.7799999713897705,1.7300000190734863,1.7300000190734863,2.8901706222559387,2.8901706222559387
2026-09-09,ALLO,4,2026-09-15,1.7999999523162842,1.7999999523162842,1.7100000381469729,1.7200000286102295,1.7300000190734863,1.7300000190734863,-0.5780341244511877,-0.5780341244511877
2026-09-09,ALLO,5,2026-09-16,,,,,1.7300000190734863,1.7300000190734863,,
2026-09-09,ALMS,1,2026-09-10,10.550000190734863,10.550000190734863,9.649999618530272,9.899999618530272,9.800000190734863,10.550000190734863,1.0204023045831123,-6.161142753110371
2026-09-09,ALMS,2,2026-09-11,9.989999771118164,10.104999542236328,9.140000343322754,9.18000030517578,9.800000190734863,10.550000190734863,-6.32652932134884,-12.985780671001635
2026-09-09,ALMS,3,2026-09-14,9.25,9.355999946594238,9.020000457763672,9.220000267028809,9.800000190734863,10.550000190734863,-5.918366453241497,-12.606634120007666
2026-09-09,ALMS,4,2026-09-15,9.18000030517578,9.199999809265137,8.3100004196167,8.399999618530273,9.800000190734863,10.550000190734863,-14.285719846497368,-20.379151974734043
2026-09-09,ALMS,5,2026-09-16,,,,,9.800000190734863,10.550000190734863,,
2026-09-09,ALOY,1,2026-09-10,9.25,9.31999969482422,8.760000228881836,8.789999961853027,9.539999961853027,9.25,-7.861635251561594,-4.972973385372681
2026-09-09,ALOY,2,2026-09-11,8.880000114440918,8.880000114440918,8.359999656677246,8.40999984741211,9.539999961853027,9.25,-11.844864978609804,-9.081082730679901
2026-09-09,ALOY,3,2026-09-14,8.220000267028809,8.649999618530273,8.119999885559082,8.520000457763672,9.539999961853027,9.25,-10.691818743898962,-7.891886943095439
2026-09-09,ALOY,4,2026-09-15,8.449999809265137,8.519000053405762,8.279999732971191,8.46500015258789,9.539999961853027,9.25,-11.268341861254383,-8.486484836887664
2026-09-09,ALOY,5,2026-09-16,,,,,9.539999961853027,9.25,,
2026-09-09,ALXO,1,2026-09-10,1.850000023841858,1.924999952316284,1.809999942779541,1.899999976158142,1.840000033378601,1.850000023841858,3.260866396255957,2.702700090373522
2026-09-09,ALXO,2,2026-09-11,1.909999966621399,2.005000114440918,1.850000023841858,1.940000057220459,1.840000033378601,1.850000023841858,5.434783805858867,4.8648666064176505
2026-09-09,ALXO,3,2026-09-14,1.9800000190734863,1.9800000190734863,1.9149999618530276,1.924999952316284,1.840000033378601,1.850000023841858,4.619560728029248,4.054050135560283
2026-09-09,ALXO,4,2026-09-15,1.919999957084656,1.919999957084656,1.8600000143051147,1.8899999856948853,1.840000033378601,1.850000023841858,2.717388663546627,2.1621600722988132
2026-09-09,ALXO,5,2026-09-16,,,,,1.840000033378601,1.850000023841858,,
2026-09-09,AMGN,1,2026-09-10,387.8399963378906,391.6700134277344,381.510009765625,382.4700012207031,391.2699890136719,387.8399963378906,-2.2490832519897808,-1.3845903382561642
2026-09-09,AMGN,2,2026-09-11,386.1400146484375,386.989990234375,377.2200012207031,377.3500061035156,391.2699890136719,387.8399963378906,-3.5576413476653967,-2.7047211049465836
2026-09-09,AMGN,3,2026-09-14,381.9400024414063,384.6099853515625,376.760009765625,381.5,391.2699890136719,387.8399963378906,-2.496994220870463,-1.6346937906752568
2026-09-09,AMGN,4,2026-09-15,380.2300109863281,381.0400085449219,375.1499938964844,375.6499938964844,391.2699890136719,387.8399963378906,-3.9921270620736804,-3.1430493390336656
2026-09-09,AMGN,5,2026-09-16,377.010009765625,379.1099853515625,374.4599914550781,376.3500061035156,391.2699890136719,387.8399963378906,-3.813219344465213,-2.9625593912095627
2026-09-09,AMOD,1,2026-09-10,1.950000047683716,2.0899999141693115,1.919999957084656,2.0899999141693115,1.950000047683716,1.950000047683716,7.179480157033469,7.179480157033469
2026-09-09,AMOD,2,2026-09-11,2.0799999237060547,2.25,2.069999933242798,2.240000009536743,1.950000047683716,1.950000047683716,14.871792551877117,14.871792551877117
2026-09-09,AMOD,3,2026-09-14,2.3299999237060547,2.4800000190734863,2.0899999141693115,2.180000066757202,1.950000047683716,1.950000047683716,11.794872484577045,11.794872484577045
2026-09-09,AMOD,4,2026-09-15,2.039999961853028,2.069999933242798,1.9299999475479128,1.9800000190734863,1.950000047683716,1.950000047683716,1.5384600336500132,1.5384600336500132
2026-09-09,AMOD,5,2026-09-16,,,,,1.950000047683716,1.950000047683716,,
2026-09-09,AMSS,1,2026-09-10,0.7300000190734863,0.7400000095367432,0.7099999785423279,0.7200000286102295,0.7300000190734863,0.7300000190734863,-1.369861671503625,-1.369861671503625
2026-09-09,AMSS,2,2026-09-11,0.7300000190734863,0.7400000095367432,0.6899999976158142,0.7099999785423279,0.7300000190734863,0.7300000190734863,-2.739731508026866,-2.739731508026866
2026-09-09,AMSS,3,2026-09-14,0.7300000190734863,0.7400000095367432,0.6899999976158142,0.7200000286102295,0.7300000190734863,0.7300000190734863,-1.369861671503625,-1.369861671503625
2026-09-09,AMSS,4,2026-09-15,0.699999988079071,0.7200000286102295,0.6399999856948853,0.6600000262260437,0.7300000190734863,0.7300000190734863,-9.58903986554499,-9.58903986554499
2026-09-09,AMSS,5,2026-09-16,,,,,0.7300000190734863,0.7300000190734863,,
2026-09-09,ANGH,1,2026-09-10,3.289999961853028,3.3299999237060547,3.25,3.259999990463257,3.2799999713897705,3.289999961853028,-0.6097555213709138,-0.9118532443044169
2026-09-09,ANGH,2,2026-09-11,3.289999961853028,3.4749999046325684,3.2300000190734863,3.375,3.2799999713897705,3.289999961853028,2.8963423609414507,2.583587815578503
2026-09-09,ANGH,3,2026-09-14,3.309999942779541,3.506999969482422,3.289999961853028,3.289999961853028,3.2799999713897705,3.289999961853028,0.30487776068546246,0.0
2026-09-09,ANGH,4,2026-09-15,3.369999885559082,3.7100000381469727,3.3299999237060547,3.5899999141693115,3.2799999713897705,3.289999961853028,9.451217850108428,9.118539689809445
2026-09-09,ANGH,5,2026-09-16,,,,,3.2799999713897705,3.289999961853028,,
2026-09-09,APG,1,2026-09-10,37.77000045776367,38.560001373291016,37.244998931884766,37.380001068115234,38.0099983215332,37.77000045776367,-1.657451410780686,-1.0325638997133568
2026-09-09,APG,2,2026-09-11,37.81999969482422,38.209999084472656,36.959999084472656,37.86000061035156,38.0099983215332,37.77000045776367,-0.3946269871226593,0.23828475376517222
2026-09-09,APG,3,2026-09-14,36.970001220703125,37.34999847412109,36.150001525878906,37.119998931884766,38.0099983215332,37.77000045776367,-2.34148757945154,-1.7209465660604661
2026-09-09,APG,4,2026-09-15,37.25,37.369998931884766,36.61000061035156,36.970001220703125,38.0099983215332,37.77000045776367,-2.7361145665741993,-2.1180810891308965
2026-09-09,APG,5,2026-09-16,,,,,38.0099983215332,37.77000045776367,,
2026-09-09,APPN,1,2026-09-10,34.0,34.400001525878906,33.279998779296875,34.06999969482422,34.2400016784668,34.0,-0.4965010961126559,0.20588145536535318
2026-09-09,APPN,2,2026-09-11,33.9900016784668,34.84000015258789,33.6349983215332,34.7599983215332,34.2400016784668,34.0,1.5186817102098127,2.2352891809800157
2026-09-09,APPN,3,2026-09-14,35.349998474121094,38.40999984741211,35.22200012207031,38.310001373291016,34.2400016784668,34.0,11.886680769013513,12.676474627326506
2026-09-09,APPN,4,2026-09-15,38.02999877929688,39.2599983215332,37.36000061035156,37.91999816894531,34.2400016784668,34.0,10.747652774774341,11.52940637925093
2026-09-09,APPN,5,2026-09-16,,,,,34.2400016784668,34.0,,
2026-09-09,AQB,1,2026-09-10,1.0199999809265137,1.100000023841858,1.0199999809265137,1.059999942779541,1.059999942779541,1.0199999809265137,0.0,3.921564960882984
2026-09-09,AQB,2,2026-09-11,1.1200000047683716,1.2300000190734863,1.0800000429153442,1.2200000286102295,1.059999942779541,1.0199999809265137,15.094348534692825,19.607848178785893
2026-09-09,AQB,3,2026-09-14,1.190000057220459,1.2050000429153442,1.149999976158142,1.149999976158142,1.059999942779541,1.0199999809265137,8.490569644994705,12.745097810055196
2026-09-09,AQB,4,2026-09-15,1.1299999952316284,1.1299999952316284,1.0700000524520874,1.100000023841858,1.059999942779541,1.0199999809265137,3.773592756753197,7.843141608951454
2026-09-09,AQB,5,2026-09-16,,,,,1.059999942779541,1.0199999809265137,,
2026-09-09,ASAN,1,2026-09-10,8.260000228881836,8.579999923706055,8.085000038146973,8.5600004196167,8.25,8.260000228881836,3.7575808438387703,3.631963467578192
2026-09-09,ASAN,2,2026-09-11,8.670000076293945,8.859999656677246,8.5,8.770000457763672,8.25,8.260000228881836,6.3030358516808604,6.174336740313557
2026-09-09,ASAN,3,2026-09-14,9.18000030517578,9.795000076293944,9.109999656677246,9.65999984741211,8.25,8.260000228881836,17.09090724135891,16.949147454440116
2026-09-09,ASAN,4,2026-09-15,9.43000030517578,9.744999885559082,9.350000381469728,9.5,8.25,8.260000228881836,15.15151515151516,15.012103350583361
2026-09-09,ASAN,5,2026-09-16,,,,,8.25,8.260000228881836,,
2026-09-09,ATYR,1,2026-09-10,0.4690000116825104,0.4690000116825104,0.4300000071525574,0.4320000112056732,0.4550000131130218,0.4690000116825104,-5.054945328459892,-7.889125704731182
2026-09-09,ATYR,2,2026-09-11,0.4359999895095825,0.4460000097751617,0.421999990940094,0.4300000071525574,0.4550000131130218,0.4690000116825104,-5.4945066461469345,-8.315565790722001
2026-09-09,ATYR,3,2026-09-14,0.4199999868869781,0.4339999854564667,0.3819999992847442,0.3889999985694885,0.4550000131130218,0.4690000116825104,-14.505497283829506,-17.05757166743481
2026-09-09,ATYR,4,2026-09-15,0.3939999938011169,0.4009999930858612,0.375,0.3889999985694885,0.4550000131130218,0.4690000116825104,-14.505497283829506,-17.05757166743481
2026-09-09,ATYR,5,2026-09-16,,,,,0.4550000131130218,0.4690000116825104,,
2026-09-09,AVIR,1,2026-09-10,5.21999979019165,5.300000190734863,5.170000076293945,5.179999828338623,5.269999980926514,5.21999979019165,-1.7077827877348017,-0.7662828249186293
2026-09-09,AVIR,2,2026-09-11,5.230000019073486,5.409999847412109,5.179999828338623,5.309999942779541,5.269999980926514,5.21999979019165,0.7590125616280252,1.7241409234728389
2026-09-09,AVIR,3,2026-09-14,5.309999942779541,5.454999923706055,5.25,5.320000171661377,5.269999980926514,5.21999979019165,0.9487702261067765,1.9157161971084191
2026-09-09,AVIR,4,2026-09-15,5.300000190734863,5.300000190734863,5.119999885559082,5.230000019073486,5.269999980926514,5.21999979019165,-0.7590125616280363,0.19157527363558025
2026-09-09,AVIR,5,2026-09-16,,,,,5.269999980926514,5.21999979019165,,
2026-09-09,AWRE,1,2026-09-10,1.149999976158142,1.2300000190734863,1.149999976158142,1.2200000286102295,1.159999966621399,1.149999976158142,5.172419285802743,6.0869612089853975
2026-09-09,AWRE,2,2026-09-11,1.25,1.25,1.1799999475479126,1.2200000286102295,1.159999966621399,1.149999976158142,5.172419285802743,6.0869612089853975
2026-09-09,AWRE,3,2026-09-14,1.2300000190734863,1.2699999809265137,1.2000000476837158,1.2400000095367432,1.159999966621399,1.149999976158142,6.896555622182587,7.826090021259691
2026-09-09,AWRE,4,2026-09-15,1.25,1.25,1.2100000381469729,1.2200000286102295,1.159999966621399,1.149999976158142,5.172419285802743,6.0869612089853975
2026-09-09,AWRE,5,2026-09-16,1.2000000476837158,1.2100000381469729,1.1799999475479126,1.2000000476837158,1.159999966621399,1.149999976158142,3.4482829494228984,4.347832396711104
2026-09-09,AXIL,1,2026-09-10,5.889999866485596,6.130000114440918,5.889999866485596,6.010000228881836,5.869999885559082,5.889999866485596,2.3850144131547957,2.0373576420442463
2026-09-09,AXIL,2,2026-09-11,6.0,6.25,5.929999828338623,6.164999961853027,5.869999885559082,5.889999866485596,5.025555060395859,4.668932115469082
2026-09-09,AXIL,3,2026-09-14,6.090000152587891,6.190000057220459,5.889999866485596,5.96999979019165,5.869999885559082,5.889999866485596,1.7035759213314572,1.3582330308911983
2026-09-09,AXIL,4,2026-09-15,5.860000133514404,6.0320000648498535,5.860000133514404,5.900000095367432,5.869999885559082,5.889999866485596,0.5110768380448105,0.16978317671512144
2026-09-09,AXIL,5,2026-09-16,,,,,5.869999885559082,5.889999866485596,,
2026-09-09,BALY,1,2026-09-10,8.75,9.149999618530272,8.600000381469727,9.06999969482422,8.869999885559082,8.75,2.254789310547234,3.6571393694196708
2026-09-09,BALY,2,2026-09-11,9.130000114440918,9.4399995803833,8.954999923706055,9.170000076293944,8.869999885559082,8.75,3.382189341662567,4.800000871930776
2026-09-09,BALY,3,2026-09-14,9.06999969482422,10.079999923706056,9.06999969482422,9.84000015258789,8.869999885559082,8.75,10.935741595758408,12.457144601004465
2026-09-09,BALY,4,2026-09-15,9.710000038146973,9.93000030517578,9.5,9.649999618530272,8.869999885559082,8.75,8.793683686975907,10.285709926060239
2026-09-09,BALY,5,2026-09-16,,,,,8.869999885559082,8.75,,
2026-09-09,BANL,1,2026-09-10,5.599999904632568,6.610000133514404,5.599999904632568,6.050000190734863,5.619999885559082,5.599999904632568,7.6512511375790515,8.035719531531328
2026-09-09,BANL,2,2026-09-11,6.0,6.900000095367432,5.880000114440918,6.300000190734863,5.619999885559082,5.599999904632568,12.099649804674929,12.500005321843366
2026-09-09,BANL,3,2026-09-14,6.28000020980835,6.300000190734863,5.644000053405762,5.800000190734863,5.619999885559082,5.599999904632568,3.202852470483175,3.5714337412192876
2026-09-09,BANL,4,2026-09-15,5.800000190734863,6.099999904632568,5.679999828338623,5.800000190734863,5.619999885559082,5.599999904632568,3.202852470483175,3.5714337412192876
2026-09-09,BANL,5,2026-09-16,,,,,5.619999885559082,5.599999904632568,,
2026-09-09,BBNX,1,2026-09-10,17.600000381469727,17.95199966430664,16.496000289916992,16.59000015258789,17.420000076293945,17.600000381469727,-4.764637887892798,-5.7386375397197265
2026-09-09,BBNX,2,2026-09-11,16.584999084472656,16.709999084472656,15.845000267028809,16.56999969482422,17.420000076293945,17.600000381469727,-4.879451077766939,-5.852276501822984
2026-09-09,BBNX,3,2026-09-14,15.520000457763672,17.600000381469727,15.510000228881836,16.729999542236328,17.420000076293945,17.600000381469727,-3.9609674571506215,-4.94318647941272
2026-09-09,BBNX,4,2026-09-15,16.729999542236328,19.549999237060547,16.3700008392334,19.229999542236328,17.420000076293945,17.600000381469727,10.39035280146483,9.261358667257502
2026-09-09,BBNX,5,2026-09-16,,,,,17.420000076293945,17.600000381469727,,
2026-09-09,BCRX,1,2026-09-10,8.34000015258789,8.460000038146973,8.050000190734863,8.289999961853027,8.8100004196167,8.34000015258789,-5.902388569764627,-0.5995226597130032
2026-09-09,BCRX,2,2026-09-11,8.300000190734863,8.399999618530273,8.109999656677246,8.119999885559082,8.8100004196167,8.34000015258789,-7.83201476950256,-2.637892841771028
2026-09-09,BCRX,3,2026-09-14,8.170000076293945,8.380000114440918,8.100000381469727,8.229999542236328,8.8100004196167,8.34000015258789,-6.583437568163086,-1.3189521383573322
2026-09-09,BCRX,4,2026-09-15,8.1899995803833,8.229999542236328,8.020000457763672,8.15999984741211,8.8100004196167,8.34000015258789,-7.377985712205781,-2.1582770009893504
2026-09-09,BCRX,5,2026-09-16,8.149999618530273,8.449999809265137,8.109999656677246,8.430000305175781,8.8100004196167,8.34000015258789,-4.313281456772633,1.0791385004946807
2026-09-09,BKNG,1,2026-09-10,171.6255122363617,176.4837897182915,170.6877896834203,173.91000366210938,173.0121612548828,171.6255122363617,0.5189475703409441,1.3310908127700083
2026-09-09,BKNG,2,2026-09-11,176.61000061035156,176.77999877929688,171.52999877929688,173.9199981689453,173.0121612548828,171.6255122363617,0.5247243358373233,1.3369142516665322
2026-09-09,BKNG,3,2026-09-14,176.1199951171875,182.0,174.57000732421875,175.35000610351562,173.0121612548828,171.6255122363617,1.3512604152656538,2.1701283326831966
2026-09-09,BKNG,4,2026-09-15,173.77999877929688,175.0,169.89999389648438,171.32000732421875,173.0121612548828,171.6255122363617,-0.9780549057306853,-0.17800670084654469
2026-09-09,BKNG,5,2026-09-16,171.33999633789062,173.69000244140625,170.0399932861328,171.39999389648438,173.0121612548828,171.6255122363617,-0.9318231427809187,-0.13140140818150847
2026-09-09,BL,1,2026-09-10,29.56999969482422,29.950000762939453,28.709999084472656,28.75,29.46999931335449,29.56999969482422,-2.443160265118216,-2.773079821734825
2026-09-09,BL,2,2026-09-11,28.84000015258789,29.040000915527344,28.26499938964844,28.350000381469727,29.46999931335449,29.56999969482422,-3.800471523517235,-4.125800899375842
2026-09-09,BL,3,2026-09-14,29.43000030517578,30.40999984741211,29.26000022888184,30.290000915527344,29.46999931335449,29.56999969482422,2.782496169931248,2.4349043900367295
2026-09-09,BL,4,2026-09-15,29.59000015258789,29.989999771118164,28.98500061035156,29.13999938964844,29.46999931335449,29.56999969482422,-1.1197825972004916,-1.4541775773201704
2026-09-09,BL,5,2026-09-16,,,,,29.46999931335449,29.56999969482422,,
2026-09-09,BLNE,1,2026-09-10,1.0,1.0980000495910645,0.9900000095367432,1.0800000429153442,1.0099999904632568,1.0,6.930698328024776,8.000004291534424
2026-09-09,BLNE,2,2026-09-11,1.0880000591278076,1.0880000591278076,1.0099999904632568,1.0299999713897705,1.0099999904632568,1.0,1.9801961500356402,2.999997138977051
2026-09-09,BLNE,3,2026-09-14,1.0399999618530271,1.1050000190734863,1.0149999856948853,1.0800000429153442,1.0099999904632568,1.0,6.930698328024776,8.000004291534424
2026-09-09,BLNE,4,2026-09-15,1.100000023841858,1.1050000190734863,1.0499999523162842,1.0700000524520874,1.0099999904632568,1.0,5.940600253006956,7.00000524520874
2026-09-09,BLNE,5,2026-09-16,,,,,1.0099999904632568,1.0,,
2026-09-09,BMNR,1,2026-09-10,23.670000076293945,24.68000030517578,23.36000061035156,24.200000762939453,24.209999084472656,23.670000076293945,-0.04129831437960085,2.2391241442213383
2026-09-09,BMNR,2,2026-09-11,24.51000022888184,26.96999931335449,24.280000686645508,25.030000686645508,24.209999084472656,23.670000076293945,3.387036898728213,5.7456721840640546
2026-09-09,BMNR,3,2026-09-14,24.604999542236328,25.96999931335449,24.5,25.76000022888184,24.209999084472656,23.670000076293945,6.402318062883738,8.8297429060048
2026-09-09,BMNR,4,2026-09-15,24.59000015258789,24.709999084472656,22.9950008392334,23.600000381469727,24.209999084472656,23.670000076293945,-2.5196147297426363,-0.2957317051060171
2026-09-09,BMNR,5,2026-09-16,,,,,24.209999084472656,23.670000076293945,,
2026-09-09,BRBR,1,2026-09-10,9.5600004196167,9.619999885559082,9.125,9.300000190734863,9.43000030517578,9.5600004196167,-1.378580172150834,-2.7196675467537346
2026-09-09,BRBR,2,2026-09-11,9.43000030517578,9.46500015258789,9.09000015258789,9.140000343322754,9.43000030517578,9.5600004196167,-3.0752911184303455,-4.393306044549162
2026-09-09,BRBR,3,2026-09-14,9.420000076293944,9.550000190734863,9.199999809265137,9.199999809265137,9.43000030517578,9.5600004196167,-2.4390295701730125,-3.7656965957120425
2026-09-09,BRBR,4,2026-09-15,9.119999885559082,9.15999984741211,8.850000381469727,9.149999618530272,9.43000030517578,9.5600004196167,-2.9692542691841295,-4.288711120191213
2026-09-09,BRBR,5,2026-09-16,,,,,9.43000030517578,9.5600004196167,,
2026-09-09,BRKR,1,2026-09-10,53.209999084472656,54.310001373291016,52.58000183105469,53.560001373291016,54.43000030517578,53.209999084472656,-1.5983812732075942,0.6577754084579501
2026-09-09,BRKR,2,2026-09-11,53.77000045776367,54.33000183105469,53.08000183105469,53.43000030517578,54.43000030517578,53.209999084472656,-1.8372221098534647,0.41345841850863874
2026-09-09,BRKR,3,2026-09-14,53.11000061035156,53.619998931884766,51.540000915527344,52.65999984741211,54.43000030517578,53.209999084472656,-3.251883975454184,-1.0336388771354899
2026-09-09,BRKR,4,2026-09-15,52.869998931884766,56.34000015258789,52.86000061035156,55.75,54.43000030517578,53.209999084472656,2.4251326243308835,4.7735406112204615
2026-09-09,BRKR,5,2026-09-16,56.63999938964844,61.720001220703125,56.61000061035156,60.66999816894531,54.43000030517578,53.209999084472656,11.464262040755791,14.019919588101581
2026-09-09,BRZE,1,2026-09-10,23.479999542236328,24.5,23.3799991607666,24.26499938964844,23.725000381469727,23.479999542236328,2.276075867212546,3.343270284141364
2026-09-09,BRZE,2,2026-09-11,24.21999931335449,24.71999931335449,23.420000076293945,23.940000534057617,23.725000381469727,23.479999542236328,0.9062176991820659,1.9591184019992491
2026-09-09,BRZE,3,2026-09-14,24.700000762939453,25.6299991607666,24.0,25.600000381469727,23.725000381469727,23.479999542236328,7.903055721189611,9.028964567992848
2026-09-09,BRZE,4,2026-09-15,24.8799991607666,25.96999931335449,24.8799991607666,25.420000076293945,23.725000381469727,23.479999542236328,7.144361085650774,8.262353372570995
2026-09-09,BRZE,5,2026-09-16,,,,,23.725000381469727,23.479999542236328,,
2026-09-09,BSP,1,2026-09-10,38.0,41.369998931884766,37.75,39.66999816894531,37.75,38.0,5.086087864755795,4.394732023540304
2026-09-09,BSP,2,2026-09-11,39.5099983215332,40.369998931884766,38.66999816894531,38.77000045776367,37.75,38.0,2.701987967585895,2.0263169941149295
2026-09-09,BSP,3,2026-09-14,38.75,42.150001525878906,38.5,41.04999923706055,37.75,38.0,8.741719833272965,8.026313781738281
2026-09-09,BSP,4,2026-09-15,40.34999847412109,40.900001525878906,38.68999862670898,39.400001525878906,37.75,38.0,4.370864969215638,3.6842145417866012
2026-09-09,BSP,5,2026-09-16,,,,,37.75,38.0,,
2026-09-09,BSY,1,2026-09-10,32.0099983215332,32.310001373291016,30.8700008392334,31.0,32.0099983215332,32.0099983215332,-3.155258901884339,-3.155258901884339
2026-09-09,BSY,2,2026-09-11,30.96999931335449,31.274999618530277,30.61000061035156,30.96999931335449,32.0099983215332,32.0099983215332,-3.2489817641730534,-3.2489817641730534
2026-09-09,BSY,3,2026-09-14,31.8799991607666,32.345001220703125,31.5049991607666,31.700000762939453,32.0099983215332,32.0099983215332,-0.9684397839696657,-0.9684397839696657
2026-09-09,BSY,4,2026-09-15,31.649999618530277,32.099998474121094,31.239999771118164,31.8799991607666,32.0099983215332,32.0099983215332,-0.40612048604560247,-0.40612048604560247
2026-09-09,BSY,5,2026-09-16,,,,,32.0099983215332,32.0099983215332,,
2026-09-09,BTCT,1,2026-09-10,1.4199999570846558,1.4600000381469729,1.2999999523162842,1.2999999523162842,1.5399999618530271,1.4199999570846558,-15.584416589722473,-8.450704816550747
2026-09-09,BTCT,2,2026-09-11,1.5099999904632568,1.6200000047683716,1.3600000143051147,1.4500000476837158,1.5399999618530271,1.4199999570846558,-5.844150415498561,2.1126825004031735
2026-09-09,BTCT,3,2026-09-14,1.4199999570846558,1.6299999952316284,1.409999966621399,1.5299999713897705,1.5399999618530271,1.4199999570846558,-0.6493500461664969,7.746480114756582
2026-09-09,BTCT,4,2026-09-15,1.5299999713897705,1.5399999618530271,1.2200000286102295,1.2400000095367432,1.5399999618530271,1.4199999570846558,-19.48051686672152,-12.676053027315803
2026-09-09,BTCT,5,2026-09-16,,,,,1.5399999618530271,1.4199999570846558,,
2026-09-09,BYAH,1,2026-09-10,2.2300000190734863,2.450000047683716,2.2100000381469727,2.4100000858306885,2.2699999809265137,2.2300000190734863,6.167405554207672,8.071751803481519
2026-09-09,BYAH,2,2026-09-11,2.369999885559082,2.3989999294281006,2.2230000495910645,2.380000114440918,2.2699999809265137,2.2300000190734863,4.845820900381992,6.726461618137258
2026-09-09,BYAH,3,2026-09-14,2.509999990463257,2.700000047683716,2.509999990463257,2.5999999046325684,2.2699999809265137,2.2300000190734863,14.537441695103603,16.591922977328434
2026-09-09,BYAH,4,2026-09-15,2.5999999046325684,2.809999942779541,2.4600000381469727,2.740000009536743,2.2699999809265137,2.2300000190734863,20.704847249311253,22.86995453368428
2026-09-09,BYAH,5,2026-09-16,,,,,2.2699999809265137,2.2300000190734863,,
2026-09-09,CABA,1,2026-09-10,2.8499999046325684,2.875,2.690000057220459,2.740000009536743,2.9100000858306885,2.8499999046325684,-5.841926848102386,-3.8596455711112254
2026-09-09,CABA,2,2026-09-11,2.7699999809265137,2.885999917984009,2.6700000762939453,2.7300000190734863,2.9100000858306885,2.8499999046325684,-6.185569121927337,-4.21052244121225
2026-09-09,CABA,3,2026-09-14,2.720000028610229,3.039999961853028,2.7100000381469727,2.9100000858306885,2.9100000858306885,2.8499999046325684,0.0,2.1052695861705883
2026-09-09,CABA,4,2026-09-15,2.890000104904175,2.9200000762939453,2.569999933242798,2.595000028610229,2.9100000858306885,2.8499999046325684,-10.82474391510334,-8.94736437035828
2026-09-09,CABA,5,2026-09-16,,,,,2.9100000858306885,2.8499999046325684,,
2026-09-09,CABO,1,2026-09-10,20.709999084472656,22.600000381469727,20.709999084472656,21.46999931335449,21.13999938964844,20.709999084472656,1.5610214438683379,3.6697260380452734
2026-09-09,CABO,2,2026-09-11,21.59000015258789,22.6299991607666,20.858999252319336,21.309999465942383,21.13999938964844,20.709999084472656,0.8041631088087309,2.8971531047511156
2026-09-09,CABO,3,2026-09-14,21.76000022888184,22.312000274658203,20.399999618530277,20.440000534057617,21.13999938964844,20.709999084472656,-3.311252960270139,-1.3037110688115416
2026-09-09,CABO,4,2026-09-15,20.13999938964844,20.88400077819824,18.280000686645508,18.6299991607666,21.13999938964844,20.709999084472656,-11.873227537134667,-10.043457342620243
2026-09-09,CABO,5,2026-09-16,,,,,21.13999938964844,20.709999084472656,,
2026-09-09,CAPS,1,2026-09-10,0.1800000071525573,0.1899999976158142,0.1700000017881393,0.1800000071525573,0.1800000071525573,0.1800000071525573,0.0,0.0
2026-09-09,CAPS,2,2026-09-11,0.1899999976158142,0.1899999976158142,0.1800000071525573,0.1800000071525573,0.1800000071525573,0.1800000071525573,0.0,0.0
2026-09-09,CAPS,3,2026-09-14,0.1800000071525573,0.1800000071525573,0.1700000017881393,0.1700000017881393,0.1800000071525573,0.1800000071525573,-5.55555831502973,-5.55555831502973
2026-09-09,CAPS,4,2026-09-15,0.1800000071525573,0.1800000071525573,0.1700000017881393,0.1700000017881393,0.1800000071525573,0.1800000071525573,-5.55555831502973,-5.55555831502973
2026-09-09,CAPS,5,2026-09-16,0.1800000071525573,0.1899999976158142,0.1700000017881393,0.1700000017881393,0.1800000071525573,0.1800000071525573,-5.55555831502973,-5.55555831502973
2026-09-09,CART,1,2026-09-10,46.650001525878906,47.28499984741211,46.310001373291016,47.2400016784668,46.63999938964844,46.650001525878906,1.2864543239070603,1.2647376919389552
2026-09-09,CART,2,2026-09-11,47.43000030517578,48.834999084472656,47.10300064086914,48.72999954223633,46.63999938964844,46.650001525878906,4.481132461274773,4.45873086457147
2026-09-09,CART,3,2026-09-14,49.22999954223633,50.220001220703125,48.57099914550781,49.47999954223633,46.63999938964844,46.650001525878906,6.089194231889761,6.066447853785162
2026-09-09,CART,4,2026-09-15,47.0099983215332,48.54499816894531,46.720001220703125,46.810001373291016,46.63999938964844,46.650001525878906,0.36449825443245487,0.34297929727473697
2026-09-09,CART,5,2026-09-16,,,,,46.63999938964844,46.650001525878906,,
2026-09-09,CASY,1,2026-09-10,632.0,656.5,627.5900268554688,627.6400146484375,629.030029296875,632.0,-0.2209774706608547,-0.6898710999307722
2026-09-09,CASY,2,2026-09-11,628.47998046875,628.47998046875,606.469970703125,615.469970703125,629.030029296875,632.0,-2.1557092606385275,-2.615510964695411
2026-09-09,CASY,3,2026-09-14,615.3499755859375,628.0900268554688,612.1799926757812,621.6099853515625,629.030029296875,632.0,-1.1796009092930881,-1.6439896595628944
2026-09-09,CASY,4,2026-09-15,617.5900268554688,619.7899780273438,586.4199829101562,587.1400146484375,629.030029296875,632.0,-6.659461821761015,-7.098098948032039
2026-09-09,CASY,5,2026-09-16,590.0,601.6699829101562,586.25,589.0,629.030029296875,632.0,-6.363770795111368,-6.803797468354434
2026-09-09,CAVA,1,2026-09-10,55.9900016784668,55.9900016784668,53.90999984741211,54.0,56.5099983215332,55.9900016784668,-4.44168889769152,-3.5542089994830883
2026-09-09,CAVA,2,2026-09-11,54.810001373291016,56.13999938964844,54.70000076293945,55.880001068115234,56.5099983215332,55.9900016784668,-1.114842102513225,-0.19646473844252554
2026-09-09,CAVA,3,2026-09-14,55.25,56.25,54.290000915527344,54.88999938964844,56.5099983215332,55.9900016784668,-2.866747442934292,-1.9646405712493653
2026-09-09,CAVA,4,2026-09-15,54.20000076293945,54.3390007019043,49.720001220703125,49.9900016784668,56.5099983215332,55.9900016784668,-11.53777532600272,-10.716199000057436
2026-09-09,CAVA,5,2026-09-16,,,,,56.5099983215332,55.9900016784668,,
2026-09-09,CDT,1,2026-09-10,0.4120000004768371,0.4120000004768371,0.324999988079071,0.3449999988079071,0.6000000238418579,0.4120000004768371,-42.500002483526764,-16.262136308588858
2026-09-09,CDT,2,2026-09-11,0.2569999992847442,0.257999986410141,0.2300000041723251,0.25,0.6000000238418579,0.4120000004768371,-58.33333498901785,-39.32038841974342
2026-09-09,CDT,3,2026-09-14,0.2199999988079071,0.2269999980926513,0.2090000063180923,0.2189999967813491,0.6000000238418579,0.4120000004768371,-63.50000198682142,-46.84466103692119
2026-09-09,CDT,4,2026-09-15,0.2119999974966049,0.2169999927282333,0.1930000036954879,0.2029999941587448,0.6000000238418579,0.4120000004768371,-66.16666898462498,-50.72815681461205
2026-09-09,CDT,5,2026-09-16,,,,,0.6000000238418579,0.4120000004768371,,
2026-09-09,CDW,1,2026-09-10,142.3699951171875,145.3000030517578,141.0,142.60000610351562,142.3699951171875,142.3699951171875,0.16155861081459388,0.16155861081459388
2026-09-09,CDW,2,2026-09-11,144.80999755859375,154.85000610351562,144.80999755859375,153.7899932861328,142.3699951171875,142.3699951171875,8.021351802074083,8.021351802074083
2026-09-09,CDW,3,2026-09-14,153.7899932861328,154.99000549316406,148.0399932861328,151.6999969482422,142.3699951171875,142.3699951171875,6.553348423855021,6.553348423855021
2026-09-09,CDW,4,2026-09-15,151.72999572753906,154.35000610351562,150.94000244140625,153.74000549316406,142.3699951171875,142.3699951171875,7.986240616653584,7.986240616653584
2026-09-09,CDW,5,2026-09-16,,,,,142.3699951171875,142.3699951171875,,
2026-09-09,CELH,1,2026-09-10,27.440000534057617,27.549999237060547,26.59000015258789,26.6299991607666,27.63999938964844,27.440000534057617,-3.654125366081229,-2.9518999909845856
2026-09-09,CELH,2,2026-09-11,27.549999237060547,27.90999984741211,27.18000030517578,27.21999931335449,27.63999938964844,27.440000534057617,-1.5195372126211026,-0.8017537041592582
2026-09-09,CELH,3,2026-09-14,27.420000076293945,28.68000030517578,27.3700008392334,28.450000762939453,27.63999938964844,27.440000534057617,2.9305404890651587,3.680758779972537
2026-09-09,CELH,4,2026-09-15,28.170000076293945,28.309999465942383,27.40999984741211,27.6299991607666,27.63999938964844,27.440000534057617,-0.03618027895320175,0.692414806891728
2026-09-09,CELH,5,2026-09-16,28.71999931335449,28.8799991607666,28.01000022888184,28.25,27.63999938964844,27.440000534057617,2.2069487113665076,2.9518930400057375
2026-09-09,CELU,1,2026-09-10,1.4049999713897705,1.4800000190734863,1.3849999904632568,1.434999942779541,1.440000057220459,1.4049999713897705,-0.3472301557105095,2.1352293238907194
2026-09-09,CELU,2,2026-09-11,1.4500000476837158,1.4500000476837158,1.35099995136261,1.409999966621399,1.440000057220459,1.4049999713897705,-2.083339542150253,0.35587155398177917
2026-09-09,CELU,3,2026-09-14,1.3200000524520874,1.4299999475479126,1.309999942779541,1.399999976158142,1.440000057220459,1.4049999713897705,-2.777783296726144,-0.35587155398179027
2026-09-09,CELU,4,2026-09-15,1.3300000429153442,1.399999976158142,1.2400000095367432,1.2400000095367432,1.440000057220459,1.4049999713897705,-13.888891648363078,-11.743769766046041
2026-09-09,CELU,5,2026-09-16,,,,,1.440000057220459,1.4049999713897705,,
2026-09-09,CETY,1,2026-09-10,1.0299999713897705,1.0950000286102295,1.0,1.0199999809265137,1.0199999809265137,1.0299999713897705,0.0,-0.9708728874782357
2026-09-09,CETY,2,2026-09-11,1.0499999523162842,1.0829999446868896,1.0099999904632568,1.0299999713897705,1.0199999809265137,1.0299999713897705,0.9803912402207571,0.0
2026-09-09,CETY,3,2026-09-14,1.0399999618530271,1.0700000524520874,1.0099999904632568,1.0449999570846558,1.0199999809265137,1.0299999713897705,2.4509781005518594,1.4563093312173425
2026-09-09,CETY,4,2026-09-15,1.0,1.0449999570846558,1.0,1.0099999904632568,1.0199999809265137,1.0299999713897705,-0.980391240220746,-1.9417457749564604
2026-09-09,CETY,5,2026-09-16,,,,,1.0199999809265137,1.0299999713897705,,
2026-09-09,CHGA,1,2026-09-10,2.25,2.3399999141693115,2.1519999504089355,2.25,2.2950000762939453,2.25,-1.9607875728968716,0.0
2026-09-09,CHGA,2,2026-09-11,2.2100000381469727,2.380000114440918,2.164999961853028,2.2300000190734863,2.2950000762939453,2.25,-2.832246407826866,-0.8888880411783817
2026-09-09,CHGA,3,2026-09-14,2.0999999046325684,2.220000028610229,2.009999990463257,2.1549999713897705,2.2950000762939453,2.25,-6.100222233118724,-4.22222349378798
2026-09-09,CHGA,4,2026-09-15,2.0899999141693115,2.140000104904175,1.9299999475479128,1.9800000190734863,2.2950000762939453,2.25,-13.725492233060542,-11.999999152289497
2026-09-09,CHGA,5,2026-09-16,,,,,2.2950000762939453,2.25,,
2026-09-09,CHGG,1,2026-09-10,0.75,0.7699999809265137,0.7099999785423279,0.7300000190734863,0.7599999904632568,0.75,-3.9473647060816464,-2.6666641235351562
2026-09-09,CHGG,2,2026-09-11,0.7300000190734863,0.75,0.7200000286102295,0.7300000190734863,0.7599999904632568,0.75,-3.9473647060816464,-2.6666641235351562
2026-09-09,CHGG,3,2026-09-14,0.75,0.7699999809265137,0.7400000095367432,0.7599999904632568,0.7599999904632568,0.75,0.0,1.3333320617675781
2026-09-09,CHGG,4,2026-09-15,0.7599999904632568,0.7699999809265137,0.7300000190734863,0.7400000095367432,0.7599999904632568,0.75,-2.6315764707210976,-1.3333320617675781
2026-09-09,CHGG,5,2026-09-16,,,,,0.7599999904632568,0.75,,
2026-09-09,CHTR,1,2026-09-10,133.97999572753906,141.25999450683594,133.49000549316406,140.55999755859375,133.88999938964844,133.97999572753906,4.981700051797144,4.911182296524141
2026-09-09,CHTR,2,2026-09-11,142.0399932861328,146.17999267578125,139.1699981689453,145.77000427246094,133.88999938964844,133.97999572753906,8.872959098490352,8.799827527161575
2026-09-09,CHTR,3,2026-09-14,145.77000427246094,148.33999633789062,143.22000122070312,143.35000610351562,133.88999938964844,133.97999572753906,7.065506577781466,6.9935890989512695
2026-09-09,CHTR,4,2026-09-15,141.80999755859375,144.0,139.13999938964844,141.1999969482422,133.88999938964844,133.97999572753906,5.459703930029969,5.388865092506556
2026-09-09,CHTR,5,2026-09-16,139.82000732421875,141.0,134.5399932861328,135.0,133.88999938964844,133.97999572753906,0.8290392228035071,0.7613108710162964
2026-09-09,CHWY,1,2026-09-10,20.40999984741211,21.399999618530277,20.049999237060547,21.07999992370605,20.75,20.40999984741211,1.5903610781014432,3.28270495493852
2026-09-09,CHWY,2,2026-09-11,20.75,20.75,19.75,20.440000534057617,20.75,20.40999984741211,-1.4939733298428126,0.14699013654970727
2026-09-09,CHWY,3,2026-09-14,20.690000534057617,21.940000534057617,20.690000534057617,21.350000381469727,20.75,20.40999984741211,2.891568103468556,4.605588148384054
2026-09-09,CHWY,4,2026-09-15,21.190000534057617,21.649999618530277,21.030000686645508,21.190000534057617,20.75,20.40999984741211,2.1204845014825002,3.821659443786851
2026-09-09,CHWY,5,2026-09-16,,,,,20.75,20.40999984741211,,
2026-09-09,CIA,1,2026-09-10,3.640000104904175,3.839999914169312,3.4600000381469727,3.5,3.609999895095825,3.640000104904175,-3.047088595355907,-3.8461566172910966
2026-09-09,CIA,2,2026-09-11,3.569999933242798,3.640000104904175,3.4600000381469727,3.5799999237060547,3.609999895095825,3.640000104904175,-0.8310241623697978,-1.6483565788166232
2026-09-09,CIA,3,2026-09-14,3.609999895095825,3.640000104904175,3.4800000190734863,3.619999885559082,3.609999895095825,3.640000104904175,0.27700805412327334,-0.5494565595793977
2026-09-09,CIA,4,2026-09-15,3.619999885559082,3.619999885559082,3.509999990463257,3.5299999713897705,3.609999895095825,3.640000104904175,-2.21606443298612,-3.0219816028631663
2026-09-09,CIA,5,2026-09-16,3.5799999237060547,3.5999999046325684,3.5299999713897705,3.5299999713897705,3.609999895095825,3.640000104904175,-2.21606443298612,-3.0219816028631663
2026-09-09,CIRC,1,2026-09-10,0.5839999914169312,0.5929999947547913,0.550000011920929,0.5730000138282776,0.5690000057220459,0.5839999914169312,0.7029891152910972,-1.8835578339590153
2026-09-09,CIRC,2,2026-09-11,0.5740000009536743,0.5989999771118164,0.5320000052452087,0.5440000295639038,0.5690000057220459,0.5839999914169312,-4.393668876403223,-6.8493086371418155
2026-09-09,CIRC,3,2026-09-14,0.550000011920929,0.550000011920929,0.4990000128746032,0.5019999742507935,0.5690000057220459,0.5839999914169312,-11.775049349293276,-14.041099036180638
2026-09-09,CIRC,4,2026-09-15,0.5130000114440918,0.550000011920929,0.4600000083446502,0.4699999988079071,0.5690000057220459,0.5839999914169312,-17.398946558622686,-19.52054696652158
2026-09-09,CIRC,5,2026-09-16,,,,,0.5690000057220459,0.5839999914169312,,
2026-09-09,CLIK,1,2026-09-10,0.9729999899864196,1.2799999713897705,0.959999978542328,1.25,1.149999976158142,0.9729999899864196,8.695654427396814,28.46865497063844
2026-09-09,CLIK,2,2026-09-11,1.340000033378601,1.399999976158142,1.2400000095367432,1.3300000429153442,1.149999976158142,0.9729999899864196,15.652180042519358,36.69065329938055
2026-09-09,CLIK,3,2026-09-14,1.25,1.2999999523162842,1.2450000047683716,1.2699999809265137,1.149999976158142,0.9729999899864196,10.434783239671109,30.52415148989256
2026-09-09,CLIK,4,2026-09-15,1.2400000095367432,1.2899999618530271,1.190999984741211,1.2400000095367432,1.149999976158142,0.9729999899864196,7.826090021259691,27.440906711011404
2026-09-09,CLIK,5,2026-09-16,,,,,1.149999976158142,0.9729999899864196,,
2026-09-09,CMCSA,1,2026-09-10,24.600000381469727,25.34000015258789,24.51000022888184,25.170000076293945,24.59000015258789,24.600000381469727,2.3586820663155317,2.3170718942491453
2026-09-09,CMCSA,2,2026-09-11,25.209999084472656,25.40999984741211,25.0,25.200000762939453,24.59000015258789,24.600000381469727,2.480685671274241,2.439025903112113
2026-09-09,CMCSA,3,2026-09-14,25.32999992370605,25.450000762939453,24.81999969482422,24.8799991607666,24.59000015258789,24.600000381469727,1.1793371548563858,1.138206402255948
2026-09-09,CMCSA,4,2026-09-15,24.61000061035156,24.770000457763672,24.3700008392334,24.420000076293945,24.59000015258789,24.600000381469727,-0.6913382482271135,-0.7317085462785977
2026-09-09,CMCSA,5,2026-09-16,24.3799991607666,24.46999931335449,23.59000015258789,23.729999542236328,24.59000015258789,24.600000381469727,-3.4973591094551226,-3.5365887225300097
2026-09-09,CMCT,1,2026-09-10,2.900000095367432,2.900000095367432,2.6600000858306885,2.740000009536743,2.819999933242798,2.900000095367432,-2.8368767943217854,-5.517244157552925
2026-09-09,CMCT,2,2026-09-11,2.740000009536743,2.740000009536743,2.5999999046325684,2.6700000762939453,2.819999933242798,2.900000095367432,-5.3191439893533365,-7.931034879650434
2026-09-09,CMCT,3,2026-09-14,2.690000057220459,2.7699999809265137,2.569999933242798,2.7100000381469727,2.819999933242798,2.900000095367432,-3.900705592192455,-6.551725895594718
2026-09-09,CMCT,4,2026-09-15,2.930000066757202,2.930000066757202,2.450000047683716,2.5299999713897705,2.819999933242798,2.900000095367432,-10.283686833976201,-12.75862454517548
2026-09-09,CMCT,5,2026-09-16,2.4800000190734863,2.75,2.450000047683716,2.559999942779541,2.819999933242798,2.900000095367432,-9.219858036105533,-11.724142807133697
2026-09-09,CMPX,1,2026-09-10,2.1700000762939453,2.1700000762939453,2.039999961853028,2.049999952316284,2.180000066757202,2.1700000762939453,-5.963307819265163,-5.5299594358818815
2026-09-09,CMPX,2,2026-09-11,2.0799999237060547,2.0899999141693115,1.955000042915344,2.0,2.180000066757202,2.1700000762939453,-8.256883543354942,-7.834104622903126
2026-09-09,CMPX,3,2026-09-14,2.025000095367432,2.039999961853028,1.9600000381469729,1.9600000381469729,2.180000066757202,2.1700000762939453,-10.091744122626755,-9.677420772520106
2026-09-09,CMPX,4,2026-09-15,1.9800000190734863,1.9800000190734863,1.850000023841858,1.850000023841858,2.180000066757202,2.1700000762939453,-15.13761618394015,-14.746545677482302
2026-09-09,CMPX,5,2026-09-16,,,,,2.180000066757202,2.1700000762939453,,
2026-09-09,CNSY,1,2026-09-10,2.470000028610229,2.640000104904175,2.359999895095825,2.390000104904175,2.490000009536743,2.470000028610229,-4.016060411629196,-3.238863270421377
2026-09-09,CNSY,2,2026-09-11,2.400000095367432,2.490000009536743,2.309999942779541,2.3299999237060547,2.490000009536743,2.470000028610229,-6.425706233650019,-5.668020375811366
2026-09-09,CNSY,3,2026-09-14,2.299999952316284,2.319999933242798,2.1700000762939453,2.1700000762939453,2.490000009536743,2.470000028610229,-12.851402892256726,-12.145746916654154
2026-09-09,CNSY,4,2026-09-15,2.190000057220459,2.2300000190734863,2.0899999141693115,2.119999885559082,2.490000009536743,2.470000028610229,-14.859442673114632,-14.170046113241474
2026-09-09,CNSY,5,2026-09-16,2.109999895095825,2.150000095367432,2.0,2.039999961853028,2.490000009536743,2.470000028610229,-18.072291002417973,-17.408909383662852
2026-09-09,CNXC,1,2026-09-10,27.045000076293945,27.46999931335449,26.25,27.0,27.06999969482422,27.045000076293945,-0.2585877192957775,-0.16638963271214946
2026-09-09,CNXC,2,2026-09-11,27.1299991607666,28.3799991607666,26.43000030517578,28.239999771118164,27.06999969482422,27.045000076293945,4.322128147336657,4.418560515633674
2026-09-09,CNXC,3,2026-09-14,28.76000022888184,30.34000015258789,28.71999931335449,29.270000457763672,27.06999969482422,27.045000076293945,8.12708085608178,8.227030412989468
2026-09-09,CNXC,4,2026-09-15,28.780000686645508,29.940000534057617,28.600000381469727,29.209999084472656,27.06999969482422,27.045000076293945,7.905428200125186,8.00517286770659
2026-09-09,CNXC,5,2026-09-16,,,,,27.06999969482422,27.045000076293945,,
2026-09-09,CNXU,1,2026-09-10,4.380000114440918,4.5,4.190000057220459,4.25,4.460000038146973,4.380000114440918,-4.708520994412879,-2.9680390649376
2026-09-09,CNXU,2,2026-09-11,4.300000190734863,4.539999961853027,4.300000190734863,4.460000038146973,4.460000038146973,4.380000114440918,0.0,1.8264822286715
2026-09-09,CNXU,3,2026-09-14,4.5,5.110000133514404,4.460000038146973,5.0,4.460000038146973,4.380000114440918,12.10762235951426,14.15524815889695
2026-09-09,CNXU,4,2026-09-15,5.0,5.0,4.360000133514404,4.449999809265137,4.460000038146973,4.380000114440918,-0.22422037659871608,1.5981665067411388
2026-09-09,CNXU,5,2026-09-16,,,,,4.460000038146973,4.380000114440918,,
2026-09-09,COLA,1,2026-09-10,9.25,9.399999618530272,8.020000457763672,8.300000190734863,9.75,9.25,-14.87179291553986,-10.270268208271748
2026-09-09,COLA,2,2026-09-11,10.670000076293944,10.670000076293944,10.449000358581545,10.609999656677246,9.75,9.25,8.820509299253798,14.702698991105368
2026-09-09,COLA,3,2026-09-14,10.649999618530272,10.968000411987305,10.609999656677246,10.760000228881836,9.75,9.25,10.35897670648036,16.324326798722556
2026-09-09,COLA,4,2026-09-15,10.800000190734863,10.975000381469728,10.649999618530272,10.65999984741211,9.75,9.25,9.333331768329334,15.24324159364443
2026-09-09,COLA,5,2026-09-16,,,,,9.75,9.25,,
2026-09-09,COO,1,2026-09-10,51.880001068115234,55.43000030517578,51.0099983215332,54.16999816894531,63.47999954223633,51.880001068115234,-14.666038816047278,4.414026703321494
2026-09-09,COO,2,2026-09-11,54.65999984741211,55.65999984741211,53.150001525878906,53.90999984741211,63.47999954223633,51.880001068115234,-15.075613994698966,3.9128734338914395
2026-09-09,COO,3,2026-09-14,54.77999877929688,54.9900016784668,53.59999847412109,54.220001220703125,63.47999954223633,51.880001068115234,-14.587269042703877,4.510408836568103
2026-09-09,COO,4,2026-09-15,54.400001525878906,54.79999923706055,52.970001220703125,53.27000045776367,63.47999954223633,51.880001068115234,-16.083804596878505,2.6792585987487794
2026-09-09,COO,5,2026-09-16,54.369998931884766,55.119998931884766,53.91999816894531,54.61000061035156,63.47999954223633,51.880001068115234,-13.97290327008135,5.262142417175375
2026-09-09,COOT,1,2026-09-10,0.4600000083446502,0.4709999859333038,0.449999988079071,0.4650000035762787,0.4769999980926513,0.4600000083446502,-2.515722130892284,1.0869554654186597
2026-09-09,COOT,2,2026-09-11,0.4519999921321869,0.4880000054836273,0.4399999976158142,0.4790000021457672,0.4769999980926513,0.4600000083446502,0.41928806312645506,4.13043336009713
2026-09-09,COOT,3,2026-09-14,0.4580000042915344,0.4699999988079071,0.4269999861717224,0.4269999861717224,0.4769999980926513,0.4600000083446502,-10.482182834561982,-7.173917733541191
2026-09-09,COOT,4,2026-09-15,0.4250000119209289,0.4600000083446502,0.4189999997615814,0.4440000057220459,0.4769999980926513,0.4600000083446502,-6.918237421920404,-3.4782613765990344
2026-09-09,COOT,5,2026-09-16,,,,,0.4769999980926513,0.4600000083446502,,
2026-09-09,COTY,1,2026-09-10,2.6700000762939453,2.700000047683716,2.619999885559082,2.630000114440918,2.690000057220459,2.6700000762939453,-2.230481096775072,-1.49812586929019
2026-09-09,COTY,2,2026-09-11,2.6700000762939453,2.700000047683716,2.630000114440918,2.700000047683716,2.690000057220459,2.6700000762939453,0.37174684946250647,1.1235944019676314
2026-09-09,COTY,3,2026-09-14,2.720000028610229,2.759999990463257,2.680000066757202,2.720000028610229,2.690000057220459,2.6700000762939453,1.1152405483875194,1.8726573366127264
2026-09-09,COTY,4,2026-09-15,2.700000047683716,2.700000047683716,2.650000095367432,2.650000095367432,2.690000057220459,2.6700000762939453,-1.486987397850037,-0.7490629346450728
2026-09-09,COTY,5,2026-09-16,,,,,2.690000057220459,2.6700000762939453,,
2026-09-09,CPOP,1,2026-09-10,3.6900001019239466,3.8999998569488556,3.5249999910593064,3.764999806880954,4.185000211000446,3.6900001019239466,-10.035851444296318,2.032512273316822
2026-09-09,CPOP,2,2026-09-11,3.6450000107288396,4.0500001609325444,3.599999919533732,3.6149999499321024,4.185000211000446,3.6900001019239466,-13.62007723607933,-2.0325243880817134
2026-09-09,CPOP,3,2026-09-14,3.450000047683716,3.619999885559082,3.2799999713897705,3.460099935531616,4.185000211000446,3.6900001019239466,-17.321391611006366,-6.230356640707457
2026-09-09,CPOP,4,2026-09-15,3.5999999046325684,3.5999999046325684,3.25,3.3499999046325684,4.185000211000446,3.6900001019239466,-19.952216589453087,-9.214097233062512
2026-09-09,CPOP,5,2026-09-16,,,,,4.185000211000446,3.6900001019239466,,
2026-09-09,CRBP,1,2026-09-10,8.75,8.789999961853027,8.210000038146973,8.239999771118164,8.859999656677246,8.75,-6.997741643159383,-5.828574044363844
2026-09-09,CRBP,2,2026-09-11,8.380000114440918,8.494999885559082,7.949999809265137,8.119999885559082,8.859999656677246,8.75,-8.35214220985292,-7.200001307896208
2026-09-09,CRBP,3,2026-09-14,7.929999828338623,8.699999809265137,7.659999847412109,8.079999923706055,8.859999656677246,8.75,-8.803609065417428,-7.657143729073656
2026-09-09,CRBP,4,2026-09-15,8.079999923706055,8.079999923706055,6.324999809265137,6.920000076293945,8.859999656677246,8.75,-21.896158640607176,-20.914284842354913
2026-09-09,CRBP,5,2026-09-16,,,,,8.859999656677246,8.75,,
2026-09-09,CRBU,1,2026-09-10,1.4299999475479126,1.440000057220459,1.350000023841858,1.3700000047683716,1.440000057220459,1.4299999475479126,-4.861114560453839,-4.1958003482745365
2026-09-09,CRBU,2,2026-09-11,1.3799999952316284,1.399999976158142,1.2599999904632568,1.2699999809265137,1.440000057220459,1.4299999475479126,-11.805560384635383,-11.188809265046363
2026-09-09,CRBU,3,2026-09-14,1.274999976158142,1.3300000429153442,1.25,1.2899999618530271,1.440000057220459,1.4299999475479126,-10.416672875483602,-9.790209148954865
2026-09-09,CRBU,4,2026-09-15,1.309999942779541,1.309999942779541,1.25,1.2699999809265137,1.440000057220459,1.4299999475479126,-11.805560384635383,-11.188809265046363
2026-09-09,CRBU,5,2026-09-16,,,,,1.440000057220459,1.4299999475479126,,
2026-09-09,CRCL,1,2026-09-10,90.0,92.95999908447266,89.5,90.31999969482422,92.98999786376952,90.0,-2.8712745782152327,0.35555521647134825
2026-09-09,CRCL,2,2026-09-11,92.0,95.8000030517578,90.13999938964844,90.5999984741211,92.98999786376952,90.0,-2.5701682380397273,0.6666649712456563
2026-09-09,CRCL,3,2026-09-14,92.1050033569336,97.75,92.0,97.41999816894533,92.98999786376952,90.0,4.763953550860123,8.244442409939246
2026-09-09,CRCL,4,2026-09-15,92.3000030517578,93.29000091552734,84.80000305175781,86.30000305175781,92.98999786376952,90.0,-7.194316556295178,-4.111107720269103
2026-09-09,CRCL,5,2026-09-16,,,,,92.98999786376952,90.0,,
2026-09-09,CRCT,1,2026-09-10,5.400000095367432,5.545000076293945,5.349999904632568,5.460000038146973,5.429999828338623,5.400000095367432,0.5524900691852963,1.111110031850071
2026-09-09,CRCT,2,2026-09-11,5.53000020980835,5.730000019073486,5.5,5.619999885559082,5.429999828338623,5.400000095367432,3.4990803540889237,4.074070116783601
2026-09-09,CRCT,3,2026-09-14,5.650000095367432,5.710000038146973,5.565000057220459,5.650000095367432,5.429999828338623,5.400000095367432,4.05157042327422,4.629629547867431
2026-09-09,CRCT,4,2026-09-15,5.599999904632568,5.664999961853027,5.570000171661377,5.650000095367432,5.429999828338623,5.400000095367432,4.05157042327422,4.629629547867431
2026-09-09,CRCT,5,2026-09-16,,,,,5.429999828338623,5.400000095367432,,
2026-09-09,CRGO,1,2026-09-10,1.1699999570846558,1.2300000190734863,1.1699999570846558,1.2000000476837158,1.190000057220459,1.1699999570846558,0.84033529263976,2.564110401662978
2026-09-09,CRGO,2,2026-09-11,1.2200000286102295,1.2269999980926514,1.159999966621399,1.190000057220459,1.190000057220459,1.1699999570846558,0.0,1.709410330718164
2026-09-09,CRGO,3,2026-09-14,1.190000057220459,1.190000057220459,1.100000023841858,1.1399999856948853,1.190000057220459,1.1699999570846558,-4.201686480785671,-2.5641002128344415
2026-09-09,CRGO,4,2026-09-15,1.1299999952316284,1.1399999856948853,1.0499999523162842,1.1100000143051147,1.190000057220459,1.1699999570846558,-6.72269235870494,-5.128200425668883
2026-09-09,CRGO,5,2026-09-16,,,,,1.190000057220459,1.1699999570846558,,
2026-09-09,CRIS,1,2026-09-10,1.2100000381469729,1.2400000095367432,1.1100000143051147,1.159999966621399,1.2000000476837158,1.2100000381469729,-3.3333399560713795,-4.132237185888476
2026-09-09,CRIS,2,2026-09-11,1.1799999475479126,1.25,1.1299999952316284,1.1299999952316284,1.2000000476837158,1.2100000381469729,-5.833337472544608,-6.6115735862173
2026-09-09,CRIS,3,2026-09-14,1.159999966621399,1.190000057220459,1.1100000143051147,1.1200000047683716,1.2000000476837158,1.2100000381469729,-6.666669978035689,-7.438019052993572
2026-09-09,CRIS,4,2026-09-15,1.1200000047683716,1.2100000381469729,1.0800000429153442,1.1299999952316284,1.2000000476837158,1.2100000381469729,-5.833337472544608,-6.6115735862173
2026-09-09,CRIS,5,2026-09-16,1.0800000429153442,1.149999976158142,1.0700000524520874,1.1200000047683716,1.2000000476837158,1.2100000381469729,-6.666669978035689,-7.438019052993572
2026-09-09,CSAI,1,2026-09-10,4.514999866485596,4.565000057220459,4.429999828338623,4.559999942779541,4.650000095367432,4.514999866485596,-1.9354871127326034,0.9966794601252715
2026-09-09,CSAI,2,2026-09-11,4.550000190734863,4.650000095367432,4.010000228881836,4.059999942779541,4.650000095367432,4.514999866485596,-12.688175064247398,-10.077517988061857
2026-09-09,CSAI,3,2026-09-14,4.244999885559082,4.244999885559082,3.930000066757202,4.014999866485596,4.650000095367432,4.514999866485596,-13.655918620613704,-11.074197448187128
2026-09-09,CSAI,4,2026-09-15,4.0,4.010000228881836,3.2100000381469727,3.2699999809265137,4.650000095367432,4.514999866485596,-29.677421207275778,-27.574749111303298
2026-09-09,CSAI,5,2026-09-16,,,,,4.650000095367432,4.514999866485596,,
2026-09-09,CSHR,1,2026-09-10,5.260000228881836,5.329999923706055,5.110000133514404,5.25,5.289999961853027,5.260000228881836,-0.756142951634653,-0.19011841153402376
2026-09-09,CSHR,2,2026-09-11,5.340000152587891,5.429999828338623,5.179999828338623,5.360000133514404,5.289999961853027,5.260000228881836,1.3232546723281446,1.901138788616108
2026-09-09,CSHR,3,2026-09-14,4.559999942779541,5.210000038146973,4.559999942779541,5.170000076293945,5.289999961853027,5.260000228881836,-2.2684288549039477,-1.7110294424269035
2026-09-09,CSHR,4,2026-09-15,5.039999961853027,5.039999961853027,4.659999847412109,4.800000190734863,5.289999961853027,5.260000228881836,-9.262755664491962,-8.74524749297889
2026-09-09,CSHR,5,2026-09-16,,,,,5.289999961853027,5.260000228881836,,
2026-09-09,CTNM,1,2026-09-10,14.970000267028809,15.220000267028809,14.609999656677246,14.65999984741211,15.140000343322754,14.970000267028809,-3.170412714834192,-2.0708110493456
2026-09-09,CTNM,2,2026-09-11,14.9399995803833,15.234999656677246,14.619999885559082,14.81999969482422,15.140000343322754,14.970000267028809,-2.113610576235314,-1.0020078124845622
2026-09-09,CTNM,3,2026-09-14,14.890000343322754,15.510000228881836,14.739999771118164,14.81999969482422,15.140000343322754,14.970000267028809,-2.113610576235314,-1.0020078124845622
2026-09-09,CTNM,4,2026-09-15,13.760000228881836,14.18000030517578,13.079999923706056,13.81999969482422,15.140000343322754,14.970000267028809,-8.7186302415158,-7.682034413435823
2026-09-09,CTNM,5,2026-09-16,,,,,15.140000343322754,14.970000267028809,,
2026-09-09,CXAI,1,2026-09-10,3.0,3.075000047683716,2.890000104904175,2.950000047683716,3.039999961853028,3.0,-2.960523529561254,-1.6666650772094727
2026-09-09,CXAI,2,2026-09-11,2.970000028610229,3.088000059127808,2.809999942779541,2.8399999141693115,3.039999961853028,3.0,-6.578949019519276,-5.333336194356287
2026-09-09,CXAI,3,2026-09-14,2.8299999237060547,2.940000057220459,2.674999952316284,2.690000057220459,3.039999961853028,3.0,-11.513154902121347,-10.333331425984705
2026-09-09,CXAI,4,2026-09-15,2.690000057220459,2.759999990463257,2.5199999809265137,2.5799999237060547,3.039999961853028,3.0,-15.13158039207937,-14.000002543131506
2026-09-09,CXAI,5,2026-09-16,,,,,3.039999961853028,3.0,,
2026-09-09,CXM,1,2026-09-10,5.320000171661377,5.465000152587891,5.289999961853027,5.440000057220459,5.320000171661377,5.320000171661377,2.255636873816247,2.255636873816247
2026-09-09,CXM,2,2026-09-11,5.449999809265137,5.559999942779541,5.429999828338623,5.480000019073486,5.320000171661377,5.320000171661377,3.0075158317550033,3.0075158317550033
2026-09-09,CXM,3,2026-09-14,5.670000076293945,5.829999923706055,5.570000171661377,5.789999961853027,5.320000171661377,5.320000171661377,8.834582237332423,8.834582237332423
2026-09-09,CXM,4,2026-09-15,5.699999809265137,5.849999904632568,5.635000228881836,5.650000095367432,5.320000171661377,5.320000171661377,6.203005884546786,6.203005884546786
2026-09-09,CXM,5,2026-09-16,,,,,5.320000171661377,5.320000171661377,,
2026-09-09,CYN,1,2026-09-10,0.8560000061988831,0.8560000061988831,0.800000011920929,0.8059999942779541,0.8299999833106995,0.8560000061988831,-2.891565001846663,-5.841122845659418
2026-09-09,CYN,2,2026-09-11,0.800000011920929,0.8119999766349792,0.7799999713897705,0.7950000166893005,0.8299999833106995,0.8560000061988831,-4.2168635331522815,-7.126166947177548
2026-09-09,CYN,3,2026-09-14,0.777999997138977,0.7900000214576721,0.7549999952316284,0.7580000162124634,0.8299999833106995,0.8560000061988831,-8.67469500554,-11.448596878123196
2026-09-09,CYN,4,2026-09-15,0.7749999761581421,0.8159999847412109,0.7059999704360962,0.7979999780654907,0.8299999833106995,0.8560000061988831,-3.855422396223107,-6.775704172123175
2026-09-09,CYN,5,2026-09-16,,,,,0.8299999833106995,0.8560000061988831,,
2026-09-09,DAIC,1,2026-09-10,2.799999952316284,2.890000104904175,2.650000095367432,2.7799999713897705,2.9100000858306885,2.799999952316284,-4.467357752802547,-0.7142850452539706
2026-09-09,DAIC,2,2026-09-11,2.720000028610229,2.75,2.4030001163482666,2.5299999713897705,2.9100000858306885,2.799999952316284,-13.058422791504597,-9.642856625878071
2026-09-09,DAIC,3,2026-09-14,2.430000066757202,2.5,1.830000042915344,2.2799999713897705,2.9100000858306885,2.799999952316284,-21.64948783020665,-18.571428206502173
2026-09-09,DAIC,4,2026-09-15,2.319999933242798,2.319999933242798,2.009999990463257,2.180000066757202,2.9100000858306885,2.799999952316284,-25.08591056845624,-22.142853432772046
2026-09-09,DAIC,5,2026-09-16,,,,,2.9100000858306885,2.799999952316284,,
2026-09-09,DASH,1,2026-09-10,194.0,202.5399932861328,191.7449951171875,201.02999877929688,197.2449951171875,194.0,1.9189352104273194,3.623710710977779
2026-09-09,DASH,2,2026-09-11,202.0500030517578,204.9900054931641,201.2749938964844,201.9499969482422,197.2449951171875,194.0,2.3853592980949134,4.097936571258853
2026-09-09,DASH,3,2026-09-14,200.3699951171875,204.08999633789065,199.38999938964844,203.5399932861328,197.2449951171875,194.0,3.191461545173979,4.917522312439604
2026-09-09,DASH,4,2026-09-15,200.05999755859372,203.82000732421875,197.58999633789065,198.25999450683597,197.2449951171875,194.0,0.5145881592815149,2.195873457131947
2026-09-09,DASH,5,2026-09-16,,,,,197.2449951171875,194.0,,
2026-09-09,DDC,1,2026-09-10,0.2870000004768371,0.2989999949932098,0.2419999986886978,0.2479999959468841,0.2960000038146972,0.2870000004768371,-16.216218665274816,-13.588851730019623
2026-09-09,DDC,2,2026-09-11,0.25,0.2820000052452087,0.25,0.2520000040531158,0.2960000038146972,0.2870000004768371,-14.86486459274724,-12.195120684867755
2026-09-09,DDC,3,2026-09-14,0.25,0.2560000121593475,0.231000006198883,0.2419999986886978,0.2960000038146972,0.2870000004768371,-18.243244739890162,-15.679443105705193
2026-09-09,DDC,4,2026-09-15,0.2300000041723251,0.2409999966621399,0.2119999974966049,0.221000000834465,0.2960000038146972,0.2870000004768371,-25.337838518131896,-22.99651551662585
2026-09-09,DDC,5,2026-09-16,,,,,0.2960000038146972,0.2870000004768371,,
2026-09-09,DIN,1,2026-09-10,28.677369984828395,29.193721991508063,27.97235242852694,28.031930923461918,28.935546875,28.677369984828395,-3.1228576927944562,-2.2506912653006306
2026-09-09,DIN,2,2026-09-11,28.419195329501697,28.71708969242001,27.69431576352576,28.09151077270508,28.935546875,28.677369984828395,-2.916952307627396,-2.042932153238808
2026-09-09,DIN,3,2026-09-14,28.309967541330003,29.104353800623315,28.309967541330003,28.806459426879883,28.935546875,28.677369984828395,-0.44612064419506936,0.45014393621096715
2026-09-09,DIN,4,2026-09-15,28.508562039634697,28.75680797266098,26.542454704618407,26.88999938964844,28.935546875,28.677369984828395,-7.069323742828204,-6.232686596175152
2026-09-09,DIN,5,2026-09-16,27.100000381469727,27.739999771118164,26.899999618530277,27.479999542236328,28.935546875,28.677369984828395,-5.030308703172459,-4.175314693172805
2026-09-09,DLTR,1,2026-09-10,118.31999969482422,120.36000061035156,117.8000030517578,118.66000366210938,118.38999938964844,118.31999969482422,0.22806341232615157,0.2873596755933905
2026-09-09,DLTR,2,2026-09-11,119.95999908447266,120.58999633789062,116.25,118.16999816894533,118.38999938964844,118.31999969482422,-0.18582753766138715,-0.1267761378175969
2026-09-09,DLTR,3,2026-09-14,118.16999816894533,120.8000030517578,117.2300033569336,119.16999816894533,118.38999938964844,118.31999969482422,0.6588384013160864,0.7183895168301646
2026-09-09,DLTR,4,2026-09-15,117.68000030517578,118.5,112.05999755859376,112.79000091552734,118.38999938964844,118.31999969482422,-4.73012796941592,-4.673765038505806
2026-09-09,DLTR,5,2026-09-16,113.87000274658205,115.25,111.43000030517578,112.4000015258789,118.38999938964844,118.31999969482422,-5.0595471700739525,-5.003379127970264
2026-09-09,DOCS,1,2026-09-10,24.100000381469727,25.03499984741211,24.06999969482422,24.709999084472656,24.190000534057617,24.100000381469727,2.149642575174493,2.531114910155563
2026-09-09,DOCS,2,2026-09-11,24.700000762939453,25.729999542236328,24.700000762939453,25.57999992370605,24.190000534057617,24.100000381469727,5.746173455810477,6.141076841535176
2026-09-09,DOCS,3,2026-09-14,26.3700008392334,26.71999931335449,25.809999465942383,26.38999938964844,24.190000534057617,24.100000381469727,9.094662286151657,9.502070422951014
2026-09-09,DOCS,4,2026-09-15,26.020000457763672,26.825000762939453,25.56999969482422,25.809999465942383,24.190000534057617,24.100000381469727,6.696977660682291,7.095431773467764
2026-09-09,DOCS,5,2026-09-16,,,,,24.190000534057617,24.100000381469727,,
2026-09-09,DRCT,1,2026-09-10,1.75,1.850000023841858,1.75,1.7699999809265137,1.7899999618530271,1.75,-1.1173173940076109,1.1428560529436416
2026-09-09,DRCT,2,2026-09-11,1.7799999713897705,1.7799999713897705,1.7100000381469729,1.7100000381469729,1.7899999618530271,1.75,-4.469269576030466,-2.285712105887261
2026-09-09,DRCT,3,2026-09-14,1.7400000095367432,1.9600000381469729,1.6399999856948853,1.830000042915344,1.7899999618530271,1.75,2.234641447752228,4.571431023733941
2026-09-09,DRCT,4,2026-09-15,1.830000042915344,2.150000095367432,1.7699999809265137,2.0799999237060547,1.7899999618530271,1.75,16.20111553258452,18.857138497488847
2026-09-09,DRCT,5,2026-09-16,,,,,1.7899999618530271,1.75,,
2026-09-09,DRVN,1,2026-09-10,12.25,12.40999984741211,11.960000038146973,12.300000190734863,12.529999732971191,12.25,-1.835590958801958,0.4081648223254186
2026-09-09,DRVN,2,2026-09-11,12.550000190734863,12.550000190734863,12.0600004196167,12.149999618530272,12.529999732971191,12.25,-3.032722446441838,-0.8163296446508483
2026-09-09,DRVN,3,2026-09-14,12.329999923706056,12.65999984741211,12.18000030517578,12.470000267028809,12.529999732971191,12.25,-0.47884650615356295,1.795920547173946
2026-09-09,DRVN,4,2026-09-15,12.979999542236328,13.289999961853027,12.460000038146973,12.520000457763672,12.529999732971191,12.25,-0.07980267694026599,2.2040853694993645
2026-09-09,DRVN,5,2026-09-16,,,,,12.529999732971191,12.25,,
2026-09-09,DSS,1,2026-09-10,0.75,0.800000011920929,0.75,0.7760000228881836,0.75,0.75,3.4666697184244866,3.4666697184244866
2026-09-09,DSS,2,2026-09-11,0.753000020980835,0.7630000114440918,0.7149999737739563,0.7229999899864197,0.75,0.75,-3.600001335144043,-3.600001335144043
2026-09-09,DSS,3,2026-09-14,0.7039999961853027,0.7620000243186951,0.6850000023841858,0.7620000243186951,0.75,0.75,1.6000032424926758,1.6000032424926758
2026-09-09,DSS,4,2026-09-15,0.7390000224113464,0.7689999938011169,0.7329999804496765,0.7409999966621399,0.75,0.75,-1.2000004450480106,-1.2000004450480106
2026-09-09,DSS,5,2026-09-16,0.7009999752044678,0.7480000257492065,0.7009999752044678,0.7429999709129333,0.75,0.75,-0.9333372116088867,-0.9333372116088867
2026-09-09,DUOL,1,2026-09-10,138.75,145.6999969482422,137.3040008544922,145.16000366210938,139.24000549316406,138.75,4.251650341421409,4.619822459177936
2026-09-09,DUOL,2,2026-09-11,145.05999755859375,146.4499969482422,141.52999877929688,143.67999267578125,139.24000549316406,138.75,3.1887295370978563,3.553147874436946
2026-09-09,DUOL,3,2026-09-14,147.42999267578125,154.25999450683594,144.47999572753906,151.13999938964844,139.24000549316406,138.75,8.546389993548665,8.929729289836708
2026-09-09,DUOL,4,2026-09-15,148.02999877929688,154.66000366210938,147.875,153.9199981689453,139.24000549316406,138.75,10.54294175282977,10.933332013654272
2026-09-09,DUOL,5,2026-09-16,,,,,139.24000549316406,138.75,,
2026-09-09,DWTX,1,2026-09-10,1.940000057220459,1.950000047683716,1.830000042915344,1.8799999952316284,1.940000057220459,1.940000057220459,-3.092786609233189,-3.092786609233189
2026-09-09,DWTX,2,2026-09-11,1.8799999952316284,2.0,1.830000042915344,1.940000057220459,1.940000057220459,1.940000057220459,0.0,0.0
2026-09-09,DWTX,3,2026-09-14,1.940000057220459,2.015000104904175,1.7699999809265137,1.8450000286102293,1.940000057220459,1.940000057220459,-4.896908546814238,-4.896908546814238
2026-09-09,DWTX,4,2026-09-15,1.809999942779541,1.840000033378601,1.7200000286102295,1.7300000190734863,1.940000057220459,1.940000057220459,-10.82474391510333,-10.82474391510333
2026-09-09,DWTX,5,2026-09-16,,,,,1.940000057220459,1.940000057220459,,
2026-09-09,DYN,1,2026-09-10,19.024999618530277,19.024999618530277,17.93000030517578,18.420000076293945,19.190000534057617,19.024999618530277,-4.01250878756938,-3.180023938854981
2026-09-09,DYN,2,2026-09-11,18.59000015258789,18.739999771118164,17.940000534057617,18.209999084472656,19.190000534057617,19.024999618530277,-5.106833883853701,-4.283839949535729
2026-09-09,DYN,3,2026-09-14,18.399999618530277,19.145000457763672,18.26499938964844,18.520000457763672,19.190000534057617,19.024999618530277,-3.4914020721617867,-2.6543977445063316
2026-09-09,DYN,4,2026-09-15,18.520000457763672,18.6200008392334,17.8700008392334,17.899999618530273,19.190000534057617,19.024999618530277,-6.722255756261719,-5.91327212907935
2026-09-09,DYN,5,2026-09-16,,,,,19.190000534057617,19.024999618530277,,
2026-09-09,EBS,1,2026-09-10,5.590000152587891,5.989999771118164,5.5,5.869999885559082,5.679999828338623,5.590000152587891,3.3450715310326506,5.0089396301995714
2026-09-09,EBS,2,2026-09-11,5.980000019073486,6.389999866485596,5.880000114440918,6.230000019073486,5.679999828338623,5.590000152587891,9.683102242200881,11.449013399209074
2026-09-09,EBS,3,2026-09-14,6.210000038146973,6.5,6.179999828338623,6.380000114440918,5.679999828338623,5.590000152587891,12.323949071439365,14.132378180478167
2026-09-09,EBS,4,2026-09-15,6.360000133514404,6.46999979019165,6.230000019073486,6.360000133514404,5.679999828338623,5.590000152587891,11.971836720542273,13.774596778321047
2026-09-09,EBS,5,2026-09-16,6.400000095367432,6.800000190734863,6.389999866485596,6.75,5.679999828338623,5.590000152587891,18.838031760545814,20.751338385475492
2026-09-09,EFX,1,2026-09-10,168.14999389648438,171.77999877929688,166.32000732421875,168.0399932861328,168.08999633789062,168.14999389648438,-0.0297477856191386,-0.0654181470974513
2026-09-09,EFX,2,2026-09-11,169.14999389648438,169.97000122070312,166.82000732421875,169.0,168.08999633789062,168.14999389648438,0.5413788339194925,0.5055046888903902
2026-09-09,EFX,3,2026-09-14,172.00999450683594,174.75999450683594,167.25,172.2899932861328,168.08999633789062,168.14999389648438,2.498659670263459,2.462087148333225
2026-09-09,EFX,4,2026-09-15,171.1999969482422,172.10000610351562,166.5,167.0800018310547,168.08999633789062,168.14999389648438,-0.6008653274081066,-0.6363319085746721
2026-09-09,EFX,5,2026-09-16,166.55999755859375,166.64999389648438,162.91000366210938,163.8000030517578,168.08999633789062,168.14999389648438,-2.5522002377281083,-2.5869705635579665
2026-09-09,EGAN,1,2026-09-10,5.059999942779541,5.329999923706055,5.019999980926514,5.139999866485596,5.110000133514404,5.059999942779541,0.5870789077760508,1.5810261780775825
2026-09-09,EGAN,2,2026-09-11,5.199999809265137,5.360000133514404,5.190000057220459,5.260000228881836,5.110000133514404,5.059999942779541,2.9354225332332673,3.952574868853298
2026-09-09,EGAN,3,2026-09-14,5.239999771118164,5.260000228881836,5.03000020980835,5.199999809265137,5.110000133514404,5.059999942779541,1.7612460547791642,2.766795811635747
2026-09-09,EGAN,4,2026-09-15,5.130000114440918,5.269999980926514,5.110000133514404,5.260000228881836,5.110000133514404,5.059999942779541,2.9354225332332673,3.952574868853298
2026-09-09,EGAN,5,2026-09-16,5.199999809265137,5.400000095367432,5.199999809265137,5.389999866485596,5.110000133514404,5.059999942779541,5.4794466860145,6.521737696399654
2026-09-09,EHGO,1,2026-09-10,1.059999942779541,1.0700000524520874,0.9919999837875366,1.0700000524520874,0.9639999866485596,1.059999942779541,10.995857600791826,0.9434066238082961
2026-09-09,EHGO,2,2026-09-11,1.0499999523162842,1.090000033378601,1.0099999904632568,1.0700000524520874,0.9639999866485596,1.059999942779541,10.995857600791826,0.9434066238082961
2026-09-09,EHGO,3,2026-09-14,1.0099999904632568,1.059999942779541,1.0099999904632568,1.0199999809265137,0.9639999866485596,1.059999942779541,5.8091281175888465,-3.7735815105932047
2026-09-09,EHGO,4,2026-09-15,1.0,1.0299999713897705,0.9800000190734864,0.9829999804496764,0.9639999866485596,1.059999942779541,1.9709537411065847,-7.264147781739938
2026-09-09,EHGO,5,2026-09-16,,,,,0.9639999866485596,1.059999942779541,,
2026-09-09,ELAB,1,2026-09-10,4.619999885559082,4.800000190734863,4.531000137329102,4.599999904632568,4.619999885559082,4.619999885559082,-0.43290003077767203,-0.43290003077767203
2026-09-09,ELAB,2,2026-09-11,4.730000019073486,4.738999843597412,4.401000022888184,4.519999980926514,4.619999885559082,4.619999885559082,-2.16450015388836,-2.16450015388836
2026-09-09,ELAB,3,2026-09-14,4.480000019073486,4.820000171661377,4.409999847412109,4.619999885559082,4.619999885559082,4.619999885559082,0.0,0.0
2026-09-09,ELAB,4,2026-09-15,4.639999866485596,4.900000095367432,4.550000190734863,4.820000171661377,4.619999885559082,4.619999885559082,4.329010628927588,4.329010628927588
2026-09-09,ELAB,5,2026-09-16,,,,,4.619999885559082,4.619999885559082,,
2026-09-09,ELPW,1,2026-09-10,2.755000114440918,2.990000009536743,2.75,2.8299999237060547,2.7950000762939453,2.755000114440918,1.25223064245914,2.722316012693038
2026-09-09,ELPW,2,2026-09-11,2.819999933242798,2.9100000858306885,2.740000009536743,2.740000009536743,2.7950000762939453,2.755000114440918,-1.9678019769548638,-0.5444683949575424
2026-09-09,ELPW,3,2026-09-14,2.8399999141693115,2.8499999046325684,2.680000066757202,2.720000028610229,2.7950000762939453,2.755000114440918,-2.683364781269104,-1.270420485546575
2026-09-09,ELPW,4,2026-09-15,2.640000104904175,2.759999990463257,2.611000061035156,2.75,2.7950000762939453,2.755000114440918,-1.6100205747977547,-0.18149234966302608
2026-09-09,ELPW,5,2026-09-16,,,,,2.7950000762939453,2.755000114440918,,
2026-09-09,ELTX,1,2026-09-10,2.1700000762939453,2.200000047683716,2.069999933242798,2.109999895095825,2.180000066757202,2.1700000762939453,-3.211016950357426,-2.7649852114563944
2026-09-09,ELTX,2,2026-09-11,2.140000104904175,2.200000047683716,2.0199999809265137,2.049999952316284,2.180000066757202,2.1700000762939453,-5.963307819265163,-5.5299594358818815
2026-09-09,ELTX,3,2026-09-14,2.059999942779541,2.0899999141693115,1.950000047683716,2.0,2.180000066757202,2.1700000762939453,-8.256883543354942,-7.834104622903126
2026-09-09,ELTX,4,2026-09-15,2.009999990463257,2.0199999809265137,1.9149999618530276,1.9900000095367432,2.180000066757202,2.1700000762939453,-8.715598688172898,-8.294933660307368
2026-09-09,ELTX,5,2026-09-16,,,,,2.180000066757202,2.1700000762939453,,
2026-09-09,EMPD,1,2026-09-10,2.940000057220459,3.069999933242798,2.940000057220459,3.0199999809265137,3.009999990463257,2.940000057220459,0.33222559783854244,2.721085787382216
2026-09-09,EMPD,2,2026-09-11,3.039999961853028,3.1050000190734863,2.994999885559082,3.039999961853028,3.009999990463257,2.940000057220459,0.9966767935156717,3.4013572342277643
2026-09-09,EMPD,3,2026-09-14,3.039999961853028,3.0799999237060547,2.9549999237060547,2.970000028610229,3.009999990463257,2.940000057220459,-1.3289023913542142,1.0204071702683226
2026-09-09,EMPD,4,2026-09-15,2.990000009536743,2.990000009536743,2.869999885559082,2.880000114440918,3.009999990463257,2.940000057220459,-4.3189327719011406,-2.0408143405366563
2026-09-09,EMPD,5,2026-09-16,,,,,3.009999990463257,2.940000057220459,,
2026-09-09,EP,1,2026-09-10,2.380000114440918,2.4600000381469727,2.2799999713897705,2.4100000858306885,2.299999952316284,2.380000114440918,4.782614599779689,1.260502938959629
2026-09-09,EP,2,2026-09-11,2.4200000762939453,2.515000104904175,2.2799999713897705,2.5,2.299999952316284,2.380000114440918,8.695654427396814,5.04201175583856
2026-09-09,EP,3,2026-09-14,2.4800000190734863,2.5999999046325684,2.430000066757202,2.5,2.299999952316284,2.380000114440918,8.695654427396814,5.04201175583856
2026-09-09,EP,4,2026-09-15,2.509999990463257,2.6700000762939453,2.359999895095825,2.5999999046325684,2.299999952316284,2.380000114440918,13.043476458082548,9.243688219037338
2026-09-09,EP,5,2026-09-16,2.5799999237060547,2.680000066757202,2.5,2.5,2.299999952316284,2.380000114440918,8.695654427396814,5.04201175583856
2026-09-09,ETSY,1,2026-09-10,70.83999633789062,72.28500366210938,70.02999877929688,71.58999633789062,71.19000244140625,70.83999633789062,0.5618680752449645,1.0587239395421166
2026-09-09,ETSY,2,2026-09-11,72.04000091552734,73.5199966430664,71.93000030517578,72.76000213623047,71.19000244140625,70.83999633789062,2.205365417870886,2.7103414703493867
2026-09-09,ETSY,3,2026-09-14,72.76000213623047,75.0999984741211,72.04499816894531,74.45999908447266,71.19000244140625,70.83999633789062,4.593336888501742,5.110111425352759
2026-09-09,ETSY,4,2026-09-15,76.43499755859375,76.43499755859375,73.54000091552734,74.0,71.19000244140625,70.83999633789062,3.9471800284127667,4.46076203482122
2026-09-09,ETSY,5,2026-09-16,,,,,71.19000244140625,70.83999633789062,,
2026-09-09,EUDA,1,2026-09-10,13.524999618530272,13.649999618530272,12.05500030517578,13.119999885559082,13.100000381469728,13.524999618530272,0.1526679657020802,-2.9944528236164225
2026-09-09,EUDA,2,2026-09-11,13.119999885559082,14.5,12.295000076293944,13.449999809265137,13.100000381469728,13.524999618530272,2.6717512794159237,-0.5545272560479764
2026-09-09,EUDA,3,2026-09-14,13.869999885559082,18.65999984741211,13.869999885559082,16.559999465942383,13.100000381469728,13.524999618530272,26.412205982580804,22.439925567568466
2026-09-09,EUDA,4,2026-09-15,16.510000228881836,17.5,16.5,16.950000762939453,13.100000381469728,13.524999618530272,29.389315033270115,25.323484221889903
2026-09-09,EUDA,5,2026-09-16,,,,,13.100000381469728,13.524999618530272,,
2026-09-09,EVCM,1,2026-09-10,6.71999979019165,6.900000095367432,6.460000038146973,6.53000020980835,6.760000228881836,6.71999979019165,-3.4023670308592657,-2.8273747963596607
2026-09-09,EVCM,2,2026-09-11,6.53000020980835,6.599999904632568,6.210000038146973,6.309999942779541,6.760000228881836,6.71999979019165,-6.656808740622322,-6.101188396025481
2026-09-09,EVCM,3,2026-09-14,6.559999942779541,7.690000057220459,6.559999942779541,7.559999942779541,6.760000228881836,6.71999979019165,11.834314893655451,12.500002660921727
2026-09-09,EVCM,4,2026-09-15,7.449999809265137,8.010000228881836,7.300000190734863,7.880000114440918,6.760000228881836,6.71999979019165,16.56804508339995,17.261910125985057
2026-09-09,EVCM,5,2026-09-16,,,,,6.760000228881836,6.71999979019165,,
2026-09-09,EVER,1,2026-09-10,23.549999237060547,23.950000762939453,23.040000915527344,23.489999771118164,23.36000061035156,23.549999237060547,0.5565032421660066,-0.25477481055694584
2026-09-09,EVER,2,2026-09-11,23.61000061035156,24.25,23.309999465942383,23.979999542236328,23.36000061035156,23.549999237060547,2.6541049472833755,1.8259036904727077
2026-09-09,EVER,3,2026-09-14,24.530000686645508,24.86000061035156,23.899999618530277,24.030000686645508,23.36000061035156,23.549999237060547,2.8681509365930946,2.0382227818911636
2026-09-09,EVER,4,2026-09-15,23.899999618530277,24.68000030517578,23.690000534057617,24.46999931335449,23.36000061035156,23.549999237060547,4.7517066524007445,3.906582191502328
2026-09-09,EVER,5,2026-09-16,,,,,23.36000061035156,23.549999237060547,,
2026-09-09,EVGN,1,2026-09-10,0.5,0.5099999904632568,0.4799999892711639,0.4799999892711639,0.5,0.5,-4.000002145767223,-4.000002145767223
2026-09-09,EVGN,2,2026-09-11,0.4699999988079071,0.5,0.449999988079071,0.4799999892711639,0.5,0.5,-4.000002145767223,-4.000002145767223
2026-09-09,EVGN,3,2026-09-14,0.4799999892711639,0.5099999904632568,0.4699999988079071,0.4900000095367431,0.5,0.5,-1.9999980926513783,-1.9999980926513783
2026-09-09,EVGN,4,2026-09-15,0.4799999892711639,0.5299999713897705,0.4799999892711639,0.5299999713897705,0.5,0.5,5.999994277954102,5.999994277954102
2026-09-09,EVGN,5,2026-09-16,0.5099999904632568,0.5099999904632568,0.4699999988079071,0.5,0.5,0.5,0.0,0.0
2026-09-09,EXPE,1,2026-09-10,269.6000061035156,283.7200012207031,267.82000732421875,276.8800048828125,272.6000061035156,269.6000061035156,1.5700655478604775,2.700296221989573
2026-09-09,EXPE,2,2026-09-11,280.5,282.6499938964844,275.2699890136719,280.8299865722656,272.6000061035156,269.6000061035156,3.019068336199804,4.165422928231743
2026-09-09,EXPE,3,2026-09-14,284.6000061035156,292.9200134277344,281.8099975585937,287.8599853515625,272.6000061035156,269.6000061035156,5.597937970057165,6.772989181994227
2026-09-09,EXPE,4,2026-09-15,284.760009765625,294.8399963378906,284.7300109863281,293.0799865722656,272.6000061035156,269.6000061035156,7.5128319920040765,8.709191371358727
2026-09-09,EXPE,5,2026-09-16,290.2799987792969,291.7699890136719,286.3699951171875,286.9700012207031,272.6000061035156,269.6000061035156,5.271458105445048,6.442876381285445
2026-09-09,FBDT,1,2026-09-10,0.7300000190734863,0.7599999904632568,0.6499999761581421,0.6600000262260437,0.7400000095367432,0.7300000190734863,-10.810808416175732,-9.58903986554499
2026-09-09,FBDT,2,2026-09-11,0.6899999976158142,0.699999988079071,0.6399999856948853,0.6600000262260437,0.7400000095367432,0.7300000190734863,-10.810808416175732,-9.58903986554499
2026-09-09,FBDT,3,2026-09-14,0.6800000071525574,0.6899999976158142,0.6100000143051147,0.6399999856948853,0.7400000095367432,0.7300000190734863,-13.513516561230887,-12.328771373571856
2026-09-09,FBDT,4,2026-09-15,0.6700000166893005,1.25,0.6499999761581421,1.0,0.7400000095367432,0.7300000190734863,35.135133393582365,36.986297790676325
2026-09-09,FBDT,5,2026-09-16,,,,,0.7400000095367432,0.7300000190734863,,
2026-09-09,FCUV,1,2026-09-10,5.340000152587891,5.849999904632568,5.300000190734863,5.519999980926514,5.494999885559082,5.340000152587891,0.45496079869140615,3.3707832059029164
2026-09-09,FCUV,2,2026-09-11,5.869999885559082,5.920000076293945,5.610000133514404,5.699999809265137,5.494999885559082,5.340000152587891,3.7306629294897142,6.741566411805855
2026-09-09,FCUV,3,2026-09-14,5.5,5.691999912261963,5.309999942779541,5.440000057220459,5.494999885559082,5.340000152587891,-1.000906814996727,1.8726573366127264
2026-09-09,FCUV,4,2026-09-15,5.519999980926514,5.550000190734863,5.269999980926514,5.380000114440918,5.494999885559082,5.340000152587891,-2.0928075252628298,0.749062934645095
2026-09-09,FCUV,5,2026-09-16,,,,,5.494999885559082,5.340000152587891,,
2026-09-09,FENC,1,2026-09-10,11.510000228881836,11.729999542236328,11.270999908447266,11.300000190734863,11.649999618530272,11.510000228881836,-3.0042870322390947,-1.8245007295484061
2026-09-09,FENC,2,2026-09-11,11.300000190734863,11.510000228881836,10.850000381469728,10.960000038146973,11.649999618530272,11.510000228881836,-5.9227433731911745,-4.778455080780608
2026-09-09,FENC,3,2026-09-14,10.9399995803833,11.109999656677246,10.68000030517578,10.720000267028809,11.649999618530272,11.510000228881836,-7.98282731290586,-6.863596404374473
2026-09-09,FENC,4,2026-09-15,10.600000381469728,10.649999618530272,10.135000228881836,10.640000343322754,11.649999618530272,11.510000228881836,-8.669521959477422,-7.558643512239094
2026-09-09,FENC,5,2026-09-16,,,,,11.649999618530272,11.510000228881836,,
2026-09-09,FGL,1,2026-09-10,5.889999866485596,5.96999979019165,5.0,5.099999904632568,6.789999961853027,5.889999866485596,-24.88954442879332,-13.412563323611737
2026-09-09,FGL,2,2026-09-11,4.449999809265137,8.229999542236328,4.170000076293945,5.449999809265137,6.789999961853027,5.889999866485596,-19.734906629103975,-7.470289765609028
2026-09-09,FGL,3,2026-09-14,5.329999923706055,5.789999961853027,4.849999904632568,4.985000133514404,6.789999961853027,5.889999866485596,-26.583208225026688,-15.365021281590973
2026-09-09,FGL,4,2026-09-15,4.889999866485596,5.070000171661377,4.204999923706055,4.46999979019165,6.789999961853027,5.889999866485596,-34.16789668181731,-24.10866058544109
2026-09-09,FGL,5,2026-09-16,,,,,6.789999961853027,5.889999866485596,,
2026-09-09,FIG,1,2026-09-10,21.959999084472656,22.575000762939453,21.6200008392334,22.13999938964844,22.01000022888184,21.959999084472656,0.5906367987948302,0.8196735550096479
2026-09-09,FIG,2,2026-09-11,21.899999618530277,23.36000061035156,21.799999237060547,23.200000762939453,22.01000022888184,21.959999084472656,5.40663571868607,5.646638115497771
2026-09-09,FIG,3,2026-09-14,24.0,24.280000686645508,23.149999618530277,23.90999984741211,22.01000022888184,21.959999084472656,8.632437977156693,8.879785265192686
2026-09-09,FIG,4,2026-09-15,23.540000915527344,24.78499984741211,23.479999542236328,23.8799991607666,22.01000022888184,21.959999084472656,8.496133177822163,8.743170110838161
2026-09-09,FIG,5,2026-09-16,,,,,22.01000022888184,21.959999084472656,,
2026-09-09,FIGS,1,2026-09-10,13.119999885559082,13.210000038146973,12.600000381469728,12.949999809265137,13.260000228881836,13.119999885559082,-2.3378613443873264,-1.2957323001279941
2026-09-09,FIGS,2,2026-09-11,12.949999809265137,13.489999771118164,12.949999809265137,13.350000381469728,13.260000228881836,13.119999885559082,0.6787341706967709,1.7530525755858006
2026-09-09,FIGS,3,2026-09-14,13.220000267028809,14.289999961853027,13.220000267028809,13.979999542236328,13.260000228881836,13.119999885559082,5.4298589813463805,6.554875489166956
2026-09-09,FIGS,4,2026-09-15,13.8100004196167,13.869999885559082,13.010000228881836,13.279999732971191,13.260000228881836,13.119999885559082,0.1508258200915824,1.2195110427418276
2026-09-09,FIGS,5,2026-09-16,,,,,13.260000228881836,13.119999885559082,,
2026-09-09,FIS,1,2026-09-10,37.70434136382553,38.17885806242492,37.447312899588844,38.08000183105469,37.63513946533203,37.70434136382553,1.1820399021835515,0.9963321295132888
2026-09-09,FIS,2,2026-09-11,38.29999923706055,38.47999954223633,37.59000015258789,38.13999938964844,37.63513946533203,37.70434136382553,1.3414588905176217,1.155458522982955
2026-09-09,FIS,3,2026-09-14,39.0,40.18000030517578,37.52000045776367,38.18000030517578,37.63513946533203,37.70434136382553,1.4477449734061842,1.2615495302262802
2026-09-09,FIS,4,2026-09-15,38.02999877929688,38.22999954223633,37.290000915527344,37.34000015258789,37.63513946533203,37.70434136382553,-0.7842120872595948,-0.9663110349069637
2026-09-09,FIS,5,2026-09-16,37.20000076293945,37.56999969482422,36.66999816894531,36.84999847412109,37.63513946533203,37.70434136382553,-2.0861912626474632,-2.265900580149416
2026-09-09,FIVN,1,2026-09-10,30.209999084472656,31.155000686645508,30.100000381469727,30.25,30.3700008392334,30.209999084472656,-0.3951295222829776,0.13240952247464133
2026-09-09,FIVN,2,2026-09-11,30.21999931335449,31.13999938964844,30.170000076293945,30.65999984741211,30.3700008392334,30.209999084472656,0.9548864015969327,1.4895755596720406
2026-09-09,FIVN,3,2026-09-14,31.690000534057617,32.2400016784668,30.68000030517578,31.75,30.3700008392334,30.209999084472656,4.54395496421538,5.097652969870081
2026-09-09,FIVN,4,2026-09-15,31.229999542236328,33.869998931884766,31.229999542236328,33.02000045776367,30.3700008392334,30.209999084472656,8.725714670072971,9.30156060393692
2026-09-09,FIVN,5,2026-09-16,,,,,30.3700008392334,30.209999084472656,,
2026-09-09,FLYE,1,2026-09-10,1.7999999523162842,1.809999942779541,1.7000000476837158,1.809999942779541,1.7899999618530271,1.7999999523162842,1.1173173940076442,0.5555550404536813
2026-09-09,FLYE,2,2026-09-11,1.75,1.899999976158142,1.7000000476837158,1.840000033378601,1.7899999618530271,1.7999999523162842,2.79330014475605,2.222226784553172
2026-09-09,FLYE,3,2026-09-14,1.7999999523162842,1.899999976158142,1.7059999704360962,1.830000042915344,1.7899999618530271,1.7999999523162842,2.234641447752228,1.6666717440994905
2026-09-09,FLYE,4,2026-09-15,1.7999999523162842,1.809999942779541,1.6799999475479126,1.7100000381469729,1.7899999618530271,1.7999999523162842,-4.469269576030466,-4.999995364083054
2026-09-09,FLYE,5,2026-09-16,,,,,1.7899999618530271,1.7999999523162842,,
2026-09-09,FNGR,1,2026-09-10,0.1729999929666519,0.1949999928474426,0.1700000017881393,0.1860000044107437,0.1790000051259994,0.1729999929666519,3.910614013567737,7.514457787635731
2026-09-09,FNGR,2,2026-09-11,0.181999996304512,0.1829999983310699,0.1700000017881393,0.1720000058412552,0.1790000051259994,0.1729999929666519,-3.9106140135676815,-0.578027263613512
2026-09-09,FNGR,3,2026-09-14,0.1700000017881393,0.1710000038146972,0.1449999958276748,0.1449999958276748,0.1790000051259994,0.1729999929666519,-18.994418058475325,-16.184970102498475
2026-09-09,FNGR,4,2026-09-15,0.152999997138977,0.1550000011920929,0.1420000046491623,0.1439999938011169,0.1790000051259994,0.1729999929666519,-19.553078392509406,-16.763005979500324
2026-09-09,FNGR,5,2026-09-16,,,,,0.1790000051259994,0.1729999929666519,,
2026-09-09,FNKO,1,2026-09-10,5.349999904632568,5.425000190734863,5.284999847412109,5.409999847412109,5.389999866485596,5.349999904632568,0.37105716923799825,1.1214942775529257
2026-09-09,FNKO,2,2026-09-11,5.53000020980835,5.545000076293945,5.360000133514404,5.46999979019165,5.389999866485596,5.349999904632568,1.4842286769520152,2.2429885551058515
2026-09-09,FNKO,3,2026-09-14,5.440000057220459,5.519999980926514,5.389999866485596,5.440000057220459,5.389999866485596,5.349999904632568,0.9276473464453927,1.6822458727514977
2026-09-09,FNKO,4,2026-09-15,5.389999866485596,5.445000171661377,5.215000152587891,5.340000152587891,5.389999866485596,5.349999904632568,-0.927638499744643,-0.1869112565033637
2026-09-09,FNKO,5,2026-09-16,,,,,5.389999866485596,5.349999904632568,,
2026-09-09,FRMM,1,2026-09-10,4.610000133514404,4.75,4.5,4.53000020980835,4.619999885559082,4.610000133514404,-1.9480449779240905,-1.7353562123449962
2026-09-09,FRMM,2,2026-09-11,4.650000095367432,4.755000114440918,4.539999961853027,4.570000171661377,4.619999885559082,4.610000133514404,-1.0822449163687464,-0.8676781061724981
2026-09-09,FRMM,3,2026-09-14,4.449999809265137,4.599999904632568,4.449999809265137,4.460000038146973,4.619999885559082,4.610000133514404,-3.4632002462213762,-3.253798069916325
2026-09-09,FRMM,4,2026-09-15,4.460000038146973,4.550000190734863,4.309999942779541,4.53000020980835,4.619999885559082,4.610000133514404,-1.9480449779240905,-1.7353562123449962
2026-09-09,FRMM,5,2026-09-16,,,,,4.619999885559082,4.610000133514404,,
2026-09-09,FTAI,1,2026-09-10,182.0800018310547,183.2700042724609,177.42999267578125,180.08999633789062,185.25,182.0800018310547,-2.785427078061742,-1.092929192196801
2026-09-09,FTAI,2,2026-09-11,184.0,189.47000122070312,182.0,186.05999755859372,185.25,182.0800018310547,0.4372456456646301,2.1858500041272766
2026-09-09,FTAI,3,2026-09-14,180.0,183.8300018310547,174.8000030517578,176.0,185.25,182.0800018310547,-4.993252361673417,-3.339192536199609
2026-09-09,FTAI,4,2026-09-15,177.3000030517578,178.17999267578125,171.97000122070312,176.44000244140625,185.25,182.0800018310547,-4.755734174679482,-3.0975391766974947
2026-09-09,FTAI,5,2026-09-16,,,,,185.25,182.0800018310547,,
2026-09-09,G,1,2026-09-10,34.959999084472656,35.20000076293945,34.29999923706055,34.40999984741211,34.68199920654297,34.959999084472656,-0.7842666667253306,-1.573224403500706
2026-09-09,G,2,2026-09-11,34.439998626708984,35.18000030517578,34.18000030517578,35.13999938964844,34.68199920654297,34.959999084472656,1.3205703061635043,0.5148750282883308
2026-09-09,G,3,2026-09-14,35.93000030517578,36.91999816894531,35.93000030517578,36.43000030517578,34.68199920654297,34.959999084472656,5.040081709888988,4.204809093819506
2026-09-09,G,4,2026-09-15,35.97999954223633,36.720001220703125,35.84000015258789,35.86000061035156,34.68199920654297,34.959999084472656,3.3965787173720896,2.574375141441698
2026-09-09,G,5,2026-09-16,35.529998779296875,35.849998474121094,34.939998626708984,35.27000045776367,34.68199920654297,34.959999084472656,1.695407602424992,0.8867316401867553
2026-09-09,GIFT,1,2026-09-10,0.7680000066757202,0.828000009059906,0.7070000171661377,0.7649999856948853,0.699999988079071,0.7680000066757202,9.285714103251074,-0.3906277284840831
2026-09-09,GIFT,2,2026-09-11,0.7200000286102295,0.7649999856948853,0.7200000286102295,0.7649999856948853,0.699999988079071,0.7680000066757202,9.285714103251074,-0.3906277284840831
2026-09-09,GIFT,3,2026-09-14,0.765999972820282,0.8100000023841858,0.5799999833106995,0.7009999752044678,0.699999988079071,0.7680000066757202,0.14285530606090724,-8.72396235532098
2026-09-09,GIFT,4,2026-09-15,0.6949999928474426,0.7179999947547913,0.6700000166893005,0.699999988079071,0.699999988079071,0.7680000066757202,0.0,-8.854169011141877
2026-09-09,GIFT,5,2026-09-16,,,,,0.699999988079071,0.7680000066757202,,
2026-09-09,GLOB,1,2026-09-10,36.209999084472656,37.06999969482422,35.900001525878906,36.70000076293945,36.13999938964844,36.209999084472656,1.5495334331727006,1.3532220128580796
2026-09-09,GLOB,2,2026-09-11,36.70000076293945,37.93000030517578,36.45000076293945,37.75,36.13999938964844,36.209999084472656,4.454899384455202,4.252971429065067
2026-09-09,GLOB,3,2026-09-14,39.29999923706055,40.97999954223633,38.970001220703125,40.4900016784668,36.13999938964844,36.209999084472656,12.036531162931707,11.819946705907158
2026-09-09,GLOB,4,2026-09-15,39.59999847412109,41.18999862670898,39.48699951171875,40.09999847412109,36.13999938964844,36.209999084472656,10.957385587579482,10.742887290810543
2026-09-09,GLOB,5,2026-09-16,,,,,36.13999938964844,36.209999084472656,,
2026-09-09,GMEX,1,2026-09-10,0.5230000019073486,0.5460000038146973,0.5,0.5210000276565552,0.5709999799728394,0.5230000019073486,-8.756559381781859,-0.3824042530592098
2026-09-09,GMEX,2,2026-09-11,0.4790000021457672,0.4979999959468841,0.4620000123977661,0.481000006198883,0.5709999799728394,0.5230000019073486,-15.761817325849536,-8.03059188437748
2026-09-09,GMEX,3,2026-09-14,0.4670000076293945,0.4670000076293945,0.4399999976158142,0.4490000009536743,0.5709999799728394,0.5230000019073486,-21.366021593375216,-14.14913971009577
2026-09-09,GMEX,4,2026-09-15,0.4399999976158142,0.449999988079071,0.4180000126361847,0.4449999928474426,0.5709999799728394,0.5230000019073486,-22.066548431646204,-14.913959612895756
2026-09-09,GMEX,5,2026-09-16,,,,,0.5709999799728394,0.5230000019073486,,
2026-09-09,GP,1,2026-09-10,0.7699999809265137,0.7900000214576721,0.75,0.7540000081062317,0.7730000019073486,0.7699999809265137,-2.4579552075336575,-2.077918599560191
2026-09-09,GP,2,2026-09-11,0.75,0.800000011920929,0.75,0.7509999871253967,0.7730000019073486,0.7699999809265137,-2.846056239025574,-2.467531723605365
2026-09-09,GP,3,2026-09-14,0.7820000052452087,0.7820000052452087,0.7459999918937683,0.7509999871253967,0.7730000019073486,0.7699999809265137,-2.846056239025574,-2.467531723605365
2026-09-09,GP,4,2026-09-15,0.7540000081062317,0.7900000214576721,0.7440000176429749,0.7689999938011169,0.7730000019073486,0.7699999809265137,-0.517465471715628,-0.12986846106066707
2026-09-09,GP,5,2026-09-16,,,,,0.7730000019073486,0.7699999809265137,,
2026-09-09,GPK,1,2026-09-10,9.370462018614491,9.61757337070017,9.192542486118205,9.281502723693848,9.400115966796877,9.370462018614491,-1.2618274447038225,-0.949358684170809
2026-09-09,GPK,2,2026-09-11,9.429768910095891,9.558266922922485,9.261733119680732,9.390231132507324,9.400115966796877,9.370462018614491,-0.10515651428628647,0.21097266979537288
2026-09-09,GPK,3,2026-09-14,9.429769219201226,9.657112154778968,9.39023144031662,9.410000801086426,9.400115966796877,9.370462018614491,0.10515651428624206,0.42195125910964304
2026-09-09,GPK,4,2026-09-15,9.399999618530272,9.720000267028809,9.300000190734863,9.65999984741211,9.400115966796877,9.370462018614491,2.7646880265434604,3.089899177035771
2026-09-09,GPK,5,2026-09-16,9.800000190734863,9.90999984741211,9.59000015258789,9.65999984741211,9.400115966796877,9.370462018614491,2.7646880265434604,3.089899177035771
2026-09-09,GRAB,1,2026-09-10,3.005000114440918,3.055000066757202,2.9600000381469727,3.009999990463257,3.039999961853028,3.005000114440918,-0.9868411765204255,0.16638521903247216
2026-09-09,GRAB,2,2026-09-11,3.039999961853028,3.059999942779541,2.9600000381469727,3.049999952316284,3.039999961853028,3.005000114440918,0.3289470588401233,1.497498707541256
2026-09-09,GRAB,3,2026-09-14,3.009000062942505,3.059999942779541,2.970000028610229,3.0199999809265137,3.039999961853028,3.005000114440918,-0.657894117680291,0.49916359115966813
2026-09-09,GRAB,4,2026-09-15,3.0799999237060547,3.0850000381469727,2.890000104904175,2.9100000858306885,3.039999961853028,3.005000114440918,-4.276311764921803,-3.1613985022394653
2026-09-09,GRAB,5,2026-09-16,,,,,3.039999961853028,3.005000114440918,,
2026-09-09,GRAN,1,2026-09-10,0.9610000252723694,1.1100000143051147,0.8500000238418579,1.0800000429153442,1.0,0.9610000252723694,8.000004291534424,12.382935953539388
2026-09-09,GRAN,2,2026-09-11,0.9679999947547911,1.059999942779541,0.9350000023841858,1.0399999618530271,1.0,0.9610000252723694,3.999996185302712,8.220596722488892
2026-09-09,GRAN,3,2026-09-14,0.930999994277954,1.0399999618530271,0.930999994277954,0.9679999947547911,1.0,0.9610000252723694,-3.200000524520885,0.7284047136666638
2026-09-09,GRAN,4,2026-09-15,0.9350000023841858,1.059999942779541,0.906000018119812,1.0099999904632568,1.0,0.9610000252723694,0.9999990463256836,5.098851602735355
2026-09-09,GRAN,5,2026-09-16,,,,,1.0,0.9610000252723694,,
2026-09-09,GROW,1,2026-09-10,2.921945114052681,3.021670105892103,2.80227488608224,2.8920276165008545,2.852137327194214,2.921945114052681,1.3986104009193312,-1.0238897851962636
2026-09-09,GROW,2,2026-09-11,2.971807684874555,2.991752683745138,2.882055189956932,2.902000188827514,2.852137327194214,2.921945114052681,1.7482630011491418,-0.6825906869107334
2026-09-09,GROW,3,2026-09-14,2.9200000762939453,3.069999933242798,2.859999895095825,2.9600000381469727,2.852137327194214,2.921945114052681,3.781820388672119,1.3023832621383624
2026-09-09,GROW,4,2026-09-15,2.940000057220459,3.0799999237060547,2.930000066757202,2.9800000190734863,2.852137327194214,2.921945114052681,4.4830482270310945,1.9868581631324433
2026-09-09,GROW,5,2026-09-16,3.0,3.039999961853028,2.940000057220459,2.970000028610229,2.852137327194214,2.921945114052681,4.132434307851596,1.6446207126353807
2026-09-09,GSHD,1,2026-09-10,56.84999847412109,57.68999862670898,56.119998931884766,56.43999862670898,56.400001525878906,56.84999847412109,0.0709168435247598,-0.7211958811199404
2026-09-09,GSHD,2,2026-09-11,57.31999969482422,57.53099822998047,55.47999954223633,57.18000030517578,56.400001525878906,56.84999847412109,1.3829765216211598,0.5804781704698225
2026-09-09,GSHD,3,2026-09-14,57.9900016784668,60.275001525878906,57.9900016784668,59.90999984741211,56.400001525878906,56.84999847412109,6.223401110942617,5.382588312089354
2026-09-09,GSHD,4,2026-09-15,59.2599983215332,60.25,58.119998931884766,59.34999847412109,56.400001525878906,56.84999847412109,5.2304909014738055,4.397537497099546
2026-09-09,GSHD,5,2026-09-16,,,,,56.400001525878906,56.84999847412109,,
2026-09-09,GTM,1,2026-09-10,3.690000057220459,3.829999923706055,3.670000076293945,3.799999952316284,3.7200000286102295,3.690000057220459,2.150535566956502,2.981026921140062
2026-09-09,GTM,2,2026-09-11,3.859999895095825,3.880000114440918,3.7739999294281006,3.799999952316284,3.7200000286102295,3.690000057220459,2.150535566956502,2.981026921140062
2026-09-09,GTM,3,2026-09-14,3.880000114440918,4.199999809265137,3.839999914169312,4.190000057220459,3.7200000286102295,3.690000057220459,12.634409274072468,13.550135291234433
2026-09-09,GTM,4,2026-09-15,4.159999847412109,4.360000133514404,4.139999866485596,4.199999809265137,3.7200000286102295,3.690000057220459,12.903219810840504,13.821131277402788
2026-09-09,GTM,5,2026-09-16,,,,,3.7200000286102295,3.690000057220459,,
2026-09-09,GWRE,1,2026-09-10,142.42999267578125,147.22000122070312,139.6999969482422,140.08999633789062,142.24000549316406,142.42999267578125,-1.511536186896989,-1.6429098211197979
2026-09-09,GWRE,2,2026-09-11,138.80999755859375,142.44000244140625,137.44000244140625,140.9199981689453,142.24000549316406,142.42999267578125,-0.9280141122338437,-1.0601661057957013
2026-09-09,GWRE,3,2026-09-14,145.8699951171875,154.0399932861328,145.32000732421875,153.0,142.24000549316406,142.42999267578125,7.5646752610348145,7.421194880125892
2026-09-09,GWRE,4,2026-09-15,149.0,152.2899932861328,147.77000427246094,148.8800048828125,142.24000549316406,142.42999267578125,4.66816586981047,4.528549139024141
2026-09-09,GWRE,5,2026-09-16,146.58999633789062,150.52000427246094,146.16000366210938,146.72999572753906,142.24000549316406,142.42999267578125,3.156629682913503,3.0190291882876696
2026-09-09,GYGY,1,2026-09-10,1.059999942779541,1.190000057220459,1.0399999618530271,1.090000033378601,1.0700000524520874,1.059999942779541,1.869157004308586,2.830197379104904
2026-09-09,GYGY,2,2026-09-11,1.100000023841858,1.100000023841858,1.0399999618530271,1.0499999523162842,1.0700000524520874,1.059999942779541,-1.8691681453631315,-0.943395377648304
2026-09-09,GYGY,3,2026-09-14,1.0299999713897705,1.0499999523162842,1.0,1.0099999904632568,1.0700000524520874,1.059999942779541,-5.607482153980293,-4.716976888241509
2026-09-09,GYGY,4,2026-09-15,1.0,1.0199999809265137,0.8999999761581421,0.949999988079071,1.0700000524520874,1.059999942779541,-11.214958737433312,-10.377354777211323
2026-09-09,GYGY,5,2026-09-16,,,,,1.0700000524520874,1.059999942779541,,
2026-09-09,HAIN,1,2026-09-10,0.6499999761581421,0.6800000071525574,0.6299999952316284,0.6399999856948853,0.6399999856948853,0.6499999761581421,0.0,-1.5384601277006582
2026-09-09,HAIN,2,2026-09-11,0.6399999856948853,0.6800000071525574,0.5799999833106995,0.6200000047683716,0.6399999856948853,0.6499999761581421,-3.1249970896168877,-4.615380383101986
2026-09-09,HAIN,3,2026-09-14,0.6299999952316284,0.7599999904632568,0.5799999833106995,0.6000000238418579,0.6399999856948853,0.6499999761581421,-6.249994179233775,-7.692300638503314
2026-09-09,HAIN,4,2026-09-15,0.5799999833106995,0.6399999856948853,0.550000011920929,0.6299999952316284,0.6399999856948853,0.6499999761581421,-1.5624985448084439,-3.0769202554013275
2026-09-09,HAIN,5,2026-09-16,0.6200000047683716,0.6700000166893005,0.5799999833106995,0.5899999737739563,0.6399999856948853,0.6499999761581421,-7.812502037268176,-9.230769936149663
2026-09-09,HBNB,1,2026-09-10,5.010000228881836,5.230000019073486,4.849999904632568,5.0,4.75,5.010000228881836,5.263157894736836,-0.1996053577839385
2026-09-09,HBNB,2,2026-09-11,5.039999961853027,5.039999961853027,4.985000133514404,4.985000133514404,4.75,5.010000228881836,4.947371231882203,-0.4990038767525462
2026-09-09,HBNB,3,2026-09-14,4.989999771118164,5.0,4.989999771118164,5.0,4.75,5.010000228881836,5.263157894736836,-0.1996053577839385
2026-09-09,HBNB,4,2026-09-15,5.130000114440918,5.130000114440918,5.099999904632568,5.099999904632568,4.75,5.010000228881836,7.3684190448961795,1.796400631518913
2026-09-09,HBNB,5,2026-09-16,,,,,4.75,5.010000228881836,,
2026-09-09,HCAI,1,2026-09-10,4.260000228881836,4.260000228881836,2.25,2.5899999141693115,4.199999809265137,4.260000228881836,-38.33333257644892,-39.20188321564635
2026-09-09,HCAI,2,2026-09-11,2.150000095367432,2.775000095367432,2.0999999046325684,2.240000009536743,4.199999809265137,4.260000228881836,-46.66666401757122,-47.41784297686063
2026-09-09,HCAI,3,2026-09-14,2.240000009536743,2.2699999809265137,1.75,1.8550000190734863,4.199999809265137,4.260000228881836,-55.83333087345898,-56.45540095286834
2026-09-09,HCAI,4,2026-09-15,0.699999988079071,0.7099999785423279,0.5299999713897705,0.609000027179718,4.199999809265137,4.260000228881836,-85.4999986943744,-85.70422548217637
2026-09-09,HCAI,5,2026-09-16,,,,,4.199999809265137,4.260000228881836,,
2026-09-09,HCTI,1,2026-09-10,0.75,0.7799999713897705,0.7250000238418579,0.7440000176429749,0.75,0.75,-0.7999976476033566,-0.7999976476033566
2026-09-09,HCTI,2,2026-09-11,0.7649999856948853,0.7770000100135803,0.7400000095367432,0.7459999918937683,0.75,0.75,-0.5333344141642216,-0.5333344141642216
2026-09-09,HCTI,3,2026-09-14,0.7329999804496765,0.7699999809265137,0.7200000286102295,0.7429999709129333,0.75,0.75,-0.9333372116088867,-0.9333372116088867
2026-09-09,HCTI,4,2026-09-15,0.7689999938011169,0.7689999938011169,0.7099999785423279,0.7099999785423279,0.75,0.75,-5.333336194356287,-5.333336194356287
2026-09-09,HCTI,5,2026-09-16,,,,,0.75,0.75,,
2026-09-09,HE,1,2026-09-10,10.279999732971191,10.56999969482422,10.279999732971191,10.470000267028809,10.329999923706056,10.279999732971191,1.3552792290101534,1.848254270359817
2026-09-09,HE,2,2026-09-11,10.579999923706056,10.609999656677246,10.34000015258789,10.380000114440918,10.329999923706056,10.279999732971191,0.4840289555096522,0.9727663819775634
2026-09-09,HE,3,2026-09-14,10.40999984741211,10.449999809265137,10.31999969482422,10.359999656677246,10.329999923706056,10.279999732971191,0.29041368047200145,0.778209394786944
2026-09-09,HE,4,2026-09-15,10.34000015258789,10.369999885559082,10.170000076293944,10.210000038146973,10.329999923706056,10.279999732971191,-1.161663953972536,-0.6809309011916342
2026-09-09,HE,5,2026-09-16,10.279999732971191,10.300000190734863,10.06999969482422,10.229999542236328,10.329999923706056,10.279999732971191,-0.9680579110193377,-0.4863831909887817
2026-09-09,HIND,1,2026-09-10,2.049999952316284,2.0999999046325684,2.049999952316284,2.0999999046325684,2.059999942779541,2.049999952316284,1.9417457749564715,2.439022120941492
2026-09-09,HIND,2,2026-09-11,2.109999895095825,2.109999895095825,2.049999952316284,2.059999942779541,2.059999942779541,2.049999952316284,0.0,0.4878044241882984
2026-09-09,HIND,3,2026-09-14,2.11899995803833,2.11899995803833,2.059999942779541,2.059999942779541,2.059999942779541,2.049999952316284,0.0,0.4878044241882984
2026-09-09,HIND,4,2026-09-15,2.059999942779541,2.075000047683716,2.0,2.009999990463257,2.059999942779541,2.049999952316284,-2.4271822186955783,-1.9512176967531936
2026-09-09,HIND,5,2026-09-16,,,,,2.059999942779541,2.049999952316284,,
2026-09-09,HODO,1,2026-09-10,0.1889999955892563,0.2000000029802322,0.1800000071525573,0.1860000044107437,0.1870000064373016,0.1889999955892563,-0.5347604236009329,-1.5872969568910933
2026-09-09,HODO,2,2026-09-11,0.1959999948740005,0.2000000029802322,0.1850000023841858,0.1909999996423721,0.1870000064373016,0.1889999955892563,2.1390337258686776,1.0582032274023545
2026-09-09,HODO,3,2026-09-14,0.1949999928474426,0.2000000029802322,0.1829999983310699,0.1829999983310699,0.1870000064373016,0.1889999955892563,-2.1390416944038204,-3.1746017979946806
2026-09-09,HODO,4,2026-09-15,0.1899999976158142,0.1899999976158142,0.1659999936819076,0.1720000058412552,0.1870000064373016,0.1889999955892563,-8.02139041694403,-8.994703780282764
2026-09-09,HODO,5,2026-09-16,,,,,0.1870000064373016,0.1889999955892563,,
2026-09-09,HPAI,1,2026-09-10,0.2820000052452087,0.3149999976158142,0.2509999871253967,0.3000000119209289,0.2989999949932098,0.2820000052452087,0.33445382758010567,6.382980971957286
2026-09-09,HPAI,2,2026-09-11,0.3000000119209289,0.3030000030994415,0.2829999923706054,0.2939999997615814,0.2989999949932098,0.2820000052452087,-1.6722392359043048,4.255317125238456
2026-09-09,HPAI,3,2026-09-14,0.2919999957084656,0.3070000112056732,0.2899999916553497,0.2960000038146972,0.2989999949932098,0.2820000052452087,-1.0033415480761754,4.9645384074780585
2026-09-09,HPAI,4,2026-09-15,0.296999990940094,0.3039999902248382,0.2879999876022339,0.2930000126361847,0.2989999949932098,0.2820000052452087,-2.0066830961523396,3.900711768218268
2026-09-09,HPAI,5,2026-09-16,,,,,0.2989999949932098,0.2820000052452087,,
2026-09-09,HRB,1,2026-09-10,45.31999969482422,45.5099983215332,44.31999969482422,44.880001068115234,45.13999938964844,45.31999969482422,-0.5759821113174968,-0.9708707627357649
2026-09-09,HRB,2,2026-09-11,45.130001068115234,45.220001220703125,44.400001525878906,45.119998931884766,45.13999938964844,45.31999969482422,-0.044307616380379056,-0.4413079529704711
2026-09-09,HRB,3,2026-09-14,46.22999954223633,46.84999847412109,45.4900016784668,45.7400016784668,45.13999938964844,45.31999969482422,1.3292031389702474,0.9267475429628913
2026-09-09,HRB,4,2026-09-15,45.20000076293945,45.84999847412109,45.150001525878906,45.84000015258789,45.13999938964844,45.31999969482422,1.5507327700584383,1.1473973108235835
2026-09-09,HRB,5,2026-09-16,45.5099983215332,45.869998931884766,44.790000915527344,45.11000061035156,45.13999938964844,45.31999969482422,-0.0664571991637053,-0.4633695628568968
2026-09-09,HUBC,1,2026-09-10,12.5,12.999999523162842,10.199999809265135,10.40000021457672,15.000000596046448,12.5,-30.66666799121429,-16.79999828338624
2026-09-09,HUBC,2,2026-09-11,10.54999977350235,10.54999977350235,8.500000089406967,8.524999767541885,15.000000596046448,12.5,-43.16667047474104,-31.800001859664917
2026-09-09,HUBC,3,2026-09-14,6.617099761962891,7.989999771118164,6.617099761962891,7.349999904632568,15.000000596046448,12.5,-51.00000258286783,-41.200000762939446
2026-09-09,HUBC,4,2026-09-15,7.380000114440918,7.380000114440918,6.300000190734863,6.329999923706055,15.000000596046448,12.5,-57.800002185503565,-49.36000061035156
2026-09-09,HUBC,5,2026-09-16,,,,,15.000000596046448,12.5,,
2026-09-09,HWM,1,2026-09-10,231.5399932861328,232.38999938964844,227.57000732421875,227.91000366210935,232.6199951171875,231.5399932861328,-2.0247577826254304,-1.5677592335150425
2026-09-09,HWM,2,2026-09-11,231.72000122070312,232.3600006103516,227.72999572753903,229.6100006103516,232.6199951171875,231.5399932861328,-1.2939534734834668,-0.833546139649477
2026-09-09,HWM,3,2026-09-14,226.2400054931641,229.3800048828125,223.02999877929688,227.1300048828125,232.6199951171875,231.5399932861328,-2.3600680722262513,-1.9046335541137105
2026-09-09,HWM,4,2026-09-15,231.58999633789065,232.1699981689453,223.27999877929688,224.6699981689453,232.6199951171875,231.5399932861328,-3.417589680645128,-2.9670878968618086
2026-09-09,HWM,5,2026-09-16,226.22999572753903,229.25,224.8500061035156,227.72999572753903,232.6199951171875,231.5399932861328,-2.10214061228271,-1.6455030098776358
2026-09-09,IBEX,1,2026-09-10,37.0,37.83000183105469,36.810001373291016,37.2599983215332,37.040000915527344,37.0,0.5939454658966614,0.7026981663059484
2026-09-09,IBEX,2,2026-09-11,32.255001068115234,40.0,32.0,39.79999923706055,37.040000915527344,37.0,7.451399172012985,7.567565505569052
2026-09-09,IBEX,3,2026-09-14,40.0,41.90999984741211,39.72499847412109,40.4900016784668,37.040000915527344,37.0,9.31425668916006,9.432436968829183
2026-09-09,IBEX,4,2026-09-15,39.77999877929688,41.220001220703125,39.209999084472656,40.79999923706055,37.040000915527344,37.0,10.151183122560337,10.270268208271748
2026-09-09,IBEX,5,2026-09-16,,,,,37.040000915527344,37.0,,
2026-09-09,IBP,1,2026-09-10,205.37931691834655,209.64100690726048,199.14148652494484,201.3272247314453,210.1300506591797,205.37931691834655,-4.189227528437667,-1.972979678626663
2026-09-09,IBP,2,2026-09-11,202.5947663673527,209.012239290361,195.65828643617124,203.8822479248047,210.1300506591797,205.37931691834655,-2.973302825928792,-0.7289288015974171
2026-09-09,IBP,3,2026-09-14,199.6105847391848,202.055811356424,196.89587956840555,199.91000366210935,210.1300506591797,205.37931691834655,-4.863677025256486,-2.663030210783912
2026-09-09,IBP,4,2026-09-15,201.6999969482422,211.8999938964844,199.0,199.63999938964844,210.1300506591797,205.37931691834655,-4.9921709135004155,-2.794496356699794
2026-09-09,IBP,5,2026-09-16,,,,,210.1300506591797,205.37931691834655,,
2026-09-09,IHRT,1,2026-09-10,2.569999933242798,2.7300000190734863,2.555000066757202,2.720000028610229,2.5899999141693115,2.569999933242798,5.019309604209488,5.836579737889824
2026-09-09,IHRT,2,2026-09-11,2.759999990463257,2.789999961853028,2.680000066757202,2.700000047683716,2.5899999141693115,2.569999933242798,4.247109542846639,5.058370343102903
2026-09-09,IHRT,3,2026-09-14,2.700000047683716,2.759999990463257,2.680000066757202,2.7300000190734863,2.5899999141693115,2.569999933242798,5.405409634890934,6.225684435283307
2026-09-09,IHRT,4,2026-09-15,2.7100000381469727,2.7100000381469727,2.595000028610229,2.634999990463257,2.5899999141693115,2.569999933242798,1.7374547407418728,2.5291851715514513
2026-09-09,IHRT,5,2026-09-16,,,,,2.5899999141693115,2.569999933242798,,
2026-09-09,ILLR,1,2026-09-10,0.7559999823570251,0.7710000276565552,0.7229999899864197,0.7480000257492065,0.7799999713897705,0.7559999823570251,-4.102557283886544,-1.058195343189916
2026-09-09,ILLR,2,2026-09-11,0.7400000095367432,0.7839999794960022,0.6830000281333923,0.7310000061988831,0.7799999713897705,0.7559999823570251,-6.282047049768657,-3.3068752303668347
2026-09-09,ILLR,3,2026-09-14,0.7400000095367432,0.7699999809265137,0.7099999785423279,0.765999972820282,0.7799999713897705,0.7559999823570251,-1.794871677308385,1.3227500921467295
2026-09-09,ILLR,4,2026-09-15,0.7350000143051147,0.7400000095367432,0.550000011920929,0.5879999995231628,0.7799999713897705,0.7559999823570251,-24.61538191142627,-22.222220470175014
2026-09-09,ILLR,5,2026-09-16,,,,,0.7799999713897705,0.7559999823570251,,
2026-09-09,INBX,1,2026-09-10,109.2300033569336,113.9489974975586,107.22000122070312,111.41999816894533,112.86000061035156,109.2300033569336,-1.2759192217071114,2.0049388855692296
2026-09-09,INBX,2,2026-09-11,113.0,115.11000061035156,108.93000030517578,109.2699966430664,112.86000061035156,109.2300033569336,-3.180935626324888,0.03661382853035189
2026-09-09,INBX,3,2026-09-14,109.0999984741211,111.44000244140624,104.9000015258789,110.47000122070312,112.86000061035156,109.2300033569336,-2.117667354885011,1.1352172715014541
2026-09-09,INBX,4,2026-09-15,109.44000244140624,109.44000244140624,104.84500122070312,105.61000061035156,112.86000061035156,109.2300033569336,-6.423887968094721,-3.3141102584725357
2026-09-09,INBX,5,2026-09-16,,,,,112.86000061035156,109.2300033569336,,
2026-09-09,INHD,1,2026-09-10,3.920000076293945,4.150000095367432,3.759999990463257,3.9600000381469727,4.099999904632568,3.920000076293945,-3.4146309693180887,1.0204071702683448
2026-09-09,INHD,2,2026-09-11,3.900000095367432,4.090000152587891,3.75,3.9600000381469727,4.099999904632568,3.920000076293945,-3.4146309693180887,1.0204071702683448
2026-09-09,INHD,3,2026-09-14,3.940000057220459,3.947000026702881,3.660000085830689,3.7200000286102295,4.099999904632568,3.920000076293945,-9.268289874665092,-5.10204193344812
2026-09-09,INHD,4,2026-09-15,3.609999895095825,3.700000047683716,3.400000095367432,3.5,4.099999904632568,3.920000076293945,-14.634144355823809,-10.714287452030414
2026-09-09,INHD,5,2026-09-16,,,,,4.099999904632568,3.920000076293945,,
2026-09-09,IT,1,2026-09-10,171.07000732421875,172.4199981689453,169.0800018310547,170.6199951171875,169.69000244140625,171.07000732421875,0.5480538997000517,-0.26305733779409257
2026-09-09,IT,2,2026-09-11,171.24000549316406,179.6300048828125,170.7100067138672,179.58999633789062,169.69000244140625,171.07000732421875,5.834164508249584,4.980410737648744
2026-09-09,IT,3,2026-09-14,186.08999633789065,197.63999938964844,184.8800048828125,197.07000732421875,169.69000244140625,171.07000732421875,16.135308202536436,15.198456121372427
2026-09-09,IT,4,2026-09-15,192.4499969482422,202.97999572753903,191.25999450683597,195.6199951171875,169.69000244140625,171.07000732421875,15.280801639881435,14.350842778910167
2026-09-09,IT,5,2026-09-16,192.7100067138672,195.83999633789065,190.0399932861328,191.57000732421875,169.69000244140625,171.07000732421875,12.894103699696524,11.983398095697506
2026-09-09,JAGX,1,2026-09-10,5.503499031066895,5.503499031066895,4.643999099731445,4.784998893737793,5.494499206542969,5.503499031066895,-12.912920470718925,-13.055333221160137
2026-09-09,JAGX,2,2026-09-11,4.8824992179870605,4.8824992179870605,4.373999118804932,4.709999084472656,5.494499206542969,5.503499031066895,-14.277918561460757,-14.418099142290808
2026-09-09,JAGX,3,2026-09-14,4.646248817443848,5.032498836517334,4.470149040222168,4.783498764038086,5.494499206542969,5.503499031066895,-12.940222862498697,-13.082590965573981
2026-09-09,JAGX,4,2026-09-15,4.349998950958252,4.522499084472656,2.998498916625977,3.3689990043640137,5.494499206542969,5.503499031066895,-38.684147950151,-38.784417234449705
2026-09-09,JAGX,5,2026-09-16,3.524998903274536,4.663498878479004,3.1394989490509038,3.4934990406036377,5.494499206542969,5.503499031066895,-36.41824469746936,-36.52221939382451
2026-09-09,KIDZ,1,2026-09-10,3.359999895095825,3.670000076293945,3.3299999237060547,3.5299999713897705,3.4800000190734863,3.359999895095825,1.4367802310988553,5.059526238142853
2026-09-09,KIDZ,2,2026-09-11,3.3949999809265137,3.5899999141693115,3.2699999809265137,3.375,3.4800000190734863,3.359999895095825,-3.0172419108618675,0.4464317075148827
2026-09-09,KIDZ,3,2026-09-14,3.289999961853028,3.390000104904175,2.811000108718872,2.9100000858306885,3.4800000190734863,3.359999895095825,-16.379308336744046,-13.392851884368973
2026-09-09,KIDZ,4,2026-09-15,2.930000066757202,3.1600000858306885,2.7100000381469727,3.015000104904175,3.4800000190734863,3.359999895095825,-13.362066425882169,-10.267851219138546
2026-09-09,KIDZ,5,2026-09-16,,,,,3.4800000190734863,3.359999895095825,,
2026-09-09,KLRS,1,2026-09-10,3.549999952316284,3.660000085830689,3.299999952316284,3.299999952316284,3.470000028610229,3.549999952316284,-4.8991376049651425,-7.042253615718542
2026-09-09,KLRS,2,2026-09-11,3.390000104904175,3.440000057220459,3.2699999809265137,3.380000114440918,3.470000028610229,3.549999952316284,-2.5936574474714646,-4.788727891797451
2026-09-09,KLRS,3,2026-09-14,3.4100000858306885,3.444999933242798,3.25,3.299999952316284,3.470000028610229,3.549999952316284,-4.8991376049651425,-7.042253615718542
2026-09-09,KLRS,4,2026-09-15,3.3499999046325684,3.3550000190734863,3.200000047683716,3.200000047683716,3.470000028610229,3.549999952316284,-7.7809792132667805,-9.8591523755994
2026-09-09,KLRS,5,2026-09-16,,,,,3.470000028610229,3.549999952316284,,
2026-09-09,KMRK,1,2026-09-10,0.9800000190734864,1.0260000228881836,0.9419999718666076,0.9419999718666076,1.0299999713897705,0.9800000190734864,-8.54368951141089,-3.877555761968754
2026-09-09,KMRK,2,2026-09-11,0.9100000262260436,1.059999942779541,0.9079999923706056,0.9079999923706056,1.0299999713897705,0.9800000190734864,-11.844658486208637,-7.3469413573023505
2026-09-09,KMRK,3,2026-09-14,0.975000023841858,1.0499999523162842,0.9200000166893004,0.9660000205039978,1.0299999713897705,0.9800000190734864,-6.2135876372324645,-1.4285712547969731
2026-09-09,KMRK,4,2026-09-15,1.0,1.0,0.9409999847412108,0.9700000286102296,1.0299999713897705,0.9800000190734864,-5.825237324869381,-1.0204071702683226
2026-09-09,KMRK,5,2026-09-16,,,,,1.0299999713897705,0.9800000190734864,,
2026-09-09,KNF,1,2026-09-10,56.9900016784668,58.630001068115234,56.9900016784668,57.18000030517578,57.970001220703125,56.9900016784668,-1.3627753991580116,0.33338940360265745
2026-09-09,KNF,2,2026-09-11,58.130001068115234,58.4900016784668,57.375,57.630001068115234,57.970001220703125,56.9900016784668,-0.5865105147978888,1.1230029317410128
2026-09-09,KNF,3,2026-09-14,56.68999862670898,57.61399841308594,56.25,56.470001220703125,57.970001220703125,56.9900016784668,-2.58754522755521,-0.912441555445942
2026-09-09,KNF,4,2026-09-15,56.290000915527344,57.22999954223633,55.27000045776367,56.560001373291016,57.970001220703125,56.9900016784668,-2.432292250683188,-0.7545188498182753
2026-09-09,KNF,5,2026-09-16,,,,,57.970001220703125,56.9900016784668,,
2026-09-09,KRMN,1,2026-09-10,34.72999954223633,36.41999816894531,34.209999084472656,34.38999938964844,35.220001220703125,34.72999954223633,-2.3566206765682662,-0.9789811605796506
2026-09-09,KRMN,2,2026-09-11,34.72999954223633,35.61000061035156,33.9900016784668,35.279998779296875,35.220001220703125,34.72999954223633,0.17035081349878745,1.583643087560871
2026-09-09,KRMN,3,2026-09-14,34.70000076293945,36.720001220703125,34.5099983215332,34.7400016784668,35.220001220703125,34.72999954223633,-1.362860663259069,0.02879970159028744
2026-09-09,KRMN,4,2026-09-15,35.650001525878906,38.380001068115234,35.060001373291016,37.470001220703125,35.220001220703125,34.72999954223633,6.3884154514946445,7.889437703949831
2026-09-09,KRMN,5,2026-09-16,,,,,35.220001220703125,34.72999954223633,,
2026-09-09,KSPI,1,2026-09-10,97.98999786376952,98.78500366210938,96.87999725341795,97.1500015258789,97.85100555419922,97.98999786376952,-0.7163994118916106,-0.8572266110857707
2026-09-09,KSPI,2,2026-09-11,97.9499969482422,99.98999786376952,97.0999984741211,99.88999938964844,97.85100555419922,97.98999786376952,2.08377402347677,1.9389749640778664
2026-09-09,KSPI,3,2026-09-14,99.8499984741211,100.97000122070312,98.5,100.4800033569336,97.85100555419922,97.98999786376952,2.68673560158581,2.541081281199542
2026-09-09,KSPI,4,2026-09-15,100.0,100.6500015258789,98.1999969482422,98.76000213623048,97.85100555419922,97.98999786376952,0.9289598782178832,0.7857988460530985
2026-09-09,KSPI,5,2026-09-16,,,,,97.85100555419922,97.98999786376952,,
2026-09-09,KTB,1,2026-09-10,66.1500015258789,67.20500183105469,65.15499877929688,66.16000366210938,67.16000366210938,66.1500015258789,-1.4889814554375658,0.015120386998868085
2026-09-09,KTB,2,2026-09-11,66.9000015258789,67.94999694824219,66.16999816894531,66.62000274658203,67.16000366210938,66.1500015258789,-0.8040513491395229,0.7105082537590679
2026-09-09,KTB,3,2026-09-14,66.54000091552734,67.56999969482422,65.79299926757812,67.41999816894531,67.16000366210938,66.1500015258789,0.3871269991943427,1.9198739437210177
2026-09-09,KTB,4,2026-09-15,68.06999969482422,68.08000183105469,66.54499816894531,67.0,67.16000366210938,66.1500015258789,-0.23824248568296014,1.2849560914802938
2026-09-09,KTB,5,2026-09-16,,,,,67.16000366210938,66.1500015258789,,
2026-09-09,KULR,1,2026-09-10,2.309999942779541,2.400000095367432,2.299999952316284,2.3499999046325684,2.3499999046325684,2.309999942779541,0.0,1.7316001231106881
2026-09-09,KULR,2,2026-09-11,2.4100000858306885,2.440000057220459,2.359999895095825,2.380000114440918,2.3499999046325684,2.309999942779541,1.27660472450275,3.0303105365945715
2026-09-09,KULR,3,2026-09-14,2.3299999237060547,2.430000066757202,2.319999933242798,2.380000114440918,2.3499999046325684,2.309999942779541,1.27660472450275,3.0303105365945715
2026-09-09,KULR,4,2026-09-15,2.3499999046325684,2.369999885559082,2.2300000190734863,2.299999952316284,2.3499999046325684,2.309999942779541,-2.1276576317181495,-0.43290003077767203
2026-09-09,KULR,5,2026-09-16,,,,,2.3499999046325684,2.309999942779541,,
2026-09-09,KVYO,1,2026-09-10,16.520000457763672,16.530000686645508,15.9350004196167,16.1299991607666,16.270000457763672,16.520000457763672,-0.8604873574558858,-2.360782604057299
2026-09-09,KVYO,2,2026-09-11,16.0,16.415000915527344,15.90999984741211,16.360000610351562,16.270000457763672,16.520000457763672,0.5531662572568985,-0.9685220519283777
2026-09-09,KVYO,3,2026-09-14,17.010000228881836,17.43000030517578,16.545000076293945,17.399999618530273,16.270000457763672,16.520000457763672,6.945292741079134,5.32687128560605
2026-09-09,KVYO,4,2026-09-15,17.0,17.479999542236328,16.649999618530273,16.979999542236328,16.270000457763672,16.520000457763672,4.3638541149140675,2.784498012870684
2026-09-09,KVYO,5,2026-09-16,,,,,16.270000457763672,16.520000457763672,,
2026-09-09,KXIN,1,2026-09-10,1.0800000429153442,1.1799999475479126,1.0099999904632568,1.0850000381469729,1.1200000047683716,1.0800000429153442,-3.1249970064631483,0.4629625030506235
2026-09-09,KXIN,2,2026-09-11,1.100000023841858,1.1299999952316284,1.0,1.0499999523162842,1.1200000047683716,1.0800000429153442,-6.250004656612851,-2.7777860562003376
2026-09-09,KXIN,3,2026-09-14,1.0499999523162842,1.1200000047683716,1.0299999713897705,1.0399999618530271,1.1200000047683716,1.0800000429153442,-7.142860944173779,-3.7037110623015512
2026-09-09,KXIN,4,2026-09-15,1.0099999904632568,1.0499999523162842,0.9490000009536744,1.0299999713897705,1.1200000047683716,1.0800000429153442,-8.035717231734662,-4.629636068402732
2026-09-09,KXIN,5,2026-09-16,,,,,1.1200000047683716,1.0800000429153442,,
2026-09-09,KYTX,1,2026-09-10,7.510000228881836,7.53000020980835,7.340000152587891,7.349999904632568,7.639999866485596,7.510000228881836,-3.7958110853531624,-2.130496929067205
2026-09-09,KYTX,2,2026-09-11,7.46999979019165,7.590000152587891,7.204999923706055,7.260000228881836,7.639999866485596,7.510000228881836,-4.973817333043485,-3.328894705469565
2026-09-09,KYTX,3,2026-09-14,7.25,7.489999771118164,7.210000038146973,7.400000095367432,7.639999866485596,7.510000228881836,-3.141358315606413,-1.4647154482281821
2026-09-09,KYTX,4,2026-09-15,7.340000152587891,7.340000152587891,6.869999885559082,6.960000038146973,7.639999866485596,7.510000228881836,-8.900521468875667,-7.323570891778164
2026-09-09,KYTX,5,2026-09-16,,,,,7.639999866485596,7.510000228881836,,
2026-09-09,LASE,1,2026-09-10,0.8009999990463257,0.8050000071525574,0.6669999957084656,0.7099999785423279,0.8009999990463257,0.8009999990463257,-11.36080157457464,-11.36080157457464
2026-09-09,LASE,2,2026-09-11,0.7580000162124634,0.7580000162124634,0.6700000166893005,0.6949999928474426,0.8009999990463257,0.8009999990463257,-13.233458966927236,-13.233458966927236
2026-09-09,LASE,3,2026-09-14,0.6959999799728394,0.8069999814033508,0.5799999833106995,0.7960000038146973,0.8009999990463257,0.8009999990463257,-0.6242191307841982,-0.6242191307841982
2026-09-09,LASE,4,2026-09-15,0.7799999713897705,0.8270000219345093,0.7250000238418579,0.7799999713897705,0.8009999990463257,0.8009999990463257,-2.6217263023168402,-2.6217263023168402
2026-09-09,LASE,5,2026-09-16,,,,,0.8009999990463257,0.8009999990463257,,
2026-09-09,LDI,1,2026-09-10,0.7680000066757202,0.8870000243186951,0.75,0.8320000171661377,0.7799999713897705,0.7680000066757202,6.6666727799638,8.333334626836898
2026-09-09,LDI,2,2026-09-11,0.8500000238418579,0.8550000190734863,0.7929999828338623,0.8349999785423279,0.7799999713897705,0.7680000066757202,7.051283226916105,8.723954594299599
2026-09-09,LDI,3,2026-09-14,0.8379999995231628,0.8849999904632568,0.8209999799728394,0.8330000042915344,0.7799999713897705,0.7680000066757202,6.794876262281235,8.463541282657804
2026-09-09,LDI,4,2026-09-15,0.8199999928474426,0.8379999995231628,0.7080000042915344,0.7319999933242798,0.7799999713897705,0.7680000066757202,-6.1538435674512115,-4.6875016977234285
2026-09-09,LDI,5,2026-09-16,,,,,0.7799999713897705,0.7680000066757202,,
2026-09-09,LGCL,1,2026-09-10,3.3399999141693115,3.3399999141693115,3.009999990463257,3.069999933242798,3.440000057220459,3.3399999141693115,-10.755817378579447,-8.083831972003663
2026-09-09,LGCL,2,2026-09-11,3.109999895095825,3.25,2.940000057220459,3.150000095367432,3.440000057220459,3.3399999141693115,-8.430231308988656,-5.6886174755826024
2026-09-09,LGCL,3,2026-09-14,2.9600000381469727,3.200000047683716,2.940000057220459,3.109999895095825,3.440000057220459,3.3399999141693115,-9.59302780917033,-6.886228292933638
2026-09-09,LGCL,4,2026-09-15,3.0299999713897705,3.2699999809265137,3.0299999713897705,3.1700000762939453,3.440000057220459,3.3399999141693115,-7.848836524284108,-5.089815636047601
2026-09-09,LGCL,5,2026-09-16,,,,,3.440000057220459,3.3399999141693115,,
2026-09-09,LGPS,1,2026-09-10,0.8240000009536743,0.847000002861023,0.7900000214576721,0.8299999833106995,0.8320000171661377,0.8240000009536743,-0.2403886795880772,0.7281531978253541
2026-09-09,LGPS,2,2026-09-11,0.8299999833106995,0.8500000238418579,0.8100000023841858,0.8299999833106995,0.8320000171661377,0.8240000009536743,-0.2403886795880772,0.7281531978253541
2026-09-09,LGPS,3,2026-09-14,0.8149999976158142,0.8289999961853027,0.7879999876022339,0.8100000023841858,0.8320000171661377,0.8240000009536743,-2.644232491350884,-1.6990289506414236
2026-09-09,LGPS,4,2026-09-15,0.7940000295639038,0.800000011920929,0.75,0.781000018119812,0.8320000171661377,0.8240000009536743,-6.129807451210878,-5.218444512632924
2026-09-09,LGPS,5,2026-09-16,,,,,0.8320000171661377,0.8240000009536743,,
2026-09-09,LMND,1,2026-09-10,48.95000076293945,50.435001373291016,48.77999877929688,49.61000061035156,49.220001220703125,48.95000076293945,0.7923595692321816,1.3483142740046805
2026-09-09,LMND,2,2026-09-11,50.29999923706055,50.9900016784668,49.0099983215332,49.400001525878906,49.220001220703125,48.95000076293945,0.36570560892239534,0.9193069579687352
2026-09-09,LMND,3,2026-09-14,48.650001525878906,50.25,48.52999877929688,50.02999877929688,49.220001220703125,48.95000076293945,1.6456674898517765,2.206328906076549
2026-09-09,LMND,4,2026-09-15,49.25,50.619998931884766,49.25,49.7400016784668,49.220001220703125,48.95000076293945,1.0564820090759097,1.6138935714286262
2026-09-09,LMND,5,2026-09-16,,,,,49.220001220703125,48.95000076293945,,
2026-09-09,LNG,1,2026-09-10,281.0,281.0,276.7300109863281,277.8399963378906,275.92999267578125,281.0,0.6922058901924544,-1.1245564633841187
2026-09-09,LNG,2,2026-09-11,277.760009765625,280.42999267578125,274.57000732421875,278.3399963378906,275.92999267578125,281.0,0.8734112731779486,-0.9466205203236155
2026-09-09,LNG,3,2026-09-14,281.1300048828125,283.54998779296875,273.19000244140625,274.2799987792969,275.92999267578125,281.0,-0.5979755518723651,-2.3914595091470203
2026-09-09,LNG,4,2026-09-15,273.32000732421875,275.489990234375,270.1300048828125,270.9800109863281,275.92999267578125,281.0,-1.7939266556170952,-3.5658323892070687
2026-09-09,LNG,5,2026-09-16,268.0,271.79998779296875,265.2699890136719,267.75,275.92999267578125,281.0,-2.964517411266987,-4.715302491103202
2026-09-09,LOOP,1,2026-09-10,0.4350000023841858,0.4429999887943268,0.4099999964237213,0.4410000145435333,0.4300000071525574,0.4350000023841858,2.5581412111636004,1.3793131325200436
2026-09-09,LOOP,2,2026-09-11,0.4410000145435333,0.4779999852180481,0.4269999861717224,0.4729999899864197,0.4300000071525574,0.4350000023841858,9.99999584153648,8.735629285967871
2026-09-09,LOOP,3,2026-09-14,0.4679999947547912,0.492000013589859,0.4600000083446502,0.4860000014305115,0.4300000071525574,0.4350000023841858,13.023254266618235,11.724137647540346
2026-09-09,LOOP,4,2026-09-15,0.4959999918937683,0.4959999918937683,0.4250000119209289,0.4729999899864197,0.4300000071525574,0.4350000023841858,9.99999584153648,8.735629285967871
2026-09-09,LOOP,5,2026-09-16,,,,,0.4300000071525574,0.4350000023841858,,
2026-09-09,LUCD,1,2026-09-10,0.8299999833106995,0.8299999833106995,0.7889999747276306,0.8040000200271606,0.8209999799728394,0.8299999833106995,-2.070640725988948,-3.132525759799454
2026-09-09,LUCD,2,2026-09-11,0.8479999899864197,0.8560000061988831,0.7799999713897705,0.7829999923706055,0.8209999799728394,0.8299999833106995,-4.628500429864935,-5.662649624716942
2026-09-09,LUCD,3,2026-09-14,0.7789999842643738,0.7979999780654907,0.7739999890327454,0.7829999923706055,0.8209999799728394,0.8299999833106995,-4.628500429864935,-5.662649624716942
2026-09-09,LUCD,4,2026-09-15,0.7820000052452087,0.800000011920929,0.75,0.7940000295639038,0.8209999799728394,0.8299999833106995,-3.288666390689654,-4.337343912128677
2026-09-09,LUCD,5,2026-09-16,,,,,0.8209999799728394,0.8299999833106995,,
2026-09-09,LUNG,1,2026-09-10,1.899999976158142,1.909999966621399,1.815000057220459,1.850000023841858,1.9800000190734863,1.899999976158142,-6.565656261582264,-2.6315764707210976
2026-09-09,LUNG,2,2026-09-11,1.940000057220459,2.005000114440918,1.815000057220459,1.850000023841858,1.9800000190734863,1.899999976158142,-6.565656261582264,-2.6315764707210976
2026-09-09,LUNG,3,2026-09-14,1.830000042915344,2.0,1.830000042915344,1.9700000286102293,1.9800000190734863,1.899999976158142,-0.5050500185316387,3.68421333318274
2026-09-09,LUNG,4,2026-09-15,1.940000057220459,1.9900000095367432,1.909999966621399,1.909999966621399,1.9800000190734863,1.899999976158142,-3.53535615039251,0.5263152941442195
2026-09-09,LUNG,5,2026-09-16,,,,,1.9800000190734863,1.899999976158142,,
2026-09-09,LYEL,1,2026-09-10,12.699999809265137,12.710000038146973,12.039999961853027,12.199999809265137,12.880000114440918,12.699999809265137,-5.279505428057973,-3.937007933143677
2026-09-09,LYEL,2,2026-09-11,12.40999984741211,13.0,11.699999809265137,11.960000038146973,12.880000114440918,12.699999809265137,-7.142857671735969,-5.826769938833431
2026-09-09,LYEL,3,2026-09-14,11.970000267028809,12.385000228881836,11.239999771118164,11.329999923706056,12.880000114440918,12.699999809265137,-12.034162864618436,-10.787400835704053
2026-09-09,LYEL,4,2026-09-15,11.289999961853027,11.289999961853027,10.550000190734863,10.90999984741211,12.880000114440918,12.699999809265137,-15.29503299320677,-14.094488100284487
2026-09-09,LYEL,5,2026-09-16,,,,,12.880000114440918,12.699999809265137,,
2026-09-09,LYFT,1,2026-09-10,14.710000038146973,15.177000045776367,14.53499984741211,15.020000457763672,14.899999618530272,14.710000038146973,0.8053747805748968,2.1074127723506697
2026-09-09,LYFT,2,2026-09-11,15.140000343322754,15.34000015258789,14.9399995803833,15.31999969482422,14.899999618530272,14.710000038146973,2.818792530515357,4.146836540417098
2026-09-09,LYFT,3,2026-09-14,15.460000038146973,15.920000076293944,15.42099952697754,15.899999618530272,14.899999618530272,14.710000038146973,6.711409567798632,8.08973200066152
2026-09-09,LYFT,4,2026-09-15,15.68000030517578,15.96500015258789,15.5,15.6899995803833,14.899999618530272,14.710000038146973,5.302013302540964,6.662131473113031
2026-09-09,LYFT,5,2026-09-16,,,,,14.899999618530272,14.710000038146973,,
2026-09-09,MAAS,1,2026-09-10,14.920000076293944,15.899999618530272,14.90999984741211,15.670000076293944,15.020000457763672,14.920000076293944,4.327560577365319,5.026809625769757
2026-09-09,MAAS,2,2026-09-11,15.789999961853027,16.5,15.699999809265137,15.789999961853027,15.020000457763672,14.920000076293944,5.12649454475449,5.831098398862666
2026-09-09,MAAS,3,2026-09-14,15.789999961853027,16.790000915527344,15.779999732971191,16.34000015258789,15.020000457763672,14.920000076293944,8.788279990643577,9.517426736144285
2026-09-09,MAAS,4,2026-09-15,16.40999984741211,17.5,16.399999618530273,17.010000228881836,15.020000457763672,14.920000076293944,13.248999403921813,14.008043846518792
2026-09-09,MAAS,5,2026-09-16,,,,,15.020000457763672,14.920000076293944,,
2026-09-09,MDLN,1,2026-09-10,33.77000045776367,33.79999923706055,32.290000915527344,32.38999938964844,34.04999923706055,33.77000045776367,-4.87518321470427,-4.086470386167774
2026-09-09,MDLN,2,2026-09-11,32.72999954223633,32.92499923706055,31.8700008392334,32.529998779296875,34.04999923706055,33.77000045776367,-4.4640249392701286,-3.671903054954573
2026-09-09,MDLN,3,2026-09-14,32.400001525878906,32.85499954223633,32.119998931884766,32.59000015258789,34.04999923706055,33.77000045776367,-4.287809448417168,-3.494226500386388
2026-09-09,MDLN,4,2026-09-15,32.560001373291016,32.91999816894531,31.625,32.11000061035156,34.04999923706055,33.77000045776367,-5.697499765572567,-4.915605048594185
2026-09-09,MDLN,5,2026-09-16,,,,,34.04999923706055,33.77000045776367,,
2026-09-09,MGPI,1,2026-09-10,15.100000381469728,15.470000267028809,15.029999732971191,15.109999656677246,15.09000015258789,15.100000381469728,0.13253481701207548,0.06622036393977293
2026-09-09,MGPI,2,2026-09-11,15.109999656677246,15.270000457763672,14.739999771118164,14.760000228881836,15.09000015258789,15.100000381469728,-2.186878199928055,-2.251656582771555
2026-09-09,MGPI,3,2026-09-14,15.0,15.399999618530272,14.699999809265137,14.829999923706056,15.09000015258789,15.100000381469728,-1.7229968605218637,-1.788082456574025
2026-09-09,MGPI,4,2026-09-15,14.770000457763672,14.770000457763672,14.229999542236328,14.399999618530272,15.09000015258789,15.100000381469728,-4.572568105238128,-4.635766524870267
2026-09-09,MGPI,5,2026-09-16,14.4399995803833,14.699999809265137,14.289999961853027,14.359999656677246,15.09000015258789,15.100000381469728,-4.8376440591715415,-4.900666927800801
2026-09-09,MI,1,2026-09-10,2.150000095367432,2.2239999771118164,2.0999999046325684,2.0999999046325684,2.150000095367432,2.150000095367432,-2.32559016358177,-2.32559016358177
2026-09-09,MI,2,2026-09-11,2.1600000858306885,2.180000066757202,2.049999952316284,2.049999952316284,2.150000095367432,2.150000095367432,-4.6511692379277765,-4.6511692379277765
2026-09-09,MI,3,2026-09-14,2.130000114440918,2.2799999713897705,2.0799999237060547,2.2300000190734863,2.150000095367432,2.150000095367432,3.7209265189535934,3.7209265189535934
2026-09-09,MI,4,2026-09-15,2.180000066757202,2.2300000190734863,2.109999895095825,2.180000066757202,2.150000095367432,2.150000095367432,1.3953474446075864,1.3953474446075864
2026-09-09,MI,5,2026-09-16,,,,,2.150000095367432,2.150000095367432,,
2026-09-09,MIST,1,2026-09-10,1.0700000524520874,1.0800000429153442,1.0499999523162842,1.0499999523162842,1.0700000524520874,1.0700000524520874,-1.8691681453631315,-1.8691681453631315
2026-09-09,MIST,2,2026-09-11,1.059999942779541,1.0809999704360962,0.9800000190734864,0.9800000190734864,1.0700000524520874,1.0700000524520874,-8.41121766044315,-8.41121766044315
2026-09-09,MIST,3,2026-09-14,0.9900000095367432,1.034999966621399,0.9399999976158142,0.9490000009536744,1.0700000524520874,1.0700000524520874,-11.308415473543276,-11.308415473543276
2026-09-09,MIST,4,2026-09-15,0.9679999947547911,0.9729999899864196,0.8999999761581421,0.9279999732971193,1.0700000524520874,1.0700000524520874,-13.2710347844891,-13.2710347844891
2026-09-09,MIST,5,2026-09-16,,,,,1.0700000524520874,1.0700000524520874,,
2026-09-09,MLSS,1,2026-09-10,0.4000000059604645,0.449999988079071,0.4000000059604645,0.4300000071525574,0.4199999868869781,0.4000000059604645,2.3809572804273094,7.5000001862645105
2026-09-09,MLSS,2,2026-09-11,0.4399999976158142,0.449999988079071,0.4300000071525574,0.4399999976158142,0.4199999868869781,0.4000000059604645,4.761907465063353,9.999997764825853
2026-09-09,MLSS,3,2026-09-14,0.4300000071525574,0.4399999976158142,0.4199999868869781,0.4199999868869781,0.4199999868869781,0.4000000059604645,0.0,4.999995157122661
2026-09-09,MLSS,4,2026-09-15,0.4300000071525574,0.4300000071525574,0.4000000059604645,0.4000000059604645,0.4199999868869781,0.4000000059604645,-4.761900369272065,0.0
2026-09-09,MLSS,5,2026-09-16,0.4199999868869781,0.4300000071525574,0.4000000059604645,0.4000000059604645,0.4199999868869781,0.4000000059604645,-4.761900369272065,0.0
2026-09-09,MLTX,1,2026-09-10,13.579999923706056,13.619999885559082,13.119999885559082,13.18000030517578,13.720000267028809,13.579999923706056,-3.935859703667277,-2.9455053076400506
2026-09-09,MLTX,2,2026-09-11,13.329999923706056,13.550000190734863,12.472000122070312,12.510000228881836,13.720000267028809,13.579999923706056,-8.819242088899825,-7.879231964916034
2026-09-09,MLTX,3,2026-09-14,12.5600004196167,13.0,12.220000267028809,12.68000030517578,13.720000267028809,13.579999923706056,-7.5801745015435795,-6.627390453509385
2026-09-09,MLTX,4,2026-09-15,12.699999809265137,12.699999809265137,12.020000457763672,12.199999809265137,13.720000267028809,13.579999923706056,-11.078720322013824,-10.162003845316004
2026-09-09,MLTX,5,2026-09-16,,,,,13.720000267028809,13.579999923706056,,
2026-09-09,MMYT,1,2026-09-10,48.130001068115234,49.65999984741211,48.0,49.08000183105469,49.060001373291016,48.130001068115234,0.04076734040729946,1.9738224430848827
2026-09-09,MMYT,2,2026-09-11,49.91999816894531,50.4900016784668,48.09000015258789,50.09000015258789,49.060001373291016,48.130001068115234,2.0994674897372168,4.072302183618892
2026-09-09,MMYT,3,2026-09-14,49.900001525878906,50.959999084472656,49.709999084472656,50.54999923706055,49.060001373291016,48.130001068115234,3.037092992379553,5.028045117889035
2026-09-09,MMYT,4,2026-09-15,50.33000183105469,50.59000015258789,47.56999969482422,47.900001525878906,49.060001373291016,48.130001068115234,-2.364451314597049,-0.47787146713507145
2026-09-09,MMYT,5,2026-09-16,47.7599983215332,48.66999816894531,47.41999816894531,47.86000061035156,49.060001373291016,48.130001068115234,-2.445985995411637,-0.560981615981182
2026-09-09,MNDY,1,2026-09-10,80.4000015258789,85.20999908447266,79.197998046875,85.16999816894531,81.11000061035156,80.4000015258789,5.005544973544973,5.932831533008187
2026-09-09,MNDY,2,2026-09-11,84.72000122070312,87.76000213623047,84.30000305175781,86.83999633789062,81.11000061035156,80.4000015258789,7.064475014697247,8.009943644017014
2026-09-09,MNDY,3,2026-09-14,90.0,97.04000091552734,89.73999786376953,96.1050033569336,81.11000061035156,80.4000015258789,18.48724279835392,19.533583996263502
2026-09-09,MNDY,4,2026-09-15,94.5500030517578,98.62000274658205,93.9499969482422,94.0500030517578,81.11000061035156,80.4000015258789,15.953646090534956,16.9776135159466
2026-09-09,MNDY,5,2026-09-16,,,,,81.11000061035156,80.4000015258789,,
2026-09-09,MNTN,1,2026-09-10,11.800000190734863,12.140000343322754,11.602999687194824,11.670000076293944,11.84000015258789,11.800000190734863,-1.4358114366813557,-1.1016958672847577
2026-09-09,MNTN,2,2026-09-11,11.829999923706056,12.0600004196167,11.690999984741213,11.829999923706056,11.84000015258789,11.800000190734863,-0.08446139149456133,0.2542350210701594
2026-09-09,MNTN,3,2026-09-14,11.890000343322754,12.262999534606934,11.890000343322754,11.960000038146973,11.84000015258789,11.800000190734863,1.013512533890082,1.3559308883548837
2026-09-09,MNTN,4,2026-09-15,11.81999969482422,11.949999809265137,11.6899995803833,11.760000228881836,11.84000015258789,11.800000190734863,-0.6756750225933805,-0.33898272208872093
2026-09-09,MNTN,5,2026-09-16,,,,,11.84000015258789,11.800000190734863,,
2026-09-09,MVST,1,2026-09-10,0.6190000176429749,0.6460000276565552,0.6029999852180481,0.6230000257492065,0.625,0.6190000176429749,-0.31999588012695535,0.646204845270093
2026-09-09,MVST,2,2026-09-11,0.6150000095367432,0.6299999952316284,0.5929999947547913,0.5979999899864197,0.625,0.6190000176429749,-4.320001602172852,-3.39257303037227
2026-09-09,MVST,3,2026-09-14,0.5950000286102295,0.6150000095367432,0.5799999833106995,0.5809999704360962,0.625,0.6190000176429749,-7.040004730224614,-6.138941215474447
2026-09-09,MVST,4,2026-09-15,0.5809999704360962,0.5950000286102295,0.5609999895095825,0.5809999704360962,0.625,0.6190000176429749,-7.040004730224614,-6.138941215474447
2026-09-09,MVST,5,2026-09-16,,,,,0.625,0.6190000176429749,,
2026-09-09,MWYN,1,2026-09-10,0.8309999704360962,0.9900000095367432,0.8309999704360962,0.9300000071525574,0.8790000081062317,0.8309999704360962,5.802047619567485,11.913362242902071
2026-09-09,MWYN,2,2026-09-11,0.8510000109672546,1.0,0.8510000109672546,0.930999994277954,0.8790000081062317,0.8309999704360962,5.915811796606696,12.033697641334374
2026-09-09,MWYN,3,2026-09-14,0.9900000095367432,1.149999976158142,0.9700000286102296,1.0,0.8790000081062317,0.8309999704360962,13.76564172672281,20.33694772277972
2026-09-09,MWYN,4,2026-09-15,1.0099999904632568,1.1100000143051147,0.9399999976158142,0.9399999976158142,0.8790000081062317,0.8309999704360962,6.939702951881022,13.116730572507285
2026-09-09,MWYN,5,2026-09-16,,,,,0.8790000081062317,0.8309999704360962,,
2026-09-09,MYSZ,1,2026-09-10,1.9900000095367432,2.009999990463257,1.899999976158142,1.940000057220459,2.009999990463257,1.9900000095367432,-3.4825837599464116,-2.512560405862696
2026-09-09,MYSZ,2,2026-09-11,1.899999976158142,1.9390000104904173,1.7100000381469729,1.7300000190734863,2.009999990463257,1.9900000095367432,-13.930346901406566,-13.065326091319108
2026-09-09,MYSZ,3,2026-09-14,1.7100000381469729,1.9390000104904173,1.659999966621399,1.659999966621399,2.009999990463257,1.9900000095367432,-17.41293659216343,-16.582916649943424
2026-09-09,MYSZ,4,2026-09-15,2.380000114440918,2.5999999046325684,1.840000033378601,2.319999933242798,2.009999990463257,1.9900000095367432,15.42288279852646,16.582910659526885
2026-09-09,MYSZ,5,2026-09-16,,,,,2.009999990463257,1.9900000095367432,,
2026-09-09,NCPL,1,2026-09-10,0.4839999973773956,0.488999992609024,0.4490000009536743,0.4670000076293945,0.4839999973773956,0.4839999973773956,-3.51239459506556,-3.51239459506556
2026-09-09,NCPL,2,2026-09-11,0.4629999995231628,0.4900000095367431,0.4300000071525574,0.449999988079071,0.4839999973773956,0.4839999973773956,-7.024795347635782,-7.024795347635782
2026-09-09,NCPL,3,2026-09-14,0.4460000097751617,0.4480000138282776,0.4009999930858612,0.4169999957084656,0.4839999973773956,0.4839999973773956,-13.842975626441422,-13.842975626441422
2026-09-09,NCPL,4,2026-09-15,0.4129999876022339,0.449999988079071,0.4000000059604645,0.4329999983310699,0.4839999973773956,0.4839999973773956,-10.537189942701342,-10.537189942701342
2026-09-09,NCPL,5,2026-09-16,,,,,0.4839999973773956,0.4839999973773956,,
2026-09-09,NCT,1,2026-09-10,7.5,7.53000020980835,6.96999979019165,7.3125,7.887499809265137,7.5,-7.2900136059554255,-2.500000000000002
2026-09-09,NCT,2,2026-09-11,7.074999809265137,7.5,7.074999809265137,7.492499828338623,7.887499809265137,7.5,-5.0079238095514516,-0.10000228881835715
2026-09-09,NCT,3,2026-09-14,12.654999732971191,13.737500190734863,10.512499809265137,12.5,7.887499809265137,7.5,58.47860922058901,66.66666666666667
2026-09-09,NCT,4,2026-09-15,7.732500076293945,8.350000381469727,7.230000019073486,7.432499885559082,7.887499809265137,7.5,-5.768620408352776,-0.9000015258789018
2026-09-09,NCT,5,2026-09-16,7.130000114440918,14.470000267028809,6.75,8.800000190734863,7.887499809265137,7.5,11.568943309486347,17.33333587646484
2026-09-09,NCTY,1,2026-09-10,3.700000047683716,4.070000171661377,3.549999952316284,3.740000009536743,3.7899999618530273,3.700000047683716,-1.319259968853348,1.0810800361494177
2026-09-09,NCTY,2,2026-09-11,3.75,4.409999847412109,3.4600000381469727,4.179999828338623,3.7899999618530273,3.700000047683716,10.290234047783864,12.972966877538239
2026-09-09,NCTY,3,2026-09-14,4.110000133514404,4.110000133514404,3.75,3.799999952316284,3.7899999618530273,3.700000047683716,0.2638519937706807,2.702700090373522
2026-09-09,NCTY,4,2026-09-15,3.759999990463257,4.050000190734863,3.75,3.9800000190734863,3.7899999618530273,3.700000047683716,5.013194172370472,7.5675666967911726
2026-09-09,NCTY,5,2026-09-16,3.9600000381469727,4.110000133514404,3.7799999713897705,3.900000095367432,3.7899999618530273,3.700000047683716,2.9023782222051153,5.405406624492359
2026-09-09,NEGG,1,2026-09-10,14.770000457763672,14.890000343322754,14.3100004196167,14.4399995803833,15.0600004196167,14.770000457763672,-4.116871327744476,-2.23426450340366
2026-09-09,NEGG,2,2026-09-11,14.399999618530272,15.470000267028809,14.350000381469728,14.670000076293944,15.0600004196167,14.770000457763672,-2.5896436418072932,-0.6770506321627345
2026-09-09,NEGG,3,2026-09-14,14.449999809265137,14.979999542236328,14.300000190734863,14.420000076293944,15.0600004196167,14.770000457763672,-4.249670155978946,-2.3696707557361973
2026-09-09,NEGG,4,2026-09-15,14.420000076293944,14.420000076293944,13.109999656677246,13.470000267028809,15.0600004196167,14.770000457763672,-10.557769643331516,-8.801625933948664
2026-09-09,NEGG,5,2026-09-16,13.43000030517578,13.539999961853027,12.899999618530272,13.270000457763672,15.0600004196167,14.770000457763672,-11.885789588169116,-10.155720741440755
2026-09-09,NERV,1,2026-09-10,4.099999904632568,4.235000133514404,4.099999904632568,4.159999847412109,4.119999885559082,4.099999904632568,0.9708728874782357,1.4634132725648952
2026-09-09,NERV,2,2026-09-11,4.239999771118164,4.375,4.130000114440918,4.150000095367432,4.119999885559082,4.099999904632568,0.7281604524675522,1.2195168755581687
2026-09-09,NERV,3,2026-09-14,4.300000190734863,4.385000228881836,3.9800000190734863,4.010000228881836,4.119999885559082,4.099999904632568,-2.6698946537062618,-2.195114093759909
2026-09-09,NERV,4,2026-09-15,4.010000228881836,4.050000190734863,3.569999933242798,3.829999923706055,4.119999885559082,4.099999904632568,-7.038834221076051,-6.585365541629439
2026-09-09,NERV,5,2026-09-16,,,,,4.119999885559082,4.099999904632568,,
2026-09-09,NGEN,1,2026-09-10,2.0999999046325684,2.164999961853028,2.069999933242798,2.1600000858306885,2.130000114440918,2.0999999046325684,1.408449285348734,2.857151615376763
2026-09-09,NGEN,2,2026-09-11,2.1700000762939453,2.2300000190734863,2.140000104904175,2.184999942779541,2.130000114440918,2.0999999046325684,2.5821514264594114,4.047621047956418
2026-09-09,NGEN,3,2026-09-14,2.180000066757202,2.25,2.174999952316284,2.194999933242798,2.130000114440918,2.0999999046325684,3.0516345215756413,4.5238110916415275
2026-09-09,NGEN,4,2026-09-15,2.190000057220459,2.190000057220459,2.109999895095825,2.140000104904175,2.130000114440918,2.0999999046325684,0.4694830951162521,1.904771528006588
2026-09-09,NGEN,5,2026-09-16,,,,,2.130000114440918,2.0999999046325684,,
2026-09-09,NVCT,1,2026-09-10,22.09000015258789,23.020000457763672,22.01000022888184,22.489999771118164,22.780000686645508,22.09000015258789,-1.273050512669005,1.8107723665335085
2026-09-09,NVCT,2,2026-09-11,22.959999084472656,24.239999771118164,22.280000686645508,23.989999771118164,22.780000686645508,22.09000015258789,5.311672730466621,8.601175216867007
2026-09-09,NVCT,3,2026-09-14,23.25,24.1200008392334,22.790000915527344,23.350000381469727,22.780000686645508,22.09000015258789,2.502193492726157,5.703939430413385
2026-09-09,NVCT,4,2026-09-15,23.0,23.01000022888184,21.780000686645508,21.920000076293945,22.780000686645508,22.09000015258789,-3.775244005395162,-0.7695793350822155
2026-09-09,NVCT,5,2026-09-16,,,,,22.780000686645508,22.09000015258789,,
2026-09-09,NVS,1,2026-09-10,138.75999450683594,139.42999267578125,137.4600067138672,137.47999572753906,137.47999572753906,138.75999450683594,0.0,-0.9224551959994609
2026-09-09,NVS,2,2026-09-11,139.30999755859375,139.5500030517578,137.0,137.16000366210938,137.47999572753906,138.75999450683594,-0.23275536468873037,-1.1530634967326536
2026-09-09,NVS,3,2026-09-14,141.63999938964844,141.63999938964844,138.99000549316406,138.99000549316406,137.47999572753906,138.75999450683594,1.0983487143959358,0.16576174361033758
2026-09-09,NVS,4,2026-09-15,138.75999450683594,139.11000061035156,137.3699951171875,138.6199951171875,137.47999572753906,138.75999450683594,0.829211103488614,-0.10089319342077019
2026-09-09,NVS,5,2026-09-16,140.5800018310547,141.4600067138672,138.27999877929688,138.6999969482422,137.47999572753906,138.75999450683594,0.8874027193897627,-0.04323836910413714
2026-09-09,NXPL,1,2026-09-10,8.9399995803833,9.329999923706056,8.930000305175781,9.079999923706056,8.880000114440918,8.9399995803833,2.2522500753112906,1.5659994395296417
2026-09-09,NXPL,2,2026-09-11,9.100000381469728,9.100000381469728,8.970000267028809,9.0,8.880000114440918,8.9399995803833,1.351350045186761,0.6711456647979785
2026-09-09,NXPL,3,2026-09-14,9.010000228881836,9.460000038146973,9.010000228881836,9.279999732971191,8.880000114440918,8.9399995803833,4.504500150622537,3.8031338763587774
2026-09-09,NXPL,4,2026-09-15,9.260000228881836,9.880000114440918,8.9399995803833,8.989999771118164,8.880000114440918,8.9399995803833,1.2387348565273237,0.5592862760819051
2026-09-09,NXPL,5,2026-09-16,9.06999969482422,9.729999542236328,8.75,8.819999694824219,8.880000114440918,8.9399995803833,-0.6756803923811283,-1.3422806620974947
2026-09-09,NXTT,1,2026-09-10,4.739999771118164,4.989999771118164,4.603000164031982,4.829999923706055,4.769999980926514,4.739999771118164,1.2578604406595195,1.8987374880539143
2026-09-09,NXTT,2,2026-09-11,4.889999866485596,5.809999942779541,4.670000076293945,5.329999923706055,4.769999980926514,4.739999771118164,11.740040776074977,12.447261204164771
2026-09-09,NXTT,3,2026-09-14,5.329999923706055,6.099999904632568,5.090000152587891,5.84499979019165,4.769999980926514,4.739999771118164,22.536683722508766,23.31223781499925
2026-09-09,NXTT,4,2026-09-15,5.849999904632568,5.849999904632568,5.039999961853027,5.244999885559082,4.769999980926514,4.739999771118164,9.958069319327457,10.65401136763744
2026-09-09,NXTT,5,2026-09-16,,,,,4.769999980926514,4.739999771118164,,
2026-09-09,NYXH,1,2026-09-10,1.5099999904632568,1.524999976158142,1.4700000286102295,1.5,1.5199999809265137,1.5099999904632568,-1.3157882353605488,-0.6622510282393357
2026-09-09,NYXH,2,2026-09-11,1.5399999618530271,1.5700000524520874,1.5099999904632568,1.5399999618530271,1.5199999809265137,1.5099999904632568,1.3157882353605377,1.986753084718007
2026-09-09,NYXH,3,2026-09-14,1.5499999523162842,1.6200000047683716,1.5399999618530271,1.600000023841858,1.5199999809265137,1.5099999904632568,5.263160784158716,5.96026714880904
2026-09-09,NYXH,4,2026-09-15,1.5800000429153442,1.5800000429153442,1.5299999713897705,1.5399999618530271,1.5199999809265137,1.5099999904632568,1.3157882353605377,1.986753084718007
2026-09-09,NYXH,5,2026-09-16,,,,,1.5199999809265137,1.5099999904632568,,
2026-09-09,OABI,1,2026-09-10,3.921999931335449,4.074999809265137,3.910000085830689,3.950000047683716,4.014999866485596,3.921999931335449,-1.6189245569957045,0.7139244476919826
2026-09-09,OABI,2,2026-09-11,3.9700000286102295,4.110000133514404,3.890000104904175,4.070000171661377,4.014999866485596,3.921999931335449,1.3698706601433575,3.773591099363771
2026-09-09,OABI,3,2026-09-14,4.130000114440918,4.534999847412109,4.119999885559082,4.480000019073486,4.014999866485596,3.921999931335449,11.581573301393755,14.227437468313187
2026-09-09,OABI,4,2026-09-15,4.429999828338623,4.429999828338623,4.239999771118164,4.349999904632568,4.014999866485596,3.921999931335449,8.343712311009476,10.912799102252514
2026-09-09,OABI,5,2026-09-16,,,,,4.014999866485596,3.921999931335449,,
2026-09-09,OCS,1,2026-09-10,11.34000015258789,11.600000381469728,11.0,11.3100004196167,11.470000267028809,11.34000015258789,-1.3949419676304475,-0.26454790623918756
2026-09-09,OCS,2,2026-09-11,11.390000343322754,11.979999542236328,10.5,10.5600004196167,11.470000267028809,11.34000015258789,-7.933738676780655,-6.878304431002924
2026-09-09,OCS,3,2026-09-14,10.5600004196167,10.835000038146973,10.510000228881836,10.600000381469728,11.470000267028809,11.34000015258789,-7.585003184873029,-6.5255710860752325
2026-09-09,OCS,4,2026-09-15,10.600000381469728,10.609999656677246,10.0,10.06999969482422,11.470000267028809,11.34000015258789,-12.205758845786363,-11.199298418649883
2026-09-09,OCS,5,2026-09-16,,,,,11.470000267028809,11.34000015258789,,
2026-09-09,OCTV,1,2026-09-10,17.809999465942383,17.889999389648438,17.040000915527344,17.25,17.93000030517578,17.809999465942383,-3.7925281294026947,-3.144298050167016
2026-09-09,OCTV,2,2026-09-11,17.299999237060547,17.850000381469727,17.139999389648438,17.729999542236328,17.93000030517578,17.809999465942383,-1.1154532043243681,-0.44918543573814196
2026-09-09,OCTV,3,2026-09-14,18.15999984741211,19.1200008392334,18.15999984741211,18.81999969482422,17.93000030517578,17.809999465942383,4.9637444199681635,5.670972819585063
2026-09-09,OCTV,4,2026-09-15,18.399999618530277,18.76000022888184,18.09000015258789,18.540000915527344,17.93000030517578,17.809999465942383,3.402122699214205,4.098829149214311
2026-09-09,OCTV,5,2026-09-16,,,,,17.93000030517578,17.809999465942383,,
2026-09-09,OMH,1,2026-09-10,2.440000057220459,2.4570000171661377,2.220000028610229,2.25,2.509999990463257,2.440000057220459,-10.35856539645923,-7.7868874083920625
2026-09-09,OMH,2,2026-09-11,2.2799999713897705,2.2799999713897705,2.049999952316284,2.1600000858306885,2.509999990463257,2.440000057220459,-13.944219361051502,-11.475408394405296
2026-09-09,OMH,3,2026-09-14,2.109999895095825,2.4100000858306885,2.072999954223633,2.369999885559082,2.509999990463257,2.440000057220459,-5.57769344366953,-2.8688594270410817
2026-09-09,OMH,4,2026-09-15,2.390000104904175,2.4100000858306885,2.180000066757202,2.220000028610229,2.509999990463257,2.440000057220459,-11.553783384656668,-9.016394403729821
2026-09-09,OMH,5,2026-09-16,,,,,2.509999990463257,2.440000057220459,,
2026-09-09,ONFO,1,2026-09-10,0.9300000071525574,0.949999988079071,0.8930000066757202,0.8980000019073486,0.9520000219345092,0.9300000071525574,-5.672270880564678,-3.4408607525913126
2026-09-09,ONFO,2,2026-09-11,0.8790000081062317,0.8949999809265137,0.8050000071525574,0.8450000286102295,0.9520000219345092,0.9300000071525574,-11.239494838125175,-9.139782568666632
2026-09-09,ONFO,3,2026-09-14,0.8610000014305115,0.9200000166893004,0.8500000238418579,0.8759999871253967,0.9520000219345092,0.9300000071525574,-7.983196749793842,-5.806453721704374
2026-09-09,ONFO,4,2026-09-15,0.8500000238418579,0.8629999756813049,0.800000011920929,0.8009999990463257,0.9520000219345092,0.9300000071525574,-15.861346576583502,-13.870968506892767
2026-09-09,ONFO,5,2026-09-16,,,,,0.9520000219345092,0.9300000071525574,,
2026-09-09,OPRX,1,2026-09-10,7.070000171661377,7.260000228881836,6.860000133514404,7.179999828338623,7.170000076293945,7.070000171661377,0.13946655422976129,1.5558649788744994
2026-09-09,OPRX,2,2026-09-11,7.239999771118164,7.320000171661377,7.059999942779541,7.289999961853027,7.170000076293945,7.070000171661377,1.673638553447665,3.1117367022630793
2026-09-09,OPRX,3,2026-09-14,7.269999980926514,7.809999942779541,7.269999980926514,7.809999942779541,7.170000076293945,7.070000171661377,8.926078935502613,10.466757470308119
2026-09-09,OPRX,4,2026-09-15,7.769999980926514,7.769999980926514,7.420000076293945,7.559999942779541,7.170000076293945,7.070000171661377,5.439328623929107,6.930689663661194
2026-09-09,OPRX,5,2026-09-16,7.619999885559082,7.679999828338623,7.5,7.53000020980835,7.170000076293945,7.070000171661377,5.020922310791409,6.506365303791473
2026-09-09,OPTT,1,2026-09-10,4.799999892711645,4.799999892711645,4.500000178813937,4.799999892711645,4.799999892711645,4.799999892711645,0.0,0.0
2026-09-09,OPTT,2,2026-09-11,4.200000017881396,4.500000178813937,3.0000000447034862,3.2999999821186083,4.799999892711645,4.799999892711645,-31.249998835846792,-31.249998835846792
2026-09-09,OPTT,3,2026-09-14,3.2300000190734863,3.2300000190734863,2.450000047683716,2.7300000190734863,4.799999892711645,4.799999892711645,-43.12499833138042,-43.12499833138042
2026-09-09,OPTT,4,2026-09-15,2.539999961853028,2.5999999046325684,2.0,2.049999952316284,4.799999892711645,4.799999892711645,-57.29166670547182,-57.29166670547182
2026-09-09,OPTT,5,2026-09-16,2.049999952316284,2.069999933242798,1.75,1.8200000524520876,4.799999892711645,4.799999892711645,-62.083331393077955,-62.083331393077955
2026-09-09,PATH,1,2026-09-10,13.529999732971191,14.09000015258789,13.25,13.869999885559082,13.56999969482422,13.529999732971191,2.2107604825465588,2.51293539762123
2026-09-09,PATH,2,2026-09-11,13.850000381469728,14.46500015258789,13.739999771118164,13.75,13.56999969482422,13.529999732971191,1.3264576950906992,1.6260182658591749
2026-09-09,PATH,3,2026-09-14,14.1899995803833,14.9399995803833,13.989999771118164,14.65999984741211,13.56999969482422,13.529999732971191,8.03242577082466,8.351811801497867
2026-09-09,PATH,4,2026-09-15,14.364999771118164,14.710000038146973,14.157999992370604,14.229999542236328,13.56999969482422,13.529999732971191,4.863668844914115,5.173686792907395
2026-09-09,PATH,5,2026-09-16,,,,,13.56999969482422,13.529999732971191,,
2026-09-09,PAVS,1,2026-09-10,4.53000020980835,4.650000095367432,4.25,4.599999904632568,4.53000020980835,4.53000020980835,1.5452470547938413,1.5452470547938413
2026-09-09,PAVS,2,2026-09-11,4.53000020980835,4.730000019073486,4.420000076293945,4.5,4.53000020980835,4.53000020980835,-0.6622562564874368,-0.6622562564874368
2026-09-09,PAVS,3,2026-09-14,4.510000228881836,4.510000228881836,4.300000190734863,4.409999847412109,4.53000020980835,4.53000020980835,-2.6490144997436293,-2.6490144997436293
2026-09-09,PAVS,4,2026-09-15,4.389999866485596,4.389999866485596,4.204999923706055,4.360000133514404,4.53000020980835,4.53000020980835,-3.752760892281226,-3.752760892281226
2026-09-09,PAVS,5,2026-09-16,,,,,4.53000020980835,4.53000020980835,,
2026-09-09,PAYC,1,2026-09-10,216.19000244140625,219.1199951171875,214.9900054931641,216.0399932861328,215.5800018310547,216.19000244140625,0.21337389886406655,-0.0693876467826482
2026-09-09,PAYC,2,2026-09-11,216.13999938964844,220.30999755859372,216.0500030517578,218.91000366210935,215.5800018310547,216.19000244140625,1.5446710282822629,1.258153101432291
2026-09-09,PAYC,3,2026-09-14,224.83999633789065,227.38900756835935,218.2100067138672,222.8500061035156,215.5800018310547,216.19000244140625,3.372299940027945,3.0806251847443233
2026-09-09,PAYC,4,2026-09-15,221.6300048828125,231.4900054931641,220.4600067138672,226.75999450683597,215.5800018310547,216.19000244140625,5.1860063924402455,4.88921409226335
2026-09-09,PAYC,5,2026-09-16,,,,,215.5800018310547,216.19000244140625,,
2026-09-09,PBK,1,2026-09-10,0.3610000014305115,0.3700000047683716,0.3510000109672546,0.3510000109672546,0.3740000128746032,0.3610000014305115,-6.149732918608263,-2.7700804497591602
2026-09-09,PBK,2,2026-09-11,0.3529999852180481,0.3529999852180481,0.3319999873638153,0.335999995470047,0.3740000128746032,0.3610000014305115,-10.16043211134784,-6.925209379888797
2026-09-09,PBK,3,2026-09-14,0.3330000042915344,0.3339999914169311,0.3109999895095825,0.3109999895095825,0.3740000128746032,0.3610000014305115,-16.844925453557057,-13.850418759777593
2026-09-09,PBK,4,2026-09-15,0.3059999942779541,0.3190000057220459,0.2560000121593475,0.2660000026226043,0.3740000128746032,0.3610000014305115,-28.877007094705565,-26.3157890391847
2026-09-09,PBK,5,2026-09-16,,,,,0.3740000128746032,0.3610000014305115,,
2026-09-09,PCTY,1,2026-09-10,144.02999877929688,144.97000122070312,142.23500061035156,142.86000061035156,142.10000610351562,144.02999877929688,0.5348307348293169,-0.8123295000079467
2026-09-09,PCTY,2,2026-09-11,142.97000122070312,144.1020050048828,140.88999938964844,141.66000366210938,142.10000610351562,144.02999877929688,-0.3096428026088338,-1.6454871466180743
2026-09-09,PCTY,3,2026-09-14,146.99000549316406,148.65899658203125,144.75999450683594,147.97000122070312,142.10000610351562,144.02999877929688,4.130890123193498,2.7355429249455776
2026-09-09,PCTY,4,2026-09-15,146.25,148.7100067138672,145.47000122070312,147.22000122070312,142.10000610351562,144.02999877929688,3.603092820036702,2.214818071542468
2026-09-09,PCTY,5,2026-09-16,,,,,142.10000610351562,144.02999877929688,,
2026-09-09,PFAI,1,2026-09-10,3.0199999809265137,3.0199999809265137,2.430000066757202,3.00600004196167,2.650000095367432,3.0199999809265137,13.433959765381708,-0.46357414083654236
2026-09-09,PFAI,2,2026-09-11,3.00600004196167,3.00600004196167,3.00600004196167,3.00600004196167,2.650000095367432,3.0199999809265137,13.433959765381708,-0.46357414083654236
2026-09-09,PFAI,3,2026-09-14,3.00600004196167,3.00600004196167,3.00600004196167,3.00600004196167,2.650000095367432,3.0199999809265137,13.433959765381708,-0.46357414083654236
2026-09-09,PFAI,4,2026-09-15,2.640000104904175,3.015000104904175,2.640000104904175,2.809999942779541,2.650000095367432,3.0199999809265137,6.037729873738895,-6.953643691168043
2026-09-09,PFAI,5,2026-09-16,,,,,2.650000095367432,3.0199999809265137,,
2026-09-09,PINS,1,2026-09-10,18.25,18.920000076293945,18.045000076293945,18.780000686645508,18.280000686645508,18.25,2.7352296565572587,2.9041133514822404
2026-09-09,PINS,2,2026-09-11,19.030000686645508,19.11000061035156,18.600000381469727,19.049999237060547,18.280000686645508,18.25,4.212245741202647,4.383557463345467
2026-09-09,PINS,3,2026-09-14,19.149999618530277,19.700000762939453,18.84000015258789,19.690000534057617,18.280000686645508,18.25,7.713346796765652,7.890413885247227
2026-09-09,PINS,4,2026-09-15,19.309999465942383,19.43000030517578,18.739999771118164,18.76000022888184,18.280000686645508,18.25,2.6258179661174497,2.7945218020922757
2026-09-09,PINS,5,2026-09-16,,,,,18.280000686645508,18.25,,
2026-09-09,PLCE,1,2026-09-10,2.5299999713897705,2.549999952316284,2.400000095367432,2.430000066757202,2.539999961853028,2.5299999713897705,-4.33070459637237,-3.952565445193934
2026-09-09,PLCE,2,2026-09-11,2.450000047683716,2.5899999141693115,2.4200000762939453,2.430000066757202,2.539999961853028,2.5299999713897705,-4.33070459637237,-3.952565445193934
2026-09-09,PLCE,3,2026-09-14,2.4100000858306885,2.490000009536743,2.4100000858306885,2.470000028610229,2.539999961853028,2.5299999713897705,-2.7559029249642597,-2.3715392671163738
2026-09-09,PLCE,4,2026-09-15,2.470000028610229,2.470000028610229,1.8200000524520876,1.899999976158142,2.539999961853028,2.5299999713897705,-25.196850208926026,-24.901185863870158
2026-09-09,PLCE,5,2026-09-16,1.950000047683716,2.049999952316284,1.8899999856948853,2.0199999809265137,2.539999961853028,2.5299999713897705,-20.47244050142245,-20.15810261780776
2026-09-09,PLRZ,1,2026-09-10,10.649999618530272,11.279999732971191,10.420000076293944,11.229999542236328,10.75,10.649999618530272,4.4651120208030415,5.446008868365548
2026-09-09,PLRZ,2,2026-09-11,11.1899995803833,11.354999542236328,10.494999885559082,11.029999732971191,10.75,10.649999618530272,2.604648678801791,3.5680763197375676
2026-09-09,PLRZ,3,2026-09-14,10.989999771118164,11.524999618530272,10.625,11.31999969482422,10.75,10.649999618530272,5.302322742550891,6.291080753920353
2026-09-09,PLRZ,4,2026-09-15,11.100000381469728,11.390000343322754,10.956000328063965,11.390000343322754,10.75,10.649999618530272,5.9534915657930565,6.9483638619566745
2026-09-09,PLRZ,5,2026-09-16,,,,,10.75,10.649999618530272,,
2026-09-09,PNBK,1,2026-09-10,0.9800000190734864,0.9800000190734864,0.9200000166893004,0.949999988079071,0.949999988079071,0.9800000190734864,0.0,-3.0612275929114863
2026-09-09,PNBK,2,2026-09-11,0.9800000190734864,1.0099999904632568,0.9399999976158142,0.9800000190734864,0.949999988079071,0.9800000190734864,3.1578980390385425,0.0
2026-09-09,PNBK,3,2026-09-14,0.9800000190734864,0.9900000095367432,0.959999978542328,0.9700000286102296,0.949999988079071,0.9800000190734864,2.1052674507501035,-1.0204071702683226
2026-09-09,PNBK,4,2026-09-15,0.9700000286102296,0.9900000095367432,0.9399999976158142,0.9399999976158142,0.949999988079071,0.9800000190734864,-1.052630588288439,-4.0816347631798084
2026-09-09,PNBK,5,2026-09-16,0.949999988079071,0.949999988079071,0.9200000166893004,0.9200000166893004,0.949999988079071,0.9800000190734864,-3.157891764865328,-6.122449103716477
2026-09-09,POLA,1,2026-09-10,1.2699999809265137,1.309999942779541,1.2699999809265137,1.2699999809265137,1.2899999618530271,1.2699999809265137,-1.5503861641813055,0.0
2026-09-09,POLA,2,2026-09-11,1.2699999809265137,1.3300000429153442,1.2699999809265137,1.309999942779541,1.2899999618530271,1.2699999809265137,1.55038616418135,3.149603342816265
2026-09-09,POLA,3,2026-09-14,1.2799999713897705,1.340000033378601,1.2799999713897705,1.3200000524520874,1.2899999618530271,1.2699999809265137,2.3255884873024657,3.9370135650786953
2026-09-09,POLA,4,2026-09-15,1.2899999618530271,1.3200000524520874,1.2300000190734863,1.25,1.2899999618530271,1.2699999809265137,-3.100772328362633,-1.5748016714081325
2026-09-09,POLA,5,2026-09-16,,,,,1.2899999618530271,1.2699999809265137,,
2026-09-09,PRCH,1,2026-09-10,16.0,16.68000030517578,15.899999618530272,16.290000915527344,16.3799991607666,16.0,-0.5494398647761911,1.8125057220458984
2026-09-09,PRCH,2,2026-09-11,16.579999923706055,16.684999465942383,16.18000030517578,16.450000762939453,16.3799991607666,16.0,0.4273602305213675,2.812504768371582
2026-09-09,PRCH,3,2026-09-14,16.049999237060547,16.80500030517578,16.049999237060547,16.520000457763672,16.3799991607666,16.0,0.8547088166671157,3.250002861022949
2026-09-09,PRCH,4,2026-09-15,16.399999618530273,16.424999237060547,15.675000190734863,16.049999237060547,16.3799991607666,16.0,-2.0146516520981983,0.31249523162841797
2026-09-09,PRCH,5,2026-09-16,,,,,16.3799991607666,16.0,,
2026-09-09,PSKY,1,2026-09-10,10.143127836164272,10.501472523334092,10.123220325370186,10.33225440979004,10.17298984527588,10.143127836164272,1.5655629951121908,1.8645784286722478
2026-09-09,PSKY,2,2026-09-11,10.401932224145794,10.581104569498756,10.362116252877096,10.55124282836914,10.17298984527588,10.143127836164272,3.718208597926731,4.023561556128441
2026-09-09,PSKY,3,2026-09-14,10.79013795563282,11.048942226725137,10.65078159059367,10.81999969482422,10.17298984527588,10.143127836164272,6.360075645301055,6.673206426982348
2026-09-09,PSKY,4,2026-09-15,10.800000190734863,11.0600004196167,10.75,11.010000228881836,10.17298984527588,10.143127836164272,8.22777174003222,8.546401137002535
2026-09-09,PSKY,5,2026-09-16,10.899999618530272,11.279999732971191,10.899999618530272,11.140000343322754,10.17298984527588,10.143127836164272,9.505666601013395,9.828058201181644
2026-09-09,PTC,1,2026-09-10,127.72000122070312,130.88999938964844,126.79000091552734,128.72000122070312,128.88999938964844,127.72000122070312,-0.1318939946856501,0.782962723490721
2026-09-09,PTC,2,2026-09-11,128.25,131.19000244140625,127.05999755859376,130.77999877929688,128.88999938964844,127.72000122070312,1.466366202652214,2.3958640223515237
2026-09-09,PTC,3,2026-09-14,134.30999755859375,137.75,133.89999389648438,136.64999389648438,128.88999938964844,127.72000122070312,6.020633519732299,6.99185138618188
2026-09-09,PTC,4,2026-09-15,134.91000366210938,137.66000366210938,132.7100067138672,132.75,128.88999938964844,127.72000122070312,2.994802256676543,3.9383015433932966
2026-09-09,PTC,5,2026-09-16,131.0800018310547,132.5800018310547,130.3300018310547,131.16000366210938,128.88999938964844,127.72000122070312,1.7611950370163942,2.693393680338163
2026-09-09,PTLE,1,2026-09-10,7.0,7.25,6.824999809265137,7.0,6.75,7.0,3.703703703703698,0.0
2026-09-09,PTLE,2,2026-09-11,7.099999904632568,7.269999980926514,6.855000019073486,7.204999923706055,6.75,7.0,6.740739610460067,2.928570338657921
2026-09-09,PTLE,3,2026-09-14,7.14900016784668,7.25,6.75,7.059999942779541,6.75,7.0,4.592591744882091,0.8571420397077256
2026-09-09,PTLE,4,2026-09-15,7.010000228881836,10.489999771118164,6.84499979019165,7.71999979019165,6.75,7.0,14.370367262098526,10.285711288452148
2026-09-09,PTLE,5,2026-09-16,,,,,6.75,7.0,,
2026-09-09,PTLO,1,2026-09-10,4.099999904632568,4.150000095367432,4.054999828338623,4.099999904632568,4.110000133514404,4.099999904632568,-0.24331456343007485,0.0
2026-09-09,PTLO,2,2026-09-11,4.159999847412109,4.204999923706055,4.050000190734863,4.090000152587891,4.110000133514404,4.099999904632568,-0.48661752498319055,-0.2438963970067154
2026-09-09,PTLO,3,2026-09-14,4.079999923706055,4.135000228881836,4.03000020980835,4.059999942779541,4.110000133514404,4.099999904632568,-1.216549613396456,-0.9756088483765968
2026-09-09,PTLO,4,2026-09-15,4.050000190734863,4.059999942779541,3.839999914169312,3.859999895095825,4.110000133514404,4.099999904632568,-6.082730664166847,-5.853658905347004
2026-09-09,PTLO,5,2026-09-16,,,,,4.110000133514404,4.099999904632568,,
2026-09-09,PTON,1,2026-09-10,5.050000190734863,5.059999942779541,4.90500020980835,4.920000076293945,5.059999942779541,5.050000190734863,-2.766795811635747,-2.5742595946714353
2026-09-09,PTON,2,2026-09-11,5.0,5.019999980926514,4.940000057220459,4.949999809265137,5.059999942779541,5.050000190734863,-2.1739157066863357,-1.980205498867016
2026-09-09,PTON,3,2026-09-14,4.949999809265137,5.0,4.909999847412109,4.940000057220459,5.059999942779541,5.050000190734863,-2.3715392671163626,-2.1782203833619507
2026-09-09,PTON,4,2026-09-15,4.909999847412109,4.945000171661377,4.804999828338623,4.849999904632568,5.059999942779541,5.050000190734863,-4.150198429283303,-3.960401555414428
2026-09-09,PTON,5,2026-09-16,,,,,5.059999942779541,5.050000190734863,,
2026-09-09,QDEL,1,2026-09-10,12.390000343322754,12.6899995803833,11.949999809265137,12.149999618530272,12.640000343322754,12.390000343322754,-3.876587907304385,-1.9370518009858118
2026-09-09,QDEL,2,2026-09-11,12.350000381469728,12.449999809265137,11.770000457763672,11.779999732971191,12.640000343322754,12.390000343322754,-6.80380211228292,-4.9233300520472145
2026-09-09,QDEL,3,2026-09-14,11.710000038146973,11.970000267028809,11.029999732971191,11.119999885559082,12.640000343322754,12.390000343322754,-12.025319750617191,-10.250205186217798
2026-09-09,QDEL,4,2026-09-15,10.899999618530272,11.270000457763672,10.59000015258789,10.630000114440918,12.640000343322754,12.390000343322754,-15.90190011303002,-14.20500548920759
2026-09-09,QDEL,5,2026-09-16,10.739999771118164,11.229999542236328,10.699999809265137,10.770000457763672,12.640000343322754,12.390000343322754,-14.79430249024427,-13.075059246726628
2026-09-09,QTTB,1,2026-09-10,11.0,11.079999923706056,10.539999961853027,10.720000267028809,11.140000343322754,11.0,-3.770198055206442,-2.545452117919922
2026-09-09,QTTB,2,2026-09-11,10.81999969482422,11.270000457763672,10.449999809265137,11.100000381469728,11.140000343322754,11.0,-0.35906607379057043,0.9090943769975324
2026-09-09,QTTB,3,2026-09-14,10.960000038146973,11.279999732971191,10.630000114440918,10.90999984741211,11.140000343322754,11.0,-2.0646363449037586,-0.8181832053444582
2026-09-09,QTTB,4,2026-09-15,10.770000457763672,11.289999961853027,10.510000228881836,11.170000076293944,11.140000343322754,11.0,0.2692974151403016,1.5454552390358423
2026-09-09,QTTB,5,2026-09-16,,,,,11.140000343322754,11.0,,
2026-09-09,RAIN,1,2026-09-10,0.7200000286102295,0.7770000100135803,0.699999988079071,0.7630000114440918,0.7089999914169312,0.7200000286102295,7.616363988840402,5.97221960072174
2026-09-09,RAIN,2,2026-09-11,0.7400000095367432,0.777999997138977,0.7120000123977661,0.7390000224113464,0.7089999914169312,0.7200000286102295,4.231316129420604,2.638887923072919
2026-09-09,RAIN,3,2026-09-14,0.718999981880188,0.7480000257492065,0.6579999923706055,0.7210000157356262,0.7089999914169312,0.7200000286102295,1.6925281331404696,0.13888709523066645
2026-09-09,RAIN,4,2026-09-15,0.7289999723434448,0.7300000190734863,0.6899999976158142,0.7200000286102295,0.7089999914169312,0.7200000286102295,1.5514862237607119,0.0
2026-09-09,RAIN,5,2026-09-16,,,,,0.7089999914169312,0.7200000286102295,,
2026-09-09,RCON,1,2026-09-10,1.340000033378601,1.3799999952316284,1.25,1.2899999618530271,1.3300000429153442,1.340000033378601,-3.0075247948592065,-3.7313485283658188
2026-09-09,RCON,2,2026-09-11,1.2899999618530271,1.350000023841858,1.2699999809265137,1.2899999618530271,1.3300000429153442,1.340000033378601,-3.0075247948592065,-3.7313485283658188
2026-09-09,RCON,3,2026-09-14,1.2999999523162842,1.2999999523162842,1.2100000381469729,1.2100000381469729,1.3300000429153442,1.340000033378601,-9.022556458369191,-9.701491939806406
2026-09-09,RCON,4,2026-09-15,1.2300000190734863,1.2999999523162842,1.2000000476837158,1.25,1.3300000429153442,1.340000033378601,-6.015040626614199,-6.716420234086118
2026-09-09,RCON,5,2026-09-16,1.25,1.350000023841858,1.2000000476837158,1.2300000190734863,1.3300000429153442,1.340000033378601,-7.5187985424917,-8.208956086946273
2026-09-09,REBN,1,2026-09-10,0.7099999785423279,0.8700000047683716,0.6700000166893005,0.8479999899864197,0.699999988079071,0.7099999785423279,21.14285777539624,19.436621917568786
2026-09-09,REBN,2,2026-09-11,0.800000011920929,0.8899999856948853,0.800000011920929,0.8410000205039978,0.699999988079071,0.7099999785423279,20.14286211802043,18.450710693065208
2026-09-09,REBN,3,2026-09-14,0.8999999761581421,0.9610000252723694,0.8450000286102295,0.8960000276565552,0.699999988079071,0.7099999785423279,28.000006130763566,26.19719080782177
2026-09-09,REBN,4,2026-09-15,0.9200000166893004,0.9200000166893004,0.7699999809265137,0.7850000262260437,0.699999988079071,0.7099999785423279,12.142862799216392,10.563387316953921
2026-09-09,REBN,5,2026-09-16,,,,,0.699999988079071,0.7099999785423279,,
2026-09-09,RELY,1,2026-09-10,23.86000061035156,23.959999084472656,21.85099983215332,21.93000030517578,24.06999969482422,23.86000061035156,-8.890732932201084,-8.088852706644333
2026-09-09,RELY,2,2026-09-11,22.239999771118164,22.440000534057617,21.76000022888184,21.989999771118164,24.06999969482422,23.86000061035156,-8.64146219392482,-7.83738806118095
2026-09-09,RELY,3,2026-09-14,21.920000076293945,22.729999542236328,21.920000076293945,22.25,24.06999969482422,23.86000061035156,-7.561278429162477,-6.74769727228367
2026-09-09,RELY,4,2026-09-15,22.01000022888184,22.43000030517578,21.71999931335449,21.82999992370605,24.06999969482422,23.86000061035156,-9.306189445444135,-8.507965778361303
2026-09-09,RELY,5,2026-09-16,,,,,24.06999969482422,23.86000061035156,,
2026-09-09,RENT,1,2026-09-10,3.0799999237060547,3.0999999046325684,2.680000066757202,2.819999933242798,3.005000114440918,3.0799999237060547,-6.156411785446458,-8.441558341027754
2026-09-09,RENT,2,2026-09-11,2.990000009536743,2.990000009536743,2.255000114440918,2.450000047683716,3.005000114440918,3.0799999237060547,-18.469219488214904,-20.454541935971292
2026-09-09,RENT,3,2026-09-14,2.470000028610229,2.470000028610229,1.8550000190734863,1.9299999475479128,3.005000114440918,3.0799999237060547,-35.773714673984614,-37.33766248845837
2026-09-09,RENT,4,2026-09-15,1.8200000524520876,2.130000114440918,1.75,2.069999933242798,3.005000114440918,3.0799999237060547,-31.114813497172776,-32.79220829486125
2026-09-09,RENT,5,2026-09-16,,,,,3.005000114440918,3.0799999237060547,,
2026-09-09,RENX,1,2026-09-10,1.809999942779541,1.8359999656677248,1.7899999618530271,1.809999942779541,1.7899999618530271,1.809999942779541,1.1173173940076442,0.0
2026-09-09,RENX,2,2026-09-11,1.809999942779541,1.8200000524520876,1.7699999809265137,1.7799999713897705,1.7899999618530271,1.809999942779541,-0.5586586970037999,-1.6574570352582918
2026-09-09,RENX,3,2026-09-14,1.830000042915344,1.8489999771118164,1.6699999570846558,1.690000057220459,1.7899999618530271,1.809999942779541,-5.586586970038098,-6.6298281410331565
2026-09-09,RENX,4,2026-09-15,1.7300000190734863,1.7640000581741333,1.6699999570846558,1.7300000190734863,1.7899999618530271,1.809999942779541,-3.351952182022855,-4.419885427355441
2026-09-09,RENX,5,2026-09-16,,,,,1.7899999618530271,1.809999942779541,,
2026-09-09,RETO,1,2026-09-10,0.4230000078678131,0.4799999892711639,0.4050000011920929,0.4110000133514404,0.421999990940094,0.4230000078678131,-2.6066298163061163,-2.8368780834923113
2026-09-09,RETO,2,2026-09-11,0.4199999868869781,0.4699999988079071,0.363999992609024,0.3880000114440918,0.421999990940094,0.4230000078678131,-8.0568673521201,-8.2742306791301
2026-09-09,RETO,3,2026-09-14,0.3860000073909759,0.3930000066757202,0.3549999892711639,0.3610000014305115,0.421999990940094,0.4230000078678131,-14.454974127770049,-14.657211651087376
2026-09-09,RETO,4,2026-09-15,0.3499999940395355,4.460000038146973,0.3499999940395355,2.799999952316284,0.421999990940094,0.4230000078678131,563.5071119500959,561.938510694137
2026-09-09,RETO,5,2026-09-16,,,,,0.421999990940094,0.4230000078678131,,
2026-09-09,RFAI,1,2026-09-10,33.38999938964844,36.0,30.0,32.0099983215332,32.0,33.38999938964844,0.031244754791259766,-4.1329772187508995
2026-09-09,RFAI,2,2026-09-11,33.5,33.5,28.0,30.100000381469727,32.0,33.38999938964844,-5.9374988079071045,-9.853246685588967
2026-09-09,RFAI,3,2026-09-14,29.90999984741211,32.0,25.0,29.209999084472656,32.0,33.38999938964844,-8.71875286102295,-12.518719321904703
2026-09-09,RFAI,4,2026-09-15,30.63999938964844,54.70000076293945,30.63999938964844,33.150001525878906,32.0,33.38999938964844,3.593754768371582,-0.7187716925922905
2026-09-09,RFAI,5,2026-09-16,,,,,32.0,33.38999938964844,,
2026-09-09,RHI,1,2026-09-10,38.869998931884766,39.18999862670898,37.310001373291016,37.41999816894531,38.54999923706055,38.869998931884766,-2.9312609350946373,-3.730385394351088
2026-09-09,RHI,2,2026-09-11,37.68999862670898,38.119998931884766,37.11000061035156,37.68000030517578,38.54999923706055,38.869998931884766,-2.256806612458717,-3.0614835590665246
2026-09-09,RHI,3,2026-09-14,38.68999862670898,38.959999084472656,37.77000045776367,38.72999954223633,38.54999923706055,38.869998931884766,0.46692687091607343,-0.36017338177387614
2026-09-09,RHI,4,2026-09-15,38.09999847412109,38.869998931884766,37.70000076293945,38.29999923706055,38.54999923706055,38.869998931884766,-0.6485084434441735,-1.4664258052156876
2026-09-09,RHI,5,2026-09-16,37.77999877929688,37.93000030517578,36.40999984741211,37.09000015258789,38.54999923706055,38.869998931884766,-3.7872869348050897,-4.57936410653399
2026-09-09,RMCF,1,2026-09-10,0.8899999856948853,0.9100000262260436,0.8600000143051147,0.9100000262260436,0.8999999761581421,0.8899999856948853,1.1111167036458092,2.2471956014182393
2026-09-09,RMCF,2,2026-09-11,0.9700000286102296,0.9700000286102296,0.8700000047683716,0.8999999761581421,0.8999999761581421,0.8899999856948853,0.0,1.123594452133525
2026-09-09,RMCF,3,2026-09-14,0.8899999856948853,0.9100000262260436,0.8799999952316284,0.8999999761581421,0.8999999761581421,0.8899999856948853,0.0,1.123594452133525
2026-09-09,RMCF,4,2026-09-15,0.9300000071525574,0.9300000071525574,0.8799999952316284,0.8799999952316284,0.8999999761581421,0.8899999856948853,-2.222220161814692,-1.123594452133514
2026-09-09,RMCF,5,2026-09-16,0.8799999952316284,0.8899999856948853,0.8500000238418579,0.8500000238418579,0.8999999761581421,0.8899999856948853,-5.555550404536735,-4.494377808534078
2026-09-09,RNA,1,2026-09-10,10.4399995803833,10.739999771118164,10.279999732971191,10.350000381469728,10.510000228881836,10.4399995803833,-1.5223581724805535,-0.8620613269245792
2026-09-09,RNA,2,2026-09-11,10.369999885559082,10.40999984741211,10.0,10.359999656677246,10.510000228881836,10.4399995803833,-1.427217592178387,-0.7662828249186293
2026-09-09,RNA,3,2026-09-14,10.369999885559082,10.710000038146973,10.149999618530272,10.210000038146973,10.510000228881836,10.4399995803833,-2.854426110386299,-2.20306083793812
2026-09-09,RNA,4,2026-09-15,10.210000038146973,10.210000038146973,9.619999885559082,10.09000015258789,10.510000228881836,10.4399995803833,-3.996194739746728,-3.3524850753160695
2026-09-09,RNA,5,2026-09-16,,,,,10.510000228881836,10.4399995803833,,
2026-09-09,RNAZ,1,2026-09-10,1.7200000286102295,1.830000042915344,1.690000057220459,1.690000057220459,1.7799999713897705,1.7200000286102295,-5.056175034600829,-1.744184354113687
2026-09-09,RNAZ,2,2026-09-11,1.6799999475479126,1.7400000095367432,1.6269999742507937,1.690000057220459,1.7799999713897705,1.7200000286102295,-5.056175034600829,-1.744184354113687
2026-09-09,RNAZ,3,2026-09-14,1.649999976158142,1.7200000286102295,1.649999976158142,1.649999976158142,1.7799999713897705,1.7200000286102295,-7.303370636019069,-4.069770423704466
2026-09-09,RNAZ,4,2026-09-15,1.649999976158142,1.7000000476837158,1.600000023841858,1.600000023841858,1.7799999713897705,1.7200000286102295,-10.112356766352871,-6.976744347227271
2026-09-09,RNAZ,5,2026-09-16,,,,,1.7799999713897705,1.7200000286102295,,
2026-09-09,RPAY,1,2026-09-10,3.5199999809265137,3.5850000381469727,3.490000009536743,3.559999942779541,3.549999952316284,3.5199999809265137,0.28168987598808926,1.136362558800319
2026-09-09,RPAY,2,2026-09-11,3.619999885559082,3.619999885559082,3.539999961853028,3.559999942779541,3.549999952316284,3.5199999809265137,0.28168987598808926,1.136362558800319
2026-09-09,RPAY,3,2026-09-14,3.569999933242798,3.7100000381469727,3.5350000858306885,3.700000047683716,3.549999952316284,3.5199999809265137,4.225354855837682,5.113638287856559
2026-09-09,RPAY,4,2026-09-15,3.700000047683716,3.859999895095825,3.625,3.7799999713897705,3.549999952316284,3.5199999809265137,6.478873863742374,7.386363405457219
2026-09-09,RPAY,5,2026-09-16,,,,,3.549999952316284,3.5199999809265137,,
2026-09-09,RPID,1,2026-09-10,1.2000000476837158,1.2369999885559082,1.159999966621399,1.2000000476837158,1.2100000381469729,1.2000000476837158,-0.8264454667762933,0.0
2026-09-09,RPID,2,2026-09-11,1.2200000286102295,1.2599999904632568,1.2000000476837158,1.2300000190734863,1.2100000381469729,1.2000000476837158,1.65289093355252,2.499997516473229
2026-09-09,RPID,3,2026-09-14,1.2300000190734863,1.2300000190734863,1.1549999713897705,1.1699999570846558,1.2100000381469729,1.2000000476837158,-3.3057917191122055,-2.5000074505802994
2026-09-09,RPID,4,2026-09-15,1.190000057220459,1.190000057220459,1.1299999952316284,1.149999976158142,1.2100000381469729,1.2000000476837158,-4.958682652664748,-4.1666724615624595
2026-09-09,RPID,5,2026-09-16,,,,,1.2100000381469729,1.2000000476837158,,
2026-09-09,RPRX,1,2026-09-10,60.44499969482422,60.709999084472656,58.63999938964844,58.75,60.59000015258789,60.44499969482422,-3.0368049974485833,-2.8042016765356337
2026-09-09,RPRX,2,2026-09-11,58.95000076293945,59.540000915527344,58.34999847412109,58.61000061035156,60.59000015258789,60.44499969482422,-3.2678652207459358,-3.035816186181206
2026-09-09,RPRX,3,2026-09-14,58.65999984741211,59.54999923706055,57.75,59.04999923706055,60.59000015258789,60.44499969482422,-2.5416750481086936,-2.307883968577673
2026-09-09,RPRX,4,2026-09-15,59.0,59.20000076293945,57.90999984741211,58.470001220703125,60.59000015258789,60.44499969482422,-3.498925444043288,-3.2674306958267896
2026-09-09,RPRX,5,2026-09-16,,,,,60.59000015258789,60.44499969482422,,
2026-09-09,RSKD,1,2026-09-10,5.920000076293945,5.989999771118164,5.789999961853027,5.96999979019165,5.920000076293945,5.920000076293945,0.8445897509009148,0.8445897509009148
2026-09-09,RSKD,2,2026-09-11,5.960000038146973,6.125,5.960000038146973,6.090000152587891,5.920000076293945,5.920000076293945,2.871622873362689,2.871622873362689
2026-09-09,RSKD,3,2026-09-14,6.139999866485596,6.340000152587891,6.099999904632568,6.289999961853027,5.920000076293945,5.920000076293945,6.249997986329592,6.249997986329592
2026-09-09,RSKD,4,2026-09-15,6.210000038146973,6.28000020980835,6.085000038146973,6.199999809265137,5.920000076293945,5.920000076293945,4.729725158153664,4.729725158153664
2026-09-09,RSKD,5,2026-09-16,,,,,5.920000076293945,5.920000076293945,,
2026-09-09,RSVR,1,2026-09-10,8.859999656677246,9.024999618530272,8.59000015258789,8.819999694824219,8.854999542236328,8.859999656677246,-0.3952552142455601,-0.4514668555645085
2026-09-09,RSVR,2,2026-09-11,9.449999809265137,9.625,9.039999961853027,9.470000267028809,8.854999542236328,8.859999656677246,6.945237228517831,6.884883002132414
2026-09-09,RSVR,3,2026-09-14,9.489999771118164,9.489999771118164,9.149999618530272,9.359999656677246,8.854999542236328,8.859999656677246,5.702994246721116,5.6433410764658465
2026-09-09,RSVR,4,2026-09-15,9.359999656677246,9.40999984741211,9.229999542236328,9.350000381469728,8.854999542236328,8.859999656677246,5.590071878291569,5.530482435438899
2026-09-09,RSVR,5,2026-09-16,,,,,8.854999542236328,8.859999656677246,,
2026-09-09,RUBI,1,2026-09-10,1.6799999475479126,1.7100000381469729,1.6399999856948853,1.659999966621399,1.6699999570846558,1.6799999475479126,-0.5988018395350125,-1.1904750923180218
2026-09-09,RUBI,2,2026-09-11,1.7000000476837158,1.7000000476837158,1.4500000476837158,1.5099999904632568,1.6699999570846558,1.6799999475479126,-9.58083657084119,-10.119045380494418
2026-09-09,RUBI,3,2026-09-14,1.5149999856948853,1.559999942779541,1.5099999904632568,1.5399999618530271,1.6699999570846558,1.6799999475479126,-7.784431052236174,-8.333332742017408
2026-09-09,RUBI,4,2026-09-15,1.5299999713897705,1.5299999713897705,1.409999966621399,1.4600000381469729,1.6699999570846558,1.6799999475479126,-12.57484576851624,-13.095233111289451
2026-09-09,RUBI,5,2026-09-16,,,,,1.6699999570846558,1.6799999475479126,,
2026-09-09,RUM,1,2026-09-10,7.369999885559082,7.519999980926514,7.21999979019165,7.364999771118164,7.519999980926514,7.369999885559082,-2.061173007998496,-0.06784415900351615
2026-09-09,RUM,2,2026-09-11,7.480000019073486,7.5,6.985000133514404,7.170000076293945,7.519999980926514,7.369999885559082,-4.654254062769903,-2.7137016603897113
2026-09-09,RUM,3,2026-09-14,7.671999931335449,8.652000427246094,7.599999904632568,8.0,7.519999980926514,7.369999885559082,6.382978993230615,8.548169935190252
2026-09-09,RUM,4,2026-09-15,7.699999809265137,8.5,7.579999923706055,8.199999809265137,7.519999980926514,7.369999885559082,9.042550931693526,11.261871595579965
2026-09-09,RUM,5,2026-09-16,,,,,7.519999980926514,7.369999885559082,,
2026-09-09,RVLV,1,2026-09-10,19.38999938964844,20.51499938964844,19.25,20.479999542236328,19.489999771118164,19.38999938964844,5.079526848354421,5.621455321807778
2026-09-09,RVLV,2,2026-09-11,20.8700008392334,21.21999931335449,20.5,21.1299991607666,19.489999771118164,19.38999938964844,8.414568542369704,8.973696884421134
2026-09-09,RVLV,3,2026-09-14,21.18000030517578,21.600000381469727,20.46999931335449,20.489999771118164,19.489999771118164,19.38999938964844,5.1308363865754325,5.673029479603642
2026-09-09,RVLV,4,2026-09-15,20.57999992370605,20.82999992370605,20.270000457763672,20.709999084472656,19.489999771118164,19.38999938964844,6.2596168685562725,6.807631440818462
2026-09-09,RVLV,5,2026-09-16,,,,,19.489999771118164,19.38999938964844,,
2026-09-09,SAIL,1,2026-09-10,17.3799991607666,18.59000015258789,17.101999282836914,17.639999389648438,17.579999923706055,17.3799991607666,0.341293891938399,1.4959737712114451
2026-09-09,SAIL,2,2026-09-11,17.719999313354492,17.760000228881836,16.6200008392334,17.239999771118164,17.579999923706055,17.3799991607666,-1.9340168035462346,-0.8055201174259619
2026-09-09,SAIL,3,2026-09-14,18.299999237060547,20.26000022888184,17.950000762939453,19.8799991607666,17.579999923706055,17.3799991607666,13.083044636189523,14.384350521969358
2026-09-09,SAIL,4,2026-09-15,19.34000015258789,20.59000015258789,19.1200008392334,19.979999542236328,17.579999923706055,17.3799991607666,13.651875022444981,14.95972673772583
2026-09-09,SAIL,5,2026-09-16,,,,,17.579999923706055,17.3799991607666,,
2026-09-09,SANA,1,2026-09-10,3.0999999046325684,3.190000057220459,3.0,3.0899999141693115,3.1700000762939453,3.0999999046325684,-2.5236643595971775,-0.3225803474481759
2026-09-09,SANA,2,2026-09-11,3.130000114440918,3.164999961853028,3.009999990463257,3.130000114440918,3.1700000762939453,3.0999999046325684,-1.2618284192532747,0.9677487332666601
2026-09-09,SANA,3,2026-09-14,3.134999990463257,3.25,3.0999999046325684,3.200000047683716,3.1700000762939453,3.0999999046325684,0.9463713144399533,3.2258111654039023
2026-09-09,SANA,4,2026-09-15,3.200000047683716,3.200000047683716,3.075000047683716,3.1600000858306885,3.1700000762939453,3.0999999046325684,-0.31545710481332145,1.9354897756111988
2026-09-09,SANA,5,2026-09-16,,,,,3.1700000762939453,3.0999999046325684,,
2026-09-09,SCKT,1,2026-09-10,0.5199999809265137,0.5600000023841858,0.5199999809265137,0.5400000214576721,0.5199999809265137,0.5199999809265137,3.8461617816837768,3.8461617816837768
2026-09-09,SCKT,2,2026-09-11,0.5400000214576721,0.5899999737739563,0.5199999809265137,0.5199999809265137,0.5199999809265137,0.5199999809265137,0.0,0.0
2026-09-09,SCKT,3,2026-09-14,0.5400000214576721,0.550000011920929,0.5,0.5,0.5199999809265137,0.5199999809265137,-3.846150319251662,-3.846150319251662
2026-09-09,SCKT,4,2026-09-15,0.5,0.5199999809265137,0.4799999892711639,0.4900000095367431,0.5199999809265137,0.5199999809265137,-5.769225478877504,-5.769225478877504
2026-09-09,SCKT,5,2026-09-16,0.5099999904632568,0.5199999809265137,0.4799999892711639,0.5,0.5199999809265137,0.5199999809265137,-3.846150319251662,-3.846150319251662
2026-09-09,SDST,1,2026-09-10,0.1589999943971634,0.1780000030994415,0.1550000011920929,0.1700000017881393,0.1580000072717666,0.1589999943971634,7.594932888662598,6.918243885908049
2026-09-09,SDST,2,2026-09-11,0.1700000017881393,0.1749999970197677,0.1410000026226043,0.1430000066757202,0.1580000072717666,0.1589999943971634,-9.493670826385337,-10.062885713993863
2026-09-09,SDST,3,2026-09-14,0.1369999945163726,0.1400000005960464,0.1129999980330467,0.1360000073909759,0.1580000072717666,0.1589999943971634,-13.924049916624238,-14.465401142553635
2026-09-09,SDST,4,2026-09-15,0.1270000040531158,0.1469999998807907,0.1209999993443489,0.1360000073909759,0.1580000072717666,0.1589999943971634,-13.924049916624238,-14.465401142553635
2026-09-09,SDST,5,2026-09-16,,,,,0.1580000072717666,0.1589999943971634,,
2026-09-09,SENEB,1,2026-09-10,188.22000122070312,188.22000122070312,188.22000122070312,188.22000122070312,193.55999755859372,188.22000122070312,-2.7588326127531038,0.0
2026-09-09,SENEB,2,2026-09-11,188.22000122070312,188.22000122070312,188.22000122070312,188.22000122070312,193.55999755859372,188.22000122070312,-2.7588326127531038,0.0
2026-09-09,SENEB,3,2026-09-14,188.22000122070312,188.22000122070312,188.22000122070312,188.22000122070312,193.55999755859372,188.22000122070312,-2.7588326127531038,0.0
2026-09-09,SENEB,4,2026-09-15,188.22000122070312,188.22000122070312,188.22000122070312,188.22000122070312,193.55999755859372,188.22000122070312,-2.7588326127531038,0.0
2026-09-09,SENEB,5,2026-09-16,188.22000122070312,188.22000122070312,188.22000122070312,188.22000122070312,193.55999755859372,188.22000122070312,-2.7588326127531038,0.0
2026-09-09,SENS,1,2026-09-10,8.609999656677246,9.130000114440918,8.449999809265137,8.789999961853027,8.720000267028809,8.609999656677246,0.8027487692734869,2.0905959622911974
2026-09-09,SENS,2,2026-09-11,8.930000305175781,8.949999809265137,8.569999694824219,8.710000038146973,8.720000267028809,8.609999656677246,-0.11468152036242518,1.1614446626855957
2026-09-09,SENS,3,2026-09-14,8.760000228881836,9.029999732971191,8.760000228881836,8.84000015258789,8.720000267028809,8.609999656677246,1.376145434453857,2.6713182936340063
2026-09-09,SENS,4,2026-09-15,8.800000190734863,8.970000267028809,8.605999946594238,8.880000114440918,8.720000267028809,8.609999656677246,1.8348605792718242,3.135893943436807
2026-09-09,SENS,5,2026-09-16,,,,,8.720000267028809,8.609999656677246,,
2026-09-09,SFD,1,2026-09-10,20.600000381469727,21.020000457763672,20.549999237060547,20.59000015258789,20.520000457763672,20.600000381469727,0.34112910946713093,-0.04854479949830681
2026-09-09,SFD,2,2026-09-11,20.76499938964844,20.8799991607666,20.049999237060547,20.26000022888184,20.520000457763672,20.600000381469727,-1.2670576173572257,-1.6504861470474808
2026-09-09,SFD,3,2026-09-14,20.479999542236328,20.63999938964844,20.19499969482422,20.309999465942383,20.520000457763672,20.600000381469727,-1.0233966234724723,-1.4077714085297233
2026-09-09,SFD,4,2026-09-15,20.32999992370605,20.32999992370605,19.899999618530277,20.07999992370605,20.520000457763672,20.600000381469727,-2.1442520674562093,-2.5242740200695835
2026-09-09,SFD,5,2026-09-16,,,,,20.520000457763672,20.600000381469727,,
2026-09-09,SGLD,1,2026-09-10,4.71999979019165,4.800000190734863,4.420000076293945,4.429999828338623,4.860000133514404,4.71999979019165,-8.847742661785396,-6.144067261521046
2026-09-09,SGLD,2,2026-09-11,4.360000133514404,4.449999809265137,4.25,4.400000095367432,4.860000133514404,4.71999979019165,-9.465021101024817,-6.779654852722472
2026-09-09,SGLD,3,2026-09-14,4.199999809265137,4.400000095367432,3.829999923706055,4.21999979019165,4.860000133514404,4.71999979019165,-13.168730982316902,-10.593220809861482
2026-09-09,SGLD,4,2026-09-15,4.03000020980835,4.110000133514404,3.920000076293945,3.940000057220459,4.860000133514404,4.71999979019165,-18.930042202049634,-16.52541880599364
2026-09-09,SGLD,5,2026-09-16,,,,,4.860000133514404,4.71999979019165,,
2026-09-09,SHAK,1,2026-09-10,62.36000061035156,63.650001525878906,61.31999969482422,61.70000076293945,63.0099983215332,62.36000061035156,-2.0790312545462597,-1.0583704954334916
2026-09-09,SHAK,2,2026-09-11,62.11000061035156,64.31999969482422,61.56999969482422,63.650001525878906,63.0099983215332,62.36000061035156,1.0157169042916525,2.0686351874621423
2026-09-09,SHAK,3,2026-09-14,63.31999969482422,64.63999938964844,62.94499969482422,63.5099983215332,63.0099983215332,62.36000061035156,0.7935248584653998,1.844127164730569
2026-09-09,SHAK,4,2026-09-15,62.869998931884766,62.88999938964844,57.72999954223633,58.27000045776367,63.0099983215332,62.36000061035156,-7.52261226794807,-6.558691649385528
2026-09-09,SHAK,5,2026-09-16,,,,,63.0099983215332,62.36000061035156,,
2026-09-09,SHOP,1,2026-09-10,124.02999877929688,128.99000549316406,124.02999877929688,126.5999984741211,126.79000091552734,124.02999877929688,-0.1498560139082561,2.0720791099880342
2026-09-09,SHOP,2,2026-09-11,130.75,131.97000122070312,128.38999938964844,128.7899932861328,126.79000091552734,124.02999877929688,1.5774054390440106,3.837776790843983
2026-09-09,SHOP,3,2026-09-14,129.13999938964844,134.74000549316406,128.08999633789062,133.88999938964844,126.79000091552734,124.02999877929688,5.59980946671923,7.949690161568723
2026-09-09,SHOP,4,2026-09-15,132.3800048828125,133.24000549316406,129.63999938964844,129.86000061035156,126.79000091552734,124.02999877929688,2.421326344866559,4.7004772139269235
2026-09-09,SHOP,5,2026-09-16,,,,,126.79000091552734,124.02999877929688,,
2026-09-09,SILO,1,2026-09-10,2.180000066757202,2.390000104904175,2.0999999046325684,2.1040000915527344,2.150000095367432,2.180000066757202,-2.139534966245493,-3.486237287942817
2026-09-09,SILO,2,2026-09-11,2.190000057220459,2.190000057220459,2.049999952316284,2.0999999046325684,2.150000095367432,2.180000066757202,-2.32559016358177,-3.669732095175382
2026-09-09,SILO,3,2026-09-14,2.0799999237060547,2.200000047683716,2.049999952316284,2.069999933242798,2.150000095367432,2.180000066757202,-3.7209376081893786,-5.04587752962925
2026-09-09,SILO,4,2026-09-15,2.0899999141693115,2.0899999141693115,1.909999966621399,1.940000057220459,2.150000095367432,2.180000066757202,-9.767443201488991,-11.009174412262679
2026-09-09,SILO,5,2026-09-16,,,,,2.150000095367432,2.180000066757202,,
2026-09-09,SLBT,1,2026-09-10,2.5799999237060547,2.619999885559082,2.0199999809265137,2.0999999046325684,2.609999895095825,2.5799999237060547,-19.540230305048823,-18.604652452236813
2026-09-09,SLBT,2,2026-09-11,2.0899999141693115,2.130000114440918,2.009999990463257,2.059999942779541,2.609999895095825,2.5799999237060547,-21.072795954886093,-20.155038616418132
2026-09-09,SLBT,3,2026-09-14,2.0199999809265137,2.180000066757202,1.850000023841858,2.069999933242798,2.609999895095825,2.5799999237060547,-20.689654542426773,-19.7674420753728
2026-09-09,SLBT,4,2026-09-15,2.039999961853028,2.109999895095825,1.8600000143051147,1.909999966621399,2.609999895095825,2.5799999237060547,-26.81992170918176,-25.968991352613322
2026-09-09,SLBT,5,2026-09-16,,,,,2.609999895095825,2.5799999237060547,,
2026-09-09,SLN,1,2026-09-10,13.380000114440918,13.8100004196167,13.039999961853027,13.3100004196167,13.550000190734863,13.380000114440918,-1.771215998079978,-0.523166623508986
2026-09-09,SLN,2,2026-09-11,13.31999969482422,13.420000076293944,12.880999565124512,13.020000457763672,13.550000190734863,13.380000114440918,-3.9114370886399796,-2.6905803706885
2026-09-09,SLN,3,2026-09-14,12.949999809265137,13.279999732971191,12.720000267028809,13.0600004196167,13.550000190734863,13.380000114440918,-3.6162344222933185,-2.3916269961675507
2026-09-09,SLN,4,2026-09-15,13.109999656677246,13.109999656677246,12.100000381469728,12.460000038146973,13.550000190734863,13.380000114440918,-8.044281455680014,-6.875934741592394
2026-09-09,SLN,5,2026-09-16,,,,,13.550000190734863,13.380000114440918,,
2026-09-09,SLNG,1,2026-09-10,5.25,5.659999847412109,5.119999885559082,5.320000171661377,5.210000038146973,5.25,2.111326923397261,1.3333366030738425
2026-09-09,SLNG,2,2026-09-11,5.309999942779541,5.480000019073486,5.130000114440918,5.230000019073486,5.210000038146973,5.25,0.3838767904045248,-0.3809520176478842
2026-09-09,SLNG,3,2026-09-14,5.309999942779541,5.320000171661377,4.940000057220459,4.949999809265137,5.210000038146973,5.25,-4.990407427603582,-5.714289347330725
2026-09-09,SLNG,4,2026-09-15,4.989999771118164,5.380000114440918,4.820000171661377,4.960000038146973,5.210000038146973,5.25,-4.798464456229001,-5.523808797200525
2026-09-09,SLNG,5,2026-09-16,4.940000057220459,5.019999980926514,4.809999942779541,4.929999828338623,5.210000038146973,5.25,-5.3742842180081185,-6.09524136497861
2026-09-09,SLQT,1,2026-09-10,0.5080000162124634,0.5239999890327454,0.4860000014305115,0.5149999856948853,0.5019999742507935,0.5080000162124634,2.5896438467937433,1.3779467045320404
2026-09-09,SLQT,2,2026-09-11,0.4939999878406524,0.5249999761581421,0.4939999878406524,0.5,0.5019999742507935,0.5080000162124634,-0.3984012656132685,-1.5748062907772642
2026-09-09,SLQT,3,2026-09-14,0.5,0.5059999823570251,0.488999992609024,0.5,0.5019999742507935,0.5080000162124634,-0.3984012656132685,-1.5748062907772642
2026-09-09,SLQT,4,2026-09-15,0.5099999904632568,0.5099999904632568,0.4860000014305115,0.4930000007152557,0.5019999742507935,0.5080000162124634,-1.7928235054134656,-2.9527588619080225
2026-09-09,SLQT,5,2026-09-16,,,,,0.5019999742507935,0.5080000162124634,,
2026-09-09,SMPL,1,2026-09-10,10.350000381469728,10.4350004196167,10.03499984741211,10.239999771118164,10.390000343322754,10.350000381469728,-1.443701320962798,-1.062807790311826
2026-09-09,SMPL,2,2026-09-11,10.390000343322754,10.470000267028809,9.829999923706056,9.84000015258789,10.390000343322754,10.350000381469728,-5.293553152655351,-4.927538261688613
2026-09-09,SMPL,3,2026-09-14,10.039999961853027,10.3100004196167,9.829999923706056,9.9399995803833,10.390000343322754,10.350000381469728,-4.331094784117607,-3.961360250966539
2026-09-09,SMPL,4,2026-09-15,9.850000381469728,9.979999542236328,9.744999885559082,9.829999923706056,10.390000343322754,10.350000381469728,-5.389801743140343,-5.024158827034075
2026-09-09,SMPL,5,2026-09-16,,,,,10.390000343322754,10.350000381469728,,
2026-09-09,SMRT,1,2026-09-10,1.190000057220459,1.2100000381469729,1.149999976158142,1.159999966621399,1.2000000476837158,1.190000057220459,-3.3333399560713795,-2.5210158955061512
2026-09-09,SMRT,2,2026-09-11,1.190000057220459,1.190000057220459,1.149999976158142,1.159999966621399,1.2000000476837158,1.190000057220459,-3.3333399560713795,-2.5210158955061512
2026-09-09,SMRT,3,2026-09-14,1.1799999475479126,1.190000057220459,1.159999966621399,1.159999966621399,1.2000000476837158,1.190000057220459,-3.3333399560713795,-2.5210158955061512
2026-09-09,SMRT,4,2026-09-15,1.1699999570846558,1.1699999570846558,1.1399999856948853,1.159999966621399,1.2000000476837158,1.190000057220459,-3.3333399560713795,-2.5210158955061512
2026-09-09,SMRT,5,2026-09-16,,,,,1.2000000476837158,1.190000057220459,,
2026-09-09,SMWB,1,2026-09-10,8.020000457763672,8.220000267028809,7.889999866485596,8.100000381469727,8.039999961853027,8.020000457763672,0.7462738793704071,0.9975052261825157
2026-09-09,SMWB,2,2026-09-11,8.0600004196167,8.15999984741211,7.940000057220459,8.069999694824219,8.039999961853027,8.020000457763672,0.3731310088747497,0.6234318479638734
2026-09-09,SMWB,3,2026-09-14,8.029999732971191,8.699999809265137,8.029999732971191,8.609999656677246,8.039999961853027,8.020000457763672,7.089548476724716,7.356598070296028
2026-09-09,SMWB,4,2026-09-15,8.430000305175781,8.699999809265137,8.166999816894531,8.470000267028809,8.039999961853027,8.020000457763672,5.348262527561953,5.610969870076743
2026-09-09,SMWB,5,2026-09-16,,,,,8.039999961853027,8.020000457763672,,
2026-09-09,SMXT,1,2026-09-10,2.240000009536743,2.470000028610229,2.220000028610229,2.4200000762939453,2.140000104904175,2.240000009536743,13.084110171214602,8.035717231734662
2026-09-09,SMXT,2,2026-09-11,2.369999885559082,2.5,2.220000028610229,2.3399999141693115,2.140000104904175,2.240000009536743,9.345785021542907,4.464281437804529
2026-09-09,SMXT,3,2026-09-14,2.309999942779541,2.3499999046325684,1.8200000524520876,1.8899999856948853,2.140000104904175,2.240000009536743,-11.682247988510452,-15.625000997845607
2026-09-09,SMXT,4,2026-09-15,1.8600000143051147,2.0,1.830000042915344,1.830000042915344,2.140000104904175,2.240000009536743,-14.48598349497333,-18.303569860528334
2026-09-09,SMXT,5,2026-09-16,,,,,2.140000104904175,2.240000009536743,,
2026-09-09,SNES,1,2026-09-10,0.8650000095367432,0.8939999938011169,0.8650000095367432,0.8939999938011169,0.8650000095367432,0.8650000095367432,3.3525992999589693,3.3525992999589693
2026-09-09,SNES,2,2026-09-11,0.9100000262260436,0.9160000085830688,0.8500000238418579,0.8610000014305115,0.8650000095367432,0.8650000095367432,-0.46242867770300844,-0.46242867770300844
2026-09-09,SNES,3,2026-09-14,0.8500000238418579,0.8600000143051147,0.824999988079071,0.8550000190734863,0.8650000095367432,0.8650000095367432,-1.1560682489023755,-1.1560682489023755
2026-09-09,SNES,4,2026-09-15,0.8500000238418579,0.8610000014305115,0.824999988079071,0.8600000143051147,0.8650000095367432,0.8650000095367432,-0.5780341244511877,-0.5780341244511877
2026-09-09,SNES,5,2026-09-16,,,,,0.8650000095367432,0.8650000095367432,,
2026-09-09,SNOW,1,2026-09-10,329.70001220703125,341.45001220703125,325.010009765625,329.7200012207031,331.4800109863281,329.70001220703125,-0.5309550221107018,0.0060627882716879355
2026-09-09,SNOW,2,2026-09-11,329.8599853515625,333.4800109863281,323.4200134277344,328.989990234375,331.4800109863281,329.70001220703125,-0.7511827770682156,-0.2153539418768391
2026-09-09,SNOW,3,2026-09-14,329.0,336.4849853515625,319.0,332.3500061035156,331.4800109863281,329.70001220703125,0.2624577918284743,0.8037591138517541
2026-09-09,SNOW,4,2026-09-15,324.8900146484375,328.6600036621094,318.5,322.9800109863281,331.4800109863281,329.70001220703125,-2.5642571854357143,-2.0382168552918856
2026-09-09,SNOW,5,2026-09-16,,,,,331.4800109863281,329.70001220703125,,
2026-09-09,SNPS,1,2026-09-10,396.2999877929688,401.4700012207031,390.510009765625,397.1700134277344,393.2200012207031,396.2999877929688,1.0045298292988392,0.21953713387952156
2026-09-09,SNPS,2,2026-09-11,399.5,400.8299865722656,394.25,397.3800048828125,393.2200012207031,396.2999877929688,1.0579328745219385,0.27252513830706704
2026-09-09,SNPS,3,2026-09-14,393.8900146484375,395.0,379.6400146484375,381.4299926757813,393.2200012207031,396.2999877929688,-2.9983237140331576,-3.752206806767744
2026-09-09,SNPS,4,2026-09-15,378.3699951171875,381.4800109863281,362.5499877929688,367.7000122070313,393.2200012207031,396.2999877929688,-6.490002780745674,-7.216749045391957
2026-09-09,SNPS,5,2026-09-16,367.5,379.9400024414063,367.4500122070313,378.4700012207031,393.2200012207031,396.2999877929688,-3.751080808252494,-4.499113580992653
2026-09-09,SNTI,1,2026-09-10,0.3160000145435333,0.3160000145435333,0.2930000126361847,0.3000000119209289,0.2989999949932098,0.3160000145435333,0.33445382758010567,-5.063291736146491
2026-09-09,SNTI,2,2026-09-11,0.3000000119209289,0.3199999928474426,0.3000000119209289,0.3059999942779541,0.2989999949932098,0.3160000145435333,2.3411369237324786,-3.1645632295379533
2026-09-09,SNTI,3,2026-09-14,0.3100000023841858,0.3100000023841858,0.3019999861717224,0.3019999861717224,0.2989999949932098,0.3160000145435333,1.0033415480761976,-4.430388521353123
2026-09-09,SNTI,4,2026-09-15,0.3000000119209289,0.3210000097751617,0.2910000085830688,0.3000000119209289,0.2989999949932098,0.3160000145435333,0.33445382758010567,-5.063291736146491
2026-09-09,SNTI,5,2026-09-16,,,,,0.2989999949932098,0.3160000145435333,,
2026-09-09,SNWV,1,2026-09-10,4.0,4.150000095367432,3.920000076293945,4.0,4.039999961853027,4.0,-0.9900980750178201,0.0
2026-09-09,SNWV,2,2026-09-11,4.050000190734863,4.130000114440918,3.920000076293945,4.099999904632568,4.039999961853027,4.0,1.485147112526719,2.499997615814209
2026-09-09,SNWV,3,2026-09-14,4.070000171661377,4.349999904632568,4.070000171661377,4.25,4.039999961853027,4.0,5.1980207952935675,6.25
2026-09-09,SNWV,4,2026-09-15,4.28000020980835,4.328000068664551,4.070000171661377,4.110000133514404,4.039999961853027,4.0,1.7326775327312083,2.7500033378601074
2026-09-09,SNWV,5,2026-09-16,,,,,4.039999961853027,4.0,,
2026-09-09,SNYR,1,2026-09-10,0.1230000033974647,0.1270000040531158,0.0920000001788139,0.1080000028014183,0.0829999968409538,0.1230000033974647,30.120490255403265,-12.195122098960509
2026-09-09,SNYR,2,2026-09-11,0.1070000007748603,0.1070000007748603,0.0900000035762786,0.101000003516674,0.0829999968409538,0.1230000033974647,21.68675585640343,-17.88617827082447
2026-09-09,SNYR,3,2026-09-14,0.0939999967813491,0.0970000028610229,0.0839999988675117,0.090999998152256,0.0829999968409538,0.1230000033974647,9.638556163600764,-26.016263708386443
2026-09-09,SNYR,4,2026-09-15,0.0869999974966049,0.0900000035762786,0.0780000016093254,0.0820000022649765,0.0829999968409538,0.1230000033974647,-1.2048127879974557,-33.3333333333333
2026-09-09,SNYR,5,2026-09-16,,,,,0.0829999968409538,0.1230000033974647,,
2026-09-09,SONO,1,2026-09-10,14.470000267028809,14.869999885559082,14.25,14.630000114440918,14.550000190734863,14.470000267028809,0.5498276471294972,1.1057349306114572
2026-09-09,SONO,2,2026-09-11,14.710000038146973,15.149999618530272,14.6899995803833,15.119999885559082,14.550000190734863,14.470000267028809,3.9175236244133105,4.492049803284082
2026-09-09,SONO,3,2026-09-14,15.199999809265137,15.609999656677246,15.09000015258789,15.579999923706056,14.550000190734863,14.470000267028809,7.0790358726392055,7.671041024142067
2026-09-09,SONO,4,2026-09-15,15.510000228881836,15.68000030517578,15.140000343322754,15.65999984741211,14.550000190734863,14.470000267028809,7.6288635197686805,8.223908489447783
2026-09-09,SONO,5,2026-09-16,,,,,14.550000190734863,14.470000267028809,,
2026-09-09,SORA,1,2026-09-10,2.1700000762939453,2.2279999256134038,2.140000104904175,2.220000028610229,2.180000066757202,2.1700000762939453,1.834860579271802,2.3041451870212226
2026-09-09,SORA,2,2026-09-11,2.25,2.2799999713897705,2.240000009536743,2.240000009536743,2.180000066757202,2.1700000762939453,2.7522908689077363,3.2258032618297294
2026-09-09,SORA,3,2026-09-14,2.2799999713897705,2.2799999713897705,2.220000028610229,2.220000028610229,2.180000066757202,2.1700000762939453,1.834860579271802,2.3041451870212226
2026-09-09,SORA,4,2026-09-15,2.2300000190734863,2.2300000190734863,2.1700000762939453,2.220000028610229,2.180000066757202,2.1700000762939453,1.834860579271802,2.3041451870212226
2026-09-09,SORA,5,2026-09-16,,,,,2.180000066757202,2.1700000762939453,,
2026-09-09,SPT,1,2026-09-10,10.25,10.65999984741211,10.130000114440918,10.609999656677246,10.130000114440918,10.25,4.73839621731158,3.5121917724609375
2026-09-09,SPT,2,2026-09-11,10.510000228881836,10.890000343322754,10.460000038146973,10.800000190734863,10.130000114440918,10.25,6.614018447431413,5.365855519364526
2026-09-09,SPT,3,2026-09-14,11.140000343322754,11.640000343322754,11.064000129699709,11.630000114440918,10.130000114440918,10.25,14.807502300633345,13.463415750643094
2026-09-09,SPT,4,2026-09-15,11.399999618530272,11.595000267028809,11.109999656677246,11.279999732971191,10.130000114440918,10.25,11.352414664742994,10.048777882645776
2026-09-09,SPT,5,2026-09-16,,,,,10.130000114440918,10.25,,
2026-09-09,SPWR,1,2026-09-10,0.3100000023841858,0.3580000102519989,0.3050000071525574,0.3499999940395355,0.3199999928474426,0.3100000023841858,9.37500058207663,12.903223015391262
2026-09-09,SPWR,2,2026-09-11,0.3470000028610229,0.3630000054836273,0.3260000050067901,0.3370000123977661,0.3199999928474426,0.3100000023841858,5.31250622821986,8.709680582556567
2026-09-09,SPWR,3,2026-09-14,0.335999995470047,0.3470000028610229,0.3160000145435333,0.3350000083446502,0.3199999928474426,0.3100000023841858,4.6875049476512665,8.064517989739128
2026-09-09,SPWR,4,2026-09-15,0.3370000123977661,0.3400000035762787,0.3160000145435333,0.3269999921321869,0.3199999928474426,0.3100000023841858,2.187499825377004,5.483867618469529
2026-09-09,SPWR,5,2026-09-16,,,,,0.3199999928474426,0.3100000023841858,,
2026-09-09,SRFM,1,2026-09-10,0.6010000109672546,0.6200000047683716,0.5699999928474426,0.578000009059906,0.6140000224113464,0.6010000109672546,-5.863194142902229,-3.8269553224021147
2026-09-09,SRFM,2,2026-09-11,0.5899999737739563,0.5899999737739563,0.5009999871253967,0.5090000033378601,0.6140000224113464,0.6010000109672546,-17.10097968093266,-15.307821289608448
2026-09-09,SRFM,3,2026-09-14,0.5199999809265137,0.5299999713897705,0.4580000042915344,0.4819999933242798,0.6140000224113464,0.6010000109672546,-21.49837528810933,-19.800335352981968
2026-09-09,SRFM,4,2026-09-15,0.4779999852180481,0.4799999892711639,0.4569999873638153,0.4690000116825104,0.6140000224113464,0.6010000109672546,-23.615636064536496,-21.963393822955567
2026-09-09,SRFM,5,2026-09-16,,,,,0.6140000224113464,0.6010000109672546,,
2026-09-09,SRG,1,2026-09-10,1.899999976158142,1.924999952316284,1.875,1.909999966621399,1.909999966621399,1.899999976158142,0.0,0.5263152941442195
2026-09-09,SRG,2,2026-09-11,1.909999966621399,2.0,1.8600000143051147,1.919999957084656,1.909999966621399,1.899999976158142,0.523559719267741,1.0526305882884612
2026-09-09,SRG,3,2026-09-14,1.9299999475479128,1.9700000286102293,1.8799999952316284,1.9700000286102293,1.909999966621399,1.899999976158142,3.1413645569305704,3.68421333318274
2026-09-09,SRG,4,2026-09-15,1.940000057220459,2.0299999713897705,1.919999957084656,2.009999990463257,1.909999966621399,1.899999976158142,5.235603434001512,5.78947450975964
2026-09-09,SRG,5,2026-09-16,,,,,1.909999966621399,1.899999976158142,,
2026-09-09,SSM,1,2026-09-10,2.2100000381469727,2.2100000381469727,1.830000042915344,1.9700000286102293,2.305000066757202,2.2100000381469727,-14.533623793697714,-10.859728750863606
2026-09-09,SSM,2,2026-09-11,2.0,2.200000047683716,1.875,2.109999895095825,2.305000066757202,2.2100000381469727,-8.459877050490228,-4.524893272626141
2026-09-09,SSM,3,2026-09-14,2.0199999809265137,2.130000114440918,1.909999966621399,2.009999990463257,2.305000066757202,2.2100000381469727,-12.798267581352707,-9.049775757081468
2026-09-09,SSM,4,2026-09-15,2.0899999141693115,2.140000104904175,1.75,1.7599999904632568,2.305000066757202,2.2100000381469727,-23.644254252047837,-20.361992756390592
2026-09-09,SSM,5,2026-09-16,,,,,2.305000066757202,2.2100000381469727,,
2026-09-09,SSTK,1,2026-09-10,5.0,5.170000076293945,4.929999828338623,5.050000190734863,5.059999942779541,5.0,-0.19762356043001583,1.00000381469727
2026-09-09,SSTK,2,2026-09-11,5.090000152587891,5.119999885559082,4.949999809265137,5.039999961853027,5.059999942779541,5.0,-0.3952565445193956,0.7999992370605558
2026-09-09,SSTK,3,2026-09-14,5.090000152587891,5.289999961853027,5.019999980926514,5.260000228881836,5.059999942779541,5.0,3.952574868853298,5.200004577636719
2026-09-09,SSTK,4,2026-09-15,5.150000095367432,5.349999904632568,4.829999923706055,4.869999885559082,5.059999942779541,5.0,-3.754941884763907,-2.6000022888183594
2026-09-09,SSTK,5,2026-09-16,,,,,5.059999942779541,5.0,,
2026-09-09,STDN,1,2026-09-10,12.960000038146973,13.140000343322754,12.109999656677246,12.1899995803833,13.039999961853027,12.960000038146973,-6.518407852425623,-5.941361539330414
2026-09-09,STDN,2,2026-09-11,12.25,12.8100004196167,12.029999732971191,12.050000190734863,13.039999961853027,12.960000038146973,-7.592022806858056,-7.021603740228244
2026-09-09,STDN,3,2026-09-14,12.0,12.670000076293944,11.899999618530272,12.289999961853027,13.039999961853027,12.960000038146973,-5.751533759156713,-5.169753659890752
2026-09-09,STDN,4,2026-09-15,12.1899995803833,12.949999809265137,12.18000030517578,12.350000381469728,13.039999961853027,12.960000038146973,-5.2914078405046805,-4.706787460507311
2026-09-09,STDN,5,2026-09-16,,,,,13.039999961853027,12.960000038146973,,
2026-09-09,STZ,1,2026-09-10,122.41000366210938,125.76000213623048,121.5,123.80999755859376,121.5500030517578,122.41000366210938,1.859312587490125,1.1436923900017382
2026-09-09,STZ,2,2026-09-11,124.51000213623048,125.7300033569336,122.0999984741211,122.4499969482422,121.5500030517578,122.41000366210938,0.7404309945604703,0.03267158315198859
2026-09-09,STZ,3,2026-09-14,124.25,125.73999786376952,122.51000213623048,125.0,121.5500030517578,122.41000366210938,2.838335550492044,2.1158371541592613
2026-09-09,STZ,4,2026-09-15,124.04000091552734,124.8499984741211,122.41000366210938,123.62000274658205,121.5500030517578,122.41000366210938,1.7030025856460185,0.9884805557335508
2026-09-09,STZ,5,2026-09-16,123.72000122070312,124.75,122.76000213623048,123.02999877929688,121.5500030517578,122.41000366210938,1.217602377935667,0.5064905633847427
2026-09-09,SUPX,1,2026-09-10,6.860000133514404,8.25,6.860000133514404,8.170000076293945,7.110000133514404,6.860000133514404,14.908578380793823,19.096208706754393
2026-09-09,SUPX,2,2026-09-11,8.050000190734863,8.3149995803833,7.559999942779541,7.739999771118164,7.110000133514404,6.860000133514404,8.860754230286583,12.82798280578068
2026-09-09,SUPX,3,2026-09-14,7.949999809265137,8.210000038146973,7.800000190734863,7.940000057220459,7.110000133514404,6.860000133514404,11.673697723206566,15.743438814669041
2026-09-09,SUPX,4,2026-09-15,8.010000228881836,8.329999923706055,7.800000190734863,8.140000343322754,7.110000133514404,6.860000133514404,14.486641216126529,18.658894823557404
2026-09-09,SUPX,5,2026-09-16,,,,,7.110000133514404,6.860000133514404,,
2026-09-09,SYK,1,2026-09-10,274.6199951171875,278.0,269.6400146484375,270.010009765625,275.3900146484375,274.6199951171875,-1.9535947553075306,-1.6786779672016583
2026-09-09,SYK,2,2026-09-11,270.7200012207031,277.0,267.0,275.5599975585937,275.3900146484375,274.6199951171875,0.06172442758072272,0.3422920610733682
2026-09-09,SYK,3,2026-09-14,282.3099975585937,287.1700134277344,280.6700134277344,281.8699951171875,275.3900146484375,274.6199951171875,2.353019399422429,2.640011699405287
2026-09-09,SYK,4,2026-09-15,281.0,282.69000244140625,277.6199951171875,281.5,275.3900146484375,274.6199951171875,2.218666264774516,2.505281845874552
2026-09-09,SYK,5,2026-09-16,280.3399963378906,290.510009765625,279.8800048828125,284.760009765625,275.3900146484375,274.6199951171875,3.4024454841433682,3.6923803177953296
2026-09-09,TBBK,1,2026-09-10,49.970001220703125,51.400001525878906,49.75,50.29999923706055,50.02999877929688,49.970001220703125,0.5396771224295938,0.6603922519431427
2026-09-09,TBBK,2,2026-09-11,51.09000015258789,51.38999938964844,50.0,50.630001068115234,50.02999877929688,49.970001220703125,1.1992850358945928,1.3207921378610266
2026-09-09,TBBK,3,2026-09-14,50.45000076293945,51.0,49.59999847412109,50.22999954223633,50.02999877929688,49.970001220703125,0.3997616786315161,0.5203088156529478
2026-09-09,TBBK,4,2026-09-15,50.4900016784668,51.310001373291016,49.91999816894531,50.02999877929688,50.02999877929688,49.970001220703125,0.0,0.12006715454890848
2026-09-09,TBBK,5,2026-09-16,50.369998931884766,51.0,49.79999923706055,50.72999954223633,50.02999877929688,49.970001220703125,1.3991620628004409,1.5209091514256867
2026-09-09,TLYS,1,2026-09-10,4.159999847412109,4.309999942779541,4.039999961853027,4.289999961853027,4.059999942779541,4.159999847412109,5.6650251801734,3.1250028656080175
2026-09-09,TLYS,2,2026-09-11,4.289999961853027,4.599999904632568,4.239999771118164,4.599999904632568,4.059999942779541,4.159999847412109,13.300491858710096,10.57692484037418
2026-09-09,TLYS,3,2026-09-14,4.650000095367432,4.920000076293945,4.599999904632568,4.920000076293945,4.059999942779541,4.159999847412109,21.18226959692109,18.269236941309597
2026-09-09,TLYS,4,2026-09-15,4.900000095367432,4.960000038146973,4.599999904632568,4.809999942779541,4.059999942779541,4.159999847412109,18.472906664292665,15.625002865608018
2026-09-09,TLYS,5,2026-09-16,,,,,4.059999942779541,4.159999847412109,,
2026-09-09,TNON,1,2026-09-10,4.199999809265137,5.960000038146973,3.9600000381469727,5.300000190734863,2.440000057220459,4.199999809265137,117.21311747723445,26.190486462478923
2026-09-09,TNON,2,2026-09-11,8.140000343322754,10.84000015258789,5.230000019073486,5.929999828338623,2.440000057220459,4.199999809265137,143.03277415058008,41.190478515192595
2026-09-09,TNON,3,2026-09-14,5.565000057220459,6.389999866485596,5.320000171661377,5.559999942779541,2.440000057220459,4.199999809265137,127.86884477016156,32.38095703038519
2026-09-09,TNON,4,2026-09-15,6.335000038146973,6.880000114440918,4.920000076293945,5.059999942779541,2.440000057220459,4.199999809265137,107.37704197202649,20.476194584991568
2026-09-09,TNON,5,2026-09-16,,,,,2.440000057220459,4.199999809265137,,
2026-09-09,TPST,1,2026-09-10,0.949999988079071,0.949999988079071,0.800000011920929,0.8029999732971191,0.9089999794960022,0.949999988079071,-11.661167061593892,-15.47368596069042
2026-09-09,TPST,2,2026-09-11,0.7900000214576721,0.8870000243186951,0.7580000162124634,0.8119999766349792,0.9089999794960022,0.949999988079071,-10.67106766215824,-14.526317176396187
2026-09-09,TPST,3,2026-09-14,0.800000011920929,0.8220000267028809,0.7519999742507935,0.7839999794960022,0.9089999794960022,0.949999988079071,-13.751375447698756,-17.473685333273103
2026-09-09,TPST,4,2026-09-15,0.7990000247955322,0.8090000152587891,0.7429999709129333,0.7549999952316284,0.9089999794960022,0.949999988079071,-16.94169282047284,-20.526315294144215
2026-09-09,TPST,5,2026-09-16,,,,,0.9089999794960022,0.949999988079071,,
2026-09-09,TRBG,1,2026-09-10,4.199999809265137,4.639999866485596,3.9700000286102295,4.46999979019165,4.449999809265137,4.199999809265137,0.4494377928932147,6.428571266381922
2026-09-09,TRBG,2,2026-09-11,4.289999961853027,4.760000228881836,4.199999809265137,4.329999923706055,4.449999809265137,4.199999809265137,-2.6966267573593106,3.095240960586221
2026-09-09,TRBG,3,2026-09-14,4.349999904632568,4.420000076293945,4.059999942779541,4.25,4.449999809265137,4.199999809265137,-4.494377928932192,1.1904807858458266
2026-09-09,TRBG,4,2026-09-15,4.25,4.300000190734863,4.019999980926514,4.25,4.449999809265137,4.199999809265137,-4.494377928932192,1.1904807858458266
2026-09-09,TRBG,5,2026-09-16,4.150000095367432,4.190000057220459,3.6050000190734863,3.704999923706055,4.449999809265137,4.199999809265137,-16.741571179575153,-11.785712096155798
2026-09-09,TRI,1,2026-09-10,96.9800033569336,99.0,95.66000366210938,95.70999908447266,96.9800033569336,96.9800033569336,-1.3095527206641755,-1.3095527206641755
2026-09-09,TRI,2,2026-09-11,96.1999969482422,97.77999877929688,95.72000122070312,97.3499984741211,96.9800033569336,96.9800033569336,0.3815169152198816,0.3815169152198816
2026-09-09,TRI,3,2026-09-14,101.08999633789062,106.12999725341795,100.4800033569336,105.81999969482422,96.9800033569336,96.9800033569336,9.11527740966882,9.11527740966882
2026-09-09,TRI,4,2026-09-15,104.0500030517578,104.68000030517578,102.19000244140624,102.61000061035156,96.9800033569336,96.9800033569336,5.805317651616115,5.805317651616115
2026-09-09,TRI,5,2026-09-16,100.97000122070312,102.81999969482422,100.75,101.30999755859376,96.9800033569336,96.9800033569336,4.464831977499206,4.464831977499206
2026-09-09,TRU,1,2026-09-10,76.66999816894531,77.23500061035156,76.0199966430664,76.94999694824219,77.05000305175781,76.66999816894531,-0.1297937697010143,0.3651999295472663
2026-09-09,TRU,2,2026-09-11,77.75,78.01000213623047,76.7699966430664,77.69999694824219,77.05000305175781,76.66999816894531,0.8436000918101705,1.3434182912424708
2026-09-09,TRU,3,2026-09-14,80.06999969482422,80.06999969482422,77.19000244140625,78.83000183105469,77.05000305175781,76.66999816894531,2.310186513686663,2.817273658139041
2026-09-09,TRU,4,2026-09-15,77.69999694824219,78.09500122070312,76.56500244140625,77.0199966430664,77.05000305175781,76.66999816894531,-0.03894407203495209,0.4564999119340829
2026-09-09,TRU,5,2026-09-16,,,,,77.05000305175781,76.66999816894531,,
2026-09-09,TRUP,1,2026-09-10,24.799999237060547,25.3799991607666,24.649999618530277,25.0,24.799999237060547,24.799999237060547,0.806454714081517,0.806454714081517
2026-09-09,TRUP,2,2026-09-11,25.0,25.3799991607666,24.520000457763672,24.88999938964844,24.799999237060547,24.799999237060547,0.3629038522444894,0.3629038522444894
2026-09-09,TRUP,3,2026-09-14,25.32999992370605,26.21999931335449,25.32999992370605,26.149999618530277,24.799999237060547,24.799999237060547,5.443550092744842,5.443550092744842
2026-09-09,TRUP,4,2026-09-15,26.149999618530277,26.979999542236328,25.75,26.31999969482422,24.799999237060547,24.799999237060547,6.129034292437474,6.129034292437474
2026-09-09,TRUP,5,2026-09-16,,,,,24.799999237060547,24.799999237060547,,
2026-09-09,TSQ,1,2026-09-10,5.159999847412109,5.289999961853027,5.099999904632568,5.260000228881836,5.159999847412109,5.159999847412109,1.9379919462571227,1.9379919462571227
2026-09-09,TSQ,2,2026-09-11,5.320000171661377,5.409999847412109,5.099999904632568,5.21999979019165,5.159999847412109,5.159999847412109,1.1627896231359847,1.1627896231359847
2026-09-09,TSQ,3,2026-09-14,5.170000076293945,5.242000102996826,5.123000144958496,5.190000057220459,5.159999847412109,5.159999847412109,0.5813994320832405,0.5813994320832405
2026-09-09,TSQ,4,2026-09-15,5.239999771118164,5.309999942779541,5.0,5.159999847412109,5.159999847412109,5.159999847412109,0.0,0.0
2026-09-09,TSQ,5,2026-09-16,,,,,5.159999847412109,5.159999847412109,,
2026-09-09,TTAN,1,2026-09-10,56.20000076293945,57.52000045776367,55.81999969482422,56.0099983215332,57.119998931884766,56.20000076293945,-1.9432784158053495,-0.33808263136456684
2026-09-09,TTAN,2,2026-09-11,55.90999984741211,56.150001525878906,53.79999923706055,54.68000030517578,57.119998931884766,56.20000076293945,-4.271706359131178,-2.7046271123291943
2026-09-09,TTAN,3,2026-09-14,54.77000045776367,59.29999923706055,54.36000061035156,58.9900016784668,57.119998931884766,56.20000076293945,3.2738143934701425,4.964414373046022
2026-09-09,TTAN,4,2026-09-15,57.77999877929688,59.400001525878906,57.13600158691406,58.59999847412109,57.119998931884766,56.20000076293945,2.5910356616098973,4.270458502848085
2026-09-09,TTAN,5,2026-09-16,,,,,57.119998931884766,56.20000076293945,,
2026-09-09,TTEC,1,2026-09-10,1.2799999713897705,1.2999999523162842,1.2599999904632568,1.2699999809265137,1.2699999809265137,1.2799999713897705,0.0,-0.7812492724042275
2026-09-09,TTEC,2,2026-09-11,1.2799999713897705,1.2899999618530271,1.25,1.2699999809265137,1.2699999809265137,1.2799999713897705,0.0,-0.7812492724042275
2026-09-09,TTEC,3,2026-09-14,1.25,1.2999999523162842,1.2400000095367432,1.25,1.2699999809265137,1.2799999713897705,-1.5748016714081325,-2.3437478172126713
2026-09-09,TTEC,4,2026-09-15,1.2699999809265137,1.2999999523162842,1.2200000286102295,1.2699999809265137,1.2699999809265137,1.2799999713897705,0.0,-0.7812492724042275
2026-09-09,TTEC,5,2026-09-16,1.2599999904632568,1.2699999809265137,1.1799999475479126,1.2100000381469729,1.2699999809265137,1.2799999713897705,-4.724405014224375,-5.468744906829537
2026-09-09,TV,1,2026-09-10,2.440000057220459,2.450000047683716,2.3499999046325684,2.369999885559082,2.380000114440918,2.440000057220459,-0.42017766390675115,-2.8688594270410817
2026-09-09,TV,2,2026-09-11,2.369999885559082,2.430000066757202,2.3499999046325684,2.380000114440918,2.380000114440918,2.440000057220459,0.0,-2.459013990675485
2026-09-09,TV,3,2026-09-14,2.400000095367432,2.400000095367432,2.3299999237060547,2.369999885559082,2.380000114440918,2.440000057220459,-0.42017766390675115,-2.8688594270410817
2026-09-09,TV,4,2026-09-15,2.369999885559082,2.4100000858306885,2.240000009536743,2.25,2.380000114440918,2.440000057220459,-5.4621894197453,-7.7868874083920625
2026-09-09,TV,5,2026-09-16,2.2699999809265137,2.2699999809265137,2.180000066757202,2.190000057220459,2.380000114440918,2.440000057220459,-7.98319529766458,-10.245901399067547
2026-09-09,UCAR,1,2026-09-10,7.880000114440918,7.900000095367432,6.798999786376953,7.400000095367432,,7.880000114440918,,-6.09137071196022
2026-09-09,UCAR,2,2026-09-11,7.400000095367432,7.400000095367432,4.289999961853027,4.96999979019165,,7.880000114440918,,-36.92893758867325
2026-09-09,UCAR,3,2026-09-14,4.820000171661377,4.820000171661377,3.759999990463257,3.9800000190734863,,7.880000114440918,,-49.492386278272726
2026-09-09,UCAR,4,2026-09-15,3.9700000286102295,4.0,3.5,3.75,,7.880000114440918,,-52.41116820382101
2026-09-09,UCAR,5,2026-09-16,,,,,,7.880000114440918,,
2026-09-09,UI,1,2026-09-10,517.2000122070312,559.989990234375,517.0,536.8400268554688,520.5800170898438,517.2000122070312,3.1234410142214175,3.797373198934828
2026-09-09,UI,2,2026-09-11,544.8900146484375,564.1500244140625,539.3499755859375,564.1500244140625,520.5800170898438,517.2000122070312,8.369512062292483,9.077728364058423
2026-09-09,UI,3,2026-09-14,546.719970703125,564.7899780273438,546.719970703125,552.9099731445312,520.5800170898438,517.2000122070312,6.210372083703675,6.904477976540635
2026-09-09,UI,4,2026-09-15,559.9000244140625,569.780029296875,553.1099853515625,562.75,520.5800170898438,517.2000122070312,8.100576573395134,8.807035328285217
2026-09-09,UI,5,2026-09-16,570.8699951171875,576.8099975585938,559.4400024414062,570.3699951171875,520.5800170898438,517.2000122070312,9.56432755634391,10.280352214855082
2026-09-09,ULBI,1,2026-09-10,5.809999942779541,5.809999942779541,5.420000076293945,5.650000095367432,5.630000114440918,5.809999942779541,0.35523944085211756,-2.7538700342149114
2026-09-09,ULBI,2,2026-09-11,5.670000076293945,5.769999980926514,5.579999923706055,5.599999904632568,5.630000114440918,5.809999942779541,-0.532863396066352,-3.6144585234971105
2026-09-09,ULBI,3,2026-09-14,5.599999904632568,5.739999771118164,5.429999828338623,5.559999942779541,5.630000114440918,5.809999942779541,-1.2433422777705982,-4.302926032050847
2026-09-09,ULBI,4,2026-09-15,5.559999942779541,5.730000019073486,5.440000057220459,5.440000057220459,5.630000114440918,5.809999942779541,-3.374778922883326,-6.368328557712033
2026-09-09,ULBI,5,2026-09-16,5.449999809265137,5.559999942779541,5.420000076293945,5.449999809265137,5.630000114440918,5.809999942779541,-3.1971634372454316,-6.196215784163639
2026-09-09,UPLD,1,2026-09-10,3.359999895095825,3.400000095367432,3.200000047683716,3.2100000381469727,3.369999885559082,3.359999895095825,-4.747770114109828,-4.464281596192565
2026-09-09,UPLD,2,2026-09-11,3.299999952316284,3.630000114440918,3.220000028610229,3.220000028610229,3.369999885559082,3.359999895095825,-4.4510344819779775,-4.166662823113077
2026-09-09,UPLD,3,2026-09-14,3.220000028610229,3.240000009536743,3.0999999046325684,3.119999885559082,3.369999885559082,3.359999895095825,-7.418397878032124,-7.1428576496993745
2026-09-09,UPLD,4,2026-09-15,3.200000047683716,4.0,3.0999999046325684,3.75,3.369999885559082,3.359999895095825,11.275968170481887,11.607146341683205
2026-09-09,UPLD,5,2026-09-16,,,,,3.369999885559082,3.359999895095825,,
2026-09-09,UPWK,1,2026-09-10,8.170000076293945,8.449999809265137,8.119999885559082,8.40999984741211,8.239999771118164,8.170000076293945,2.063107779320683,2.937573670464788
2026-09-09,UPWK,2,2026-09-11,8.489999771118164,8.899999618530273,8.489999771118164,8.720000267028809,8.239999771118164,8.170000076293945,5.825248898587154,6.7319484161419085
2026-09-09,UPWK,3,2026-09-14,8.819999694824219,8.9399995803833,8.640000343322754,8.699999809265137,8.239999771118164,8.170000076293945,5.582524889858709,6.487144773829767
2026-09-09,UPWK,4,2026-09-15,8.59000015258789,8.75,8.479999542236328,8.619999885559082,8.239999771118164,8.170000076293945,4.611652002380473,5.5079535503415045
2026-09-09,UPWK,5,2026-09-16,,,,,8.239999771118164,8.170000076293945,,
2026-09-09,USDE,1,2026-09-10,6.730000019073486,7.329999923706055,6.599999904632568,6.659999847412109,7.239999771118164,6.730000019073486,-8.011048923230534,-1.0401214184693863
2026-09-09,USDE,2,2026-09-11,7.099999904632568,7.980000019073486,6.860000133514404,7.260000228881836,7.239999771118164,6.730000019073486,0.27624942535851016,7.875188830702484
2026-09-09,USDE,3,2026-09-14,6.960000038146973,7.53000020980835,6.760000228881836,7.440000057220459,7.239999771118164,6.730000019073486,2.7624349782459534,10.549777654305537
2026-09-09,USDE,4,2026-09-15,6.960000038146973,7.099999904632568,5.900000095367432,6.119999885559082,7.239999771118164,6.730000019073486,-15.469612168041635,-9.063894974526054
2026-09-09,USDE,5,2026-09-16,,,,,7.239999771118164,6.730000019073486,,
2026-09-09,USFD,1,2026-09-10,97.47000122070312,98.73999786376952,95.48999786376952,96.05999755859376,97.4499969482422,97.47000122070312,-1.426371917062963,-1.4466026925727293
2026-09-09,USFD,2,2026-09-11,95.45999908447266,97.05999755859376,93.88999938964844,95.33999633789062,97.4499969482422,97.47000122070312,-2.1652136238364816,-2.185292763041513
2026-09-09,USFD,3,2026-09-14,95.73500061035156,96.59300231933594,94.61000061035156,94.8000030517578,97.4499969482422,97.47000122070312,-2.719337074881467,-2.7393024884647343
2026-09-09,USFD,4,2026-09-15,94.02999877929688,94.5999984741211,90.19000244140624,92.01000213623048,97.4499969482422,97.47000122070312,-5.582344774111192,-5.601722597817005
2026-09-09,USFD,5,2026-09-16,,,,,97.4499969482422,97.47000122070312,,
2026-09-09,USIO,1,2026-09-10,2.569999933242798,2.5799999237060547,2.490000009536743,2.5299999713897705,2.569999933242798,2.569999933242798,-1.556418789573888,-1.556418789573888
2026-09-09,USIO,2,2026-09-11,2.549999952316284,2.5899999141693115,2.450000047683716,2.450000047683716,2.569999933242798,2.569999933242798,-4.669256368721674,-4.669256368721674
2026-09-09,USIO,3,2026-09-14,2.4600000381469727,2.5799999237060547,2.359999895095825,2.369999885559082,2.569999933242798,2.569999933242798,-7.782103224857206,-7.782103224857206
2026-09-09,USIO,4,2026-09-15,2.3299999237060547,2.400000095367432,2.289999961853028,2.299999952316284,2.569999933242798,2.569999933242798,-10.505836106611511,-10.505836106611511
2026-09-09,USIO,5,2026-09-16,2.299999952316284,2.5299999713897705,2.220000028610229,2.2300000190734863,2.569999933242798,2.569999933242798,-13.229568988365825,-13.229568988365825
2026-09-09,UZX,1,2026-09-10,0.0860000029206276,0.0930000022053718,0.0769999995827674,0.0890000015497207,0.0970000028610229,0.0860000029206276,-8.247423789011876,3.488370380477668
2026-09-09,UZX,2,2026-09-11,0.0869999974966049,0.1400000005960464,0.0860000029206276,0.090999998152256,0.0970000028610229,0.0860000029206276,-6.185571682264202,5.813947746307724
2026-09-09,UZX,3,2026-09-14,0.1120000034570694,0.1280000060796737,0.0879999995231628,0.0970000028610229,0.0970000028610229,0.0860000029206276,0.0,12.790697170728693
2026-09-09,UZX,4,2026-09-15,0.0799999982118606,0.0850000008940696,0.0719999969005584,0.0810000002384185,0.0970000028610229,0.0860000029206276,-16.49484757802374,-5.813956409773358
2026-09-09,UZX,5,2026-09-16,,,,,0.0970000028610229,0.0860000029206276,,
2026-09-09,VACI,1,2026-09-10,6.610000133514404,6.789999961853027,6.309999942779541,6.519999980926514,6.320000171661377,6.610000133514404,3.1645538581142496,-1.361575654614089
2026-09-09,VACI,2,2026-09-11,6.699999809265137,6.880000114440918,6.199999809265137,6.880000114440918,6.320000171661377,6.610000133514404,8.86075834761142,4.084719749967092
2026-09-09,VACI,3,2026-09-14,6.900000095367432,7.03000020980835,6.599999904632568,6.650000095367432,6.320000171661377,6.610000133514404,5.221517638334272,0.6051431323006673
2026-09-09,VACI,4,2026-09-15,6.679999828338623,6.989999771118164,6.610000133514404,6.860000133514404,6.320000171661377,6.610000133514404,8.5443029618,3.782148183816747
2026-09-09,VACI,5,2026-09-16,,,,,6.320000171661377,6.610000133514404,,
2026-09-09,VATE,1,2026-09-10,6.599999904632568,7.130000114440918,6.599999904632568,7.079999923706055,6.789999961853027,6.599999904632568,4.270986207397343,7.272727666807577
2026-09-09,VATE,2,2026-09-11,7.070000171661377,7.349999904632568,6.539999961853027,7.159999847412109,6.789999961853027,6.599999904632568,5.449188330453358,8.484847740474578
2026-09-09,VATE,3,2026-09-14,7.059999942779541,7.340000152587891,7.0,7.239999771118164,6.789999961853027,6.599999904632568,6.627390453509352,9.6969678141416
2026-09-09,VATE,4,2026-09-15,7.289999961853027,7.300000190734863,6.71999979019165,7.010000228881836,6.789999961853027,6.599999904632568,3.2400628610426363,6.212126214751712
2026-09-09,VATE,5,2026-09-16,6.929999828338623,7.550000190734863,6.929999828338623,7.5,6.789999961853027,6.599999904632568,10.456554376079996,13.636365278364892
2026-09-09,VBIO,1,2026-09-10,2.380000114440918,2.380000114440918,2.157999992370605,2.200000047683716,2.400000095367432,2.380000114440918,-8.33333498901786,-7.563027651344701
2026-09-09,VBIO,2,2026-09-11,2.190000057220459,2.390000104904175,2.1700000762939453,2.259999990463257,2.400000095367432,2.380000114440918,-5.833337472544631,-5.04202177342542
2026-09-09,VBIO,3,2026-09-14,2.25,2.4200000762939453,2.0999999046325684,2.0999999046325684,2.400000095367432,2.380000114440918,-12.50000745058032,-11.764714132130372
2026-09-09,VBIO,4,2026-09-15,2.119999885559082,2.1700000762939453,2.059000015258789,2.109999895095825,2.400000095367432,2.380000114440918,-12.083341197834773,-11.344546485810492
2026-09-09,VBIO,5,2026-09-16,,,,,2.400000095367432,2.380000114440918,,
2026-09-09,VERX,1,2026-09-10,12.369999885559082,12.515000343322754,12.15999984741211,12.270000457763672,12.369999885559082,12.369999885559082,-0.8084028190828874,-0.8084028190828874
2026-09-09,VERX,2,2026-09-11,12.300000190734863,12.43000030517578,12.050000190734863,12.260000228881836,12.369999885559082,12.369999885559082,-0.8892454138634376,-0.8892454138634376
2026-09-09,VERX,3,2026-09-14,12.720000267028809,13.300000190734863,12.6850004196167,13.09000015258789,12.369999885559082,12.369999885559082,5.820535761438017,5.820535761438017
2026-09-09,VERX,4,2026-09-15,12.979999542236328,13.18000030517578,12.645000457763672,12.890000343322754,12.369999885559082,12.369999885559082,4.203722413698063,4.203722413698063
2026-09-09,VERX,5,2026-09-16,,,,,12.369999885559082,12.369999885559082,,
2026-09-09,VSME,1,2026-09-10,0.9399999976158142,0.9399999976158142,0.9200000166893004,0.9200000166893004,0.9480000138282776,0.9399999976158142,-2.9535861530112895,-2.1276575507703344
2026-09-09,VSME,2,2026-09-11,0.9319999814033508,1.0700000524520874,0.9200000166893004,1.0700000524520874,0.9480000138282776,0.9399999976158142,12.869202198757467,13.829793102766086
2026-09-09,VSME,3,2026-09-14,1.2899999618530271,1.440000057220459,1.2200000286102295,1.2999999523162842,0.9480000138282776,0.9399999976158142,37.13079465753768,38.297867618464075
2026-09-09,VSME,4,2026-09-15,1.1399999856948853,1.159999966621399,0.9399999976158142,1.0199999809265137,0.9480000138282776,0.9399999976158142,7.594933127424852,8.510636544000949
2026-09-09,VSME,5,2026-09-16,,,,,0.9480000138282776,0.9399999976158142,,
2026-09-09,VSNT,1,2026-09-10,37.18000030517578,37.720001220703125,37.0099983215332,37.36000061035156,37.209999084472656,37.18000030517578,0.40312155218917844,0.48413207019453175
2026-09-09,VSNT,2,2026-09-11,37.36000061035156,37.61000061035156,36.81999969482422,37.18999862670898,37.209999084472656,37.18000030517578,-0.053750223745707704,0.02689166608695892
2026-09-09,VSNT,3,2026-09-14,37.2400016784668,38.119998931884766,37.13999938964844,37.56499862670898,37.209999084472656,37.18000030517578,0.9540434049203128,1.0354984356457875
2026-09-09,VSNT,4,2026-09-15,37.459999084472656,37.81499862670898,37.150001525878906,37.4900016784668,37.209999084472656,37.18000030517578,0.7524928806326825,0.83378528979694
2026-09-09,VSNT,5,2026-09-16,,,,,37.209999084472656,37.18000030517578,,
2026-09-09,VWAV,1,2026-09-10,0.4399999976158142,0.550000011920929,0.4309999942779541,0.4850000143051147,0.4580000042915344,0.4399999976158142,5.895198637682486,10.227276575713118
2026-09-09,VWAV,2,2026-09-11,0.4830000102519989,0.4869999885559082,0.4449999928474426,0.4670000076293945,0.4580000042915344,0.4399999976158142,1.9650662125608287,6.13636594542788
2026-09-09,VWAV,3,2026-09-14,0.4040000140666961,0.4699999988079071,0.4040000140666961,0.453000009059906,0.4580000042915344,0.4399999976158142,-1.0917020054099669,2.9545480714849415
2026-09-09,VWAV,4,2026-09-15,0.4199999868869781,0.5789999961853027,0.4199999868869781,0.5320000052452087,0.4580000042915344,0.4399999976158142,16.15720529700486,20.909092756342297
2026-09-09,VWAV,5,2026-09-16,,,,,0.4580000042915344,0.4399999976158142,,
2026-09-09,WDAY,1,2026-09-10,185.7700042724609,188.05999755859372,183.7400054931641,185.08999633789065,186.0500030517578,185.7700042724609,-0.5159939253535417,-0.3660482957048905
2026-09-09,WDAY,2,2026-09-11,185.4199981689453,188.57000732421875,184.2700042724609,185.6999969482422,186.0500030517578,185.7700042724609,-0.1881247502147354,-0.037684945151883475
2026-09-09,WDAY,3,2026-09-14,191.72999572753903,195.9199981689453,189.1699981689453,194.2100067138672,186.0500030517578,185.7700042724609,4.385919660447035,4.543253618613097
2026-09-09,WDAY,4,2026-09-15,191.5,194.75999450683597,190.19000244140625,190.6699981689453,186.0500030517578,185.7700042724609,2.483200774741312,2.6376668912047707
2026-09-09,WDAY,5,2026-09-16,,,,,186.0500030517578,185.7700042724609,,
2026-09-09,WETO,1,2026-09-10,2.3399999141693115,2.799999952316284,2.3299999237060547,2.5799999237060547,2.4100000858306885,2.3399999141693115,7.053934930328842,10.256411040166302
2026-09-09,WETO,2,2026-09-11,2.5,2.559999942779541,2.3499999046325684,2.440000057220459,2.4100000858306885,2.3399999141693115,1.2448120465286205,4.2735105435526055
2026-09-09,WETO,3,2026-09-14,2.390000104904175,2.400000095367432,2.299999952316284,2.3299999237060547,2.4100000858306885,2.3399999141693115,-3.319508683629735,-0.4273500354724069
2026-09-09,WETO,4,2026-09-15,2.2300000190734863,2.25,1.8600000143051147,2.009999990463257,2.4100000858306885,2.3399999141693115,-16.597513739488434,-14.102561359417953
2026-09-09,WETO,5,2026-09-16,,,,,2.4100000858306885,2.3399999141693115,,
2026-09-09,WFF,1,2026-09-10,1.870000004768372,1.950000047683716,1.8600000143051147,1.8600000143051147,1.8799999952316284,1.870000004768372,-1.063828775385156,-0.5347588469389319
2026-09-09,WFF,2,2026-09-11,1.8600000143051147,2.193000078201294,1.850000023841858,2.0299999713897705,1.8799999952316284,1.870000004768372,7.978722156308371,8.556147925850777
2026-09-09,WFF,3,2026-09-14,1.9700000286102293,2.069999933242798,1.9600000381469729,1.9700000286102293,1.8799999952316284,1.870000004768372,4.787235830152881,5.347594844217318
2026-09-09,WFF,4,2026-09-15,1.9900000095367432,2.009999990463257,1.950000047683716,1.9800000190734863,1.8799999952316284,1.870000004768372,5.319150217845459,5.882353691156239
2026-09-09,WFF,5,2026-09-16,,,,,1.8799999952316284,1.870000004768372,,
2026-09-09,WIMI,1,2026-09-10,1.1100000143051147,1.1299999952316284,1.0299999713897705,1.0399999618530271,1.100000023841858,1.1100000143051147,-5.454550971669503,-6.306310950447081
2026-09-09,WIMI,2,2026-09-11,1.0700000524520874,1.0700000524520874,1.0,1.0299999713897705,1.100000023841858,1.1100000143051147,-6.363640994079745,-7.207210980571565
2026-09-09,WIMI,3,2026-09-14,1.0299999713897705,1.1200000047683716,1.0099999904632568,1.059999942779541,1.100000023841858,1.1100000143051147,-3.636370926848953,-4.504510890198043
2026-09-09,WIMI,4,2026-09-15,1.0299999713897705,1.0499999523162842,1.0,1.0199999809265137,1.100000023841858,1.1100000143051147,-7.272731016490008,-8.108111010696085
2026-09-09,WIMI,5,2026-09-16,,,,,1.100000023841858,1.1100000143051147,,
2026-09-09,WKSP,1,2026-09-10,0.5189999938011169,0.5199999809265137,0.4550000131130218,0.460999995470047,0.5,0.5189999938011169,-7.800000905990601,-11.175336998808483
2026-09-09,WKSP,2,2026-09-11,0.4799999892711639,0.488999992609024,0.4429999887943268,0.4600000083446502,0.5,0.5189999938011169,-7.999998331069957,-11.36801274781436
2026-09-09,WKSP,3,2026-09-14,0.4600000083446502,0.4769999980926513,0.4429999887943268,0.4600000083446502,0.5,0.5189999938011169,-7.999998331069957,-11.36801274781436
2026-09-09,WKSP,4,2026-09-15,0.449999988079071,0.4600000083446502,0.4339999854564667,0.4440000057220459,0.5,0.5189999938011169,-11.19999885559082,-14.45086492771932
2026-09-09,WKSP,5,2026-09-16,,,,,0.5,0.5189999938011169,,
2026-09-09,WLDS,1,2026-09-10,1.690000057220459,1.8899999856948853,1.659000039100647,1.7699999809265137,1.690000057220459,1.690000057220459,4.733723135940626,4.733723135940626
2026-09-09,WLDS,2,2026-09-11,1.7899999618530271,1.850000023841858,1.649999976158142,1.659999966621399,1.690000057220459,1.690000057220459,-1.775153229781612,-1.775153229781612
2026-09-09,WLDS,3,2026-09-14,1.649999976158142,1.649999976158142,1.5499999523162842,1.559999942779541,1.690000057220459,1.690000057220459,-7.692314203511275,-7.692314203511275
2026-09-09,WLDS,4,2026-09-15,1.5299999713897705,1.6299999952316284,1.5,1.5800000429153442,1.690000057220459,1.690000057220459,-6.508876365722238,-6.508876365722238
2026-09-09,WLDS,5,2026-09-16,,,,,1.690000057220459,1.690000057220459,,
2026-09-09,WLYB,1,2026-09-10,48.380001068115234,48.380001068115234,48.380001068115234,48.380001068115234,48.380001068115234,48.380001068115234,0.0,0.0
2026-09-09,WLYB,2,2026-09-11,48.0,48.0,48.0,48.0,48.380001068115234,48.380001068115234,-0.785450722872505,-0.785450722872505
2026-09-09,WLYB,3,2026-09-14,48.0,48.0,48.0,48.0,48.380001068115234,48.380001068115234,-0.785450722872505,-0.785450722872505
2026-09-09,WLYB,4,2026-09-15,48.0,48.0,48.0,48.0,48.380001068115234,48.380001068115234,-0.785450722872505,-0.785450722872505
2026-09-09,WLYB,5,2026-09-16,,,,,48.380001068115234,48.380001068115234,,
2026-09-09,WXM,1,2026-09-10,4.079999923706055,4.170000076293945,3.849999904632568,4.170000076293945,4.039999961853027,4.079999923706055,3.2178246452579273,2.2058861340894076
2026-09-09,WXM,2,2026-09-11,4.179999828338623,4.949999809265137,3.7799999713897705,4.0,4.039999961853027,4.079999923706055,-0.9900980750178201,-1.960782480441492
2026-09-09,WXM,3,2026-09-14,4.0,4.03000020980835,3.7799999713897705,3.940000057220459,4.039999961853027,4.079999923706055,-2.475245187544539,-3.4313693407726165
2026-09-09,WXM,4,2026-09-15,3.859999895095825,3.859999895095825,3.7160000801086426,3.809999942779541,4.039999961853027,4.079999923706055,-5.693069832802477,-6.617646715082781
2026-09-09,WXM,5,2026-09-16,,,,,4.039999961853027,4.079999923706055,,
2026-09-09,XAIR,1,2026-09-10,3.1600000858306885,3.193000078201294,3.062999963760376,3.069999933242798,3.180000066757202,3.1600000858306885,-3.459123622804716,-2.8481060171943517
2026-09-09,XAIR,2,2026-09-11,3.0899999141693115,3.289999961853028,3.069999933242798,3.200000047683716,3.180000066757202,3.1600000858306885,0.6289302046118772,1.2658215432457043
2026-09-09,XAIR,3,2026-09-14,3.240000009536743,3.2799999713897705,3.0999999046325684,3.140000104904175,3.180000066757202,3.1600000858306885,-1.2578604092237433,-0.6329107716228521
2026-09-09,XAIR,4,2026-09-15,3.1600000858306885,3.203000068664551,3.0799999237060547,3.130000114440918,3.180000066757202,3.1600000858306885,-1.5723255115296708,-0.9493661574342727
2026-09-09,XAIR,5,2026-09-16,,,,,3.180000066757202,3.1600000858306885,,
2026-09-09,XBP,1,2026-09-10,2.869999885559082,3.0999999046325684,2.809999942779541,2.819999933242798,2.815000057220459,2.869999885559082,0.1776154856378831,-1.7421586867605088
2026-09-09,XBP,2,2026-09-11,2.8399999141693115,3.0,2.799999952316284,2.8299999237060547,2.815000057220459,2.869999885559082,0.5328549264900007,-1.3937269494084026
2026-09-09,XBP,3,2026-09-14,2.75,3.059999942779541,2.6700000762939453,2.990000009536743,2.815000057220459,2.869999885559082,6.216694449700277,4.1811891554931035
2026-09-09,XBP,4,2026-09-15,2.990000009536743,3.0299999713897705,2.940000057220459,2.950000047683716,2.815000057220459,2.869999885559082,4.795736686291807,2.787462206084701
2026-09-09,XBP,5,2026-09-16,,,,,2.815000057220459,2.869999885559082,,
2026-09-09,XERS,1,2026-09-10,7.800000190734863,7.989999771118164,7.630000114440918,7.670000076293945,7.710000038146973,7.800000190734863,-0.5188062471480959,-1.6666680931025746
2026-09-09,XERS,2,2026-09-11,7.889999866485596,7.889999866485596,7.400000095367432,7.449999809265137,7.710000038146973,7.800000190734863,-3.3722467911209586,-4.487184268091049
2026-09-09,XERS,3,2026-09-14,7.599999904632568,7.690000057220459,7.519999980926514,7.570000171661377,7.710000038146973,7.800000190734863,-1.8158218650183522,-2.948718121144267
2026-09-09,XERS,4,2026-09-15,7.570000171661377,7.579999923706055,7.409999847412109,7.489999771118164,7.710000038146973,7.800000190734863,-2.8534405439728627,-3.9743642568743742
2026-09-09,XERS,5,2026-09-16,,,,,7.710000038146973,7.800000190734863,,
2026-09-09,XMTR,1,2026-09-10,83.98999786376953,86.44000244140625,83.2699966430664,84.8499984741211,85.58999633789062,83.98999786376953,-0.8645845255655593,1.0239321731457585
2026-09-09,XMTR,2,2026-09-11,85.77999877929688,87.30899810791016,85.08000183105469,86.11000061035156,85.58999633789062,83.98999786376953,0.6075526284731625,2.5241133474257715
2026-09-09,XMTR,3,2026-09-14,85.2699966430664,87.27999877929688,83.61000061035156,85.02999877929688,85.58999633789062,83.98999786376953,-0.6542792178457435,1.2382437694714588
2026-09-09,XMTR,4,2026-09-15,84.41999816894531,87.6500015258789,84.41999816894531,87.58499908447266,85.58999633789062,83.98999786376953,2.3308830844041672,4.280273023145154
2026-09-09,XMTR,5,2026-09-16,,,,,85.58999633789062,83.98999786376953,,
2026-09-09,XNDU,1,2026-09-10,9.050000190734863,9.329999923706056,8.920000076293945,8.979999542236328,9.050000190734863,9.050000190734863,-0.773487812411322,-0.773487812411322
2026-09-09,XNDU,2,2026-09-11,9.0,9.09000015258789,8.600000381469727,8.619999885559082,9.050000190734863,9.050000190734863,-4.751384487439059,-4.751384487439059
2026-09-09,XNDU,3,2026-09-14,8.369999885559082,8.460000038146973,8.020000457763672,8.020000457763672,9.050000190734863,9.050000190734863,-11.381212279151953,-11.381212279151953
2026-09-09,XNDU,4,2026-09-15,8.0,8.039999961853027,7.659999847412109,7.800000190734863,9.050000190734863,9.050000190734863,-13.812154405032118,-13.812154405032118
2026-09-09,XNDU,5,2026-09-16,,,,,9.050000190734863,9.050000190734863,,
2026-09-09,XPOF,1,2026-09-10,3.900000095367432,4.090000152587891,3.765000104904175,4.039999961853027,4.03000020980835,3.900000095367432,0.2481327921606491,3.5897400785167344
2026-09-09,XPOF,2,2026-09-11,4.039999961853027,4.179999828338623,3.944999933242798,4.110000133514404,4.03000020980835,3.900000095367432,1.9851096660329803,5.384616231071848
2026-09-09,XPOF,3,2026-09-14,4.110000133514404,4.110000133514404,3.849999904632568,3.990000009536743,4.03000020980835,3.900000095367432,-0.9925607491099497,2.307690050475042
2026-09-09,XPOF,4,2026-09-15,3.950000047683716,3.9800000190734863,3.775000095367432,3.829999923706055,4.03000020980835,3.900000095367432,-4.962785997269359,-1.794876152555125
2026-09-09,XPOF,5,2026-09-16,,,,,4.03000020980835,3.900000095367432,,
2026-09-09,XPON,1,2026-09-10,5.400000095367432,5.724999904632568,5.139999866485596,5.190000057220459,5.5,5.400000095367432,-5.636362595991651,-3.888889526634043
2026-09-09,XPON,2,2026-09-11,5.25,5.400000095367432,5.050000190734863,5.070000171661377,5.5,5.400000095367432,-7.8181786970658695,-6.1111095903341965
2026-09-09,XPON,3,2026-09-14,5.0,5.041999816894531,4.570000171661377,4.590000152587891,5.5,5.400000095367432,-16.54545177112926,-14.999998675452364
2026-09-09,XPON,4,2026-09-15,4.630000114440918,5.130000114440918,4.610000133514404,4.960000038146973,5.5,5.400000095367432,-9.8181811246005,-8.14814906388479
2026-09-09,XPON,5,2026-09-16,,,,,5.5,5.400000095367432,,
2026-09-09,XTNT,1,2026-09-10,0.3400000035762787,0.3600000143051147,0.3199999928474426,0.3400000035762787,0.3400000035762787,0.3400000035762787,0.0,0.0
2026-09-09,XTNT,2,2026-09-11,0.3400000035762787,0.3499999940395355,0.3199999928474426,0.3499999940395355,0.3400000035762787,0.3400000035762787,2.9411736347271455,2.9411736347271455
2026-09-09,XTNT,3,2026-09-14,0.3300000131130218,0.3400000035762787,0.3199999928474426,0.3300000131130218,0.3400000035762787,0.3400000035762787,-2.9411736347271566,-2.9411736347271566
2026-09-09,XTNT,4,2026-09-15,0.3300000131130218,0.3300000131130218,0.3199999928474426,0.3199999928474426,0.3400000035762787,0.3400000035762787,-5.8823560348431165,-5.8823560348431165
2026-09-09,XTNT,5,2026-09-16,0.3300000131130218,0.3400000035762787,0.3199999928474426,0.3199999928474426,0.3400000035762787,0.3400000035762787,-5.8823560348431165,-5.8823560348431165
2026-09-09,Z,1,2026-09-10,31.729999542236328,31.94300079345703,31.049999237060547,31.25,32.13999938964844,31.729999542236328,-2.7691331877718883,-1.5127625249328869
2026-09-09,Z,2,2026-09-11,31.649999618530277,32.65999984741211,31.200000762939453,32.5,32.13999938964844,31.729999542236328,1.1201014847172397,2.426726974069804
2026-09-09,Z,3,2026-09-14,32.689998626708984,33.540000915527344,32.5099983215332,33.18000030517578,32.13999938964844,31.729999542236328,3.235846096071504,4.569810223316684
2026-09-09,Z,4,2026-09-15,32.88999938964844,33.05500030517578,32.099998474121094,32.52000045776367,32.13999938964844,31.729999542236328,1.1823306637573472,2.489760248737971
2026-09-09,Z,5,2026-09-16,,,,,32.13999938964844,31.729999542236328,,
2026-09-09,ZBAO,1,2026-09-10,0.1500000059604644,0.1509999930858612,0.1449999958276748,0.1480000019073486,0.1519999951124191,0.1500000059604644,-2.6315745616387054,-1.3333359824285185
2026-09-09,ZBAO,2,2026-09-11,0.1519999951124191,0.1570000052452087,0.1449999958276748,0.1490000039339065,0.1519999951124191,0.1500000059604644,-1.9736784703800914,-0.6666679912142537
2026-09-09,ZBAO,3,2026-09-14,0.1449999958276748,0.1459999978542328,0.0890000015497207,0.1150000020861625,0.1519999951124191,0.1500000059604644,-24.34210145789244,-23.33333498901785
2026-09-09,ZBAO,4,2026-09-15,0.1089999973773956,0.1120000034570694,0.1000000014901161,0.1049999967217445,0.1519999951124191,0.1500000059604644,-30.921052567082942,-30.000004967053517
2026-09-09,ZBAO,5,2026-09-16,,,,,0.1519999951124191,0.1500000059604644,,
2026-09-09,ZG,1,2026-09-10,32.45000076293945,32.52000045776367,31.75,31.8799991607666,32.810001373291016,32.45000076293945,-2.834508301122729,-1.756553432269381
2026-09-09,ZG,2,2026-09-11,32.529998779296875,33.41999816894531,31.899999618530277,33.22999954223633,32.810001373291016,32.45000076293945,1.2800918968787656,2.4036941786075294
2026-09-09,ZG,3,2026-09-14,33.56999969482422,34.18000030517578,33.15999984741211,33.83000183105469,32.810001373291016,32.45000076293945,3.1088095552290973,4.252699647672453
2026-09-09,ZG,4,2026-09-15,33.58000183105469,33.7400016784668,32.7400016784668,33.18000030517578,32.810001373291016,32.45000076293945,1.1277016653402638,2.249613328422617
2026-09-09,ZG,5,2026-09-16,32.939998626708984,32.95000076293945,31.76000022888184,32.0,32.810001373291016,32.45000076293945,-2.4687636067897145,-1.3867511628948614
2026-09-09,ZSTK,1,2026-09-10,4.059999942779541,5.210000038146973,4.059999942779541,4.900000095367432,4.235000133514404,4.059999942779541,15.702477943045047,20.68965922233026
2026-09-09,ZSTK,2,2026-09-11,4.989999771118164,5.059999942779541,4.656000137329102,4.840000152587891,4.235000133514404,4.059999942779541,14.28571428571428,19.21182809855777
2026-09-09,ZSTK,3,2026-09-14,4.829999923706055,5.0,4.626999855041504,4.849999904632568,4.235000133514404,4.059999942779541,14.52183593221774,19.458127413474323
2026-09-09,ZSTK,4,2026-09-15,4.800000190734863,5.0,4.5,4.71999979019165,4.235000133514404,4.059999942779541,11.452175711616096,16.25615410625505
2026-09-09,ZSTK,5,2026-09-16,,,,,4.235000133514404,4.059999942779541,,
2026-09-10,ABCL,1,2026-09-11,10.550000190734863,10.954999923706056,10.31999969482422,10.890000343322754,10.460000038146973,10.550000190734863,4.110901564126168,3.222750203232061
2026-09-10,ABCL,2,2026-09-14,10.65999984741211,11.30500030517578,10.65999984741211,11.170000076293944,10.460000038146973,10.550000190734863,6.78776324624899,5.876776060189748
2026-09-10,ABCL,3,2026-09-15,11.170000076293944,11.6899995803833,10.899999618530272,11.40999984741211,10.460000038146973,10.550000190734863,9.08221611664002,8.15165536615352
2026-09-10,ABCL,4,2026-09-16,,,,,10.460000038146973,10.550000190734863,,
2026-09-10,AEO,1,2026-09-11,14.710000038146973,15.100000381469728,14.479999542236328,15.020000457763672,14.529999732971191,14.710000038146973,3.3723381541472364,2.1074127723506697
2026-09-10,AEO,2,2026-09-14,14.850000381469728,15.670000076293944,14.609999656677246,15.43000030517578,14.529999732971191,14.710000038146973,6.1940852632111465,4.8946313063334745
2026-09-10,AEO,3,2026-09-15,15.34000015258789,15.449999809265137,14.609999656677246,14.8100004196167,14.529999732971191,14.710000038146973,1.927052249079786,0.6798122448021582
2026-09-10,AEO,4,2026-09-16,14.81999969482422,15.210000038146973,14.630000114440918,14.8100004196167,14.529999732971191,14.710000038146973,1.927052249079786,0.6798122448021582
2026-09-10,AFRM,1,2026-09-11,68.62999725341797,71.4800033569336,67.875,71.44000244140625,67.98999786376953,68.62999725341797,5.074282521010565,4.094427073357254
2026-09-10,AFRM,2,2026-09-14,72.2300033569336,74.0,71.70999908447266,73.37999725341797,67.98999786376953,68.62999725341797,7.9276357684968435,6.921171776330559
2026-09-10,AFRM,3,2026-09-15,73.5,74.9000015258789,71.44000244140625,72.08999633789062,67.98999786376953,68.62999725341797,6.0302965185205615,5.04152589675404
2026-09-10,AFRM,4,2026-09-16,,,,,67.98999786376953,68.62999725341797,,
2026-09-10,AGCO,1,2026-09-11,123.9000015258789,126.0500030517578,120.7300033569336,121.0999984741211,121.93000030517578,123.9000015258789,-0.6807199450318158,-2.2598894408996206
2026-09-10,AGCO,2,2026-09-14,119.23999786376952,123.76000213623048,118.83999633789062,122.3000030517578,121.93000030517578,123.9000015258789,0.303455052617041,-1.2913627557840757
2026-09-10,AGCO,3,2026-09-15,122.41000366210938,125.5999984741211,122.05999755859376,123.79000091552734,121.93000030517578,123.9000015258789,1.52546592774232,-0.08878176674483873
2026-09-10,AGCO,4,2026-09-16,123.72000122070312,124.26000213623048,118.0,119.88999938964844,121.93000030517578,123.9000015258789,-1.6730918645300408,-3.236482717389555
2026-09-10,AMGN,1,2026-09-11,386.1400146484375,386.989990234375,377.2200012207031,377.3500061035156,382.4700012207031,386.1400146484375,-1.3386658040751898,-2.2763785703288963
2026-09-10,AMGN,2,2026-09-14,381.9400024414063,384.6099853515625,376.760009765625,381.5,382.4700012207031,386.1400146484375,-0.2536149809415744,-1.2016404600445285
2026-09-10,AMGN,3,2026-09-15,380.2300109863281,381.0400085449219,375.1499938964844,375.6499938964844,382.4700012207031,386.1400146484375,-1.7831482998540538,-2.716636544778661
2026-09-10,AMGN,4,2026-09-16,377.010009765625,379.1099853515625,374.4599914550781,376.3500061035156,382.4700012207031,386.1400146484375,-1.600124218279797,-2.5353519898307364
2026-09-10,ANF,1,2026-09-11,145.75999450683594,148.0,143.7899932861328,145.22999572753906,142.92999267578125,145.75999450683594,1.609181536149018,-0.36361059225480385
2026-09-10,ANF,2,2026-09-14,143.16000366210938,144.9499969482422,140.52000427246094,140.6199951171875,142.92999267578125,145.75999450683594,-1.6161741250723227,-3.5263443903377656
2026-09-10,ANF,3,2026-09-15,140.14999389648438,141.0,134.6999969482422,135.1699981689453,142.92999267578125,145.75999450683594,-5.429227527100289,-7.265365489152764
2026-09-10,ANF,4,2026-09-16,135.52000427246094,142.8300018310547,135.11000061035156,139.88999938964844,142.92999267578125,145.75999450683594,-2.1269106848893937,-4.027164749181034
2026-09-10,APG,1,2026-09-11,37.81999969482422,38.209999084472656,36.959999084472656,37.86000061035156,37.380001068115234,37.81999969482422,1.2841078879630263,0.10576656755716396
2026-09-10,APG,2,2026-09-14,36.970001220703125,37.34999847412109,36.150001525878906,37.119998931884766,37.380001068115234,37.81999969482422,-0.6955648175522633,-1.850874586430129
2026-09-10,APG,3,2026-09-15,37.25,37.369998931884766,36.61000061035156,36.970001220703125,37.380001068115234,37.81999969482422,-1.0968427921256407,-2.247484085086915
2026-09-10,APG,4,2026-09-16,,,,,37.380001068115234,37.81999969482422,,
2026-09-10,BBWI,1,2026-09-11,18.0,18.63999938964844,17.989999771118164,18.56999969482422,17.450000762939453,18.0,6.418331707259495,3.1666649712456696
2026-09-10,BBWI,2,2026-09-14,18.290000915527344,18.31999969482422,17.729999542236328,17.90999984741211,17.450000762939453,18.0,2.636097790033398,-0.5000008477105022
2026-09-10,BBWI,3,2026-09-15,17.90999984741211,18.010000228881836,16.600000381469727,16.719999313354492,17.450000762939453,18.0,-4.183389212998478,-7.111114925808382
2026-09-10,BBWI,4,2026-09-16,16.719999313354492,17.350000381469727,16.700000762939453,16.729999542236328,17.450000762939453,18.0,-4.126081313602425,-7.055558098687065
2026-09-10,BETA,1,2026-09-11,20.25,21.479999542236328,20.19499969482422,21.170000076293945,19.88999938964844,20.25,6.435398320382402,4.543210253303442
2026-09-10,BETA,2,2026-09-14,20.75,21.51499938964844,20.450000762939453,20.68000030517578,19.88999938964844,20.25,3.9718498731502683,2.12345829716436
2026-09-10,BETA,3,2026-09-15,20.649999618530277,21.30500030517578,20.05500030517578,20.65999984741211,19.88999938964844,20.25,3.871294526858593,2.0246906045042534
2026-09-10,BETA,4,2026-09-16,,,,,19.88999938964844,20.25,,
2026-09-10,BKNG,1,2026-09-11,176.61000061035156,176.77999877929688,171.52999877929688,173.9199981689453,173.91000366210938,176.61000061035156,0.005746941881135115,-1.5231314376931038
2026-09-10,BKNG,2,2026-09-14,176.1199951171875,182.0,174.57000732421875,175.35000610351562,173.91000366210938,176.61000061035156,0.8280158766508006,-0.7134332724542669
2026-09-10,BKNG,3,2026-09-15,173.77999877929688,175.0,169.89999389648438,171.32000732421875,173.91000366210938,176.61000061035156,-1.4892739252209686,-2.995296567493899
2026-09-10,BKNG,4,2026-09-16,171.33999633789062,173.69000244140625,170.0399932861328,171.39999389648438,173.91000366210938,176.61000061035156,-1.4432808422577659,-2.9500066224232957
2026-09-10,BKR,1,2026-09-11,59.9900016784668,60.16999816894531,57.2400016784668,59.060001373291016,59.400001525878906,59.9900016784668,-0.5723908145688572,-1.5502588417322882
2026-09-10,BKR,2,2026-09-14,58.470001220703125,58.9900016784668,56.25,56.77999877929688,59.400001525878906,59.9900016784668,-4.410778921344916,-5.350896498344548
2026-09-10,BKR,3,2026-09-15,57.16999816894531,57.47999954223633,56.02999877929688,56.720001220703125,59.400001525878906,59.9900016784668,-4.5117849096488305,-5.450909095302503
2026-09-10,BKR,4,2026-09-16,56.33000183105469,57.22999954223633,55.43999862670898,56.31999969482422,59.400001525878906,59.9900016784668,-5.185188134570695,-6.117689416501404
2026-09-10,BLDR,1,2026-09-11,59.27000045776367,61.02000045776367,58.40999984741211,60.369998931884766,58.970001220703125,59.27000045776367,2.374084589115011,1.8559110268692613
2026-09-10,BLDR,2,2026-09-14,59.540000915527344,61.47999954223633,59.470001220703125,60.2400016784668,58.970001220703125,59.27000045776367,2.1536381744516664,1.636580417093736
2026-09-10,BLDR,3,2026-09-15,60.22999954223633,60.630001068115234,59.04999923706055,60.20000076293945,58.970001220703125,59.27000045776367,2.085805522765538,1.569091105100484
2026-09-10,BLDR,4,2026-09-16,60.66999816894531,61.63999938964844,59.150001525878906,59.650001525878906,58.970001220703125,59.27000045776367,1.1531292031532914,0.6411355916658534
2026-09-10,BOOT,1,2026-09-11,142.7899932861328,145.77000427246094,141.72000122070312,144.38999938964844,140.67999267578125,142.7899932861328,2.6371956973423094,1.1205309746807002
2026-09-10,BOOT,2,2026-09-14,141.91000366210938,145.49000549316406,141.6199951171875,142.83999633789062,140.67999267578125,142.7899932861328,1.5354021712863153,0.03501859661665385
2026-09-10,BOOT,3,2026-09-15,142.0,143.51499938964844,126.8000030517578,128.3699951171875,140.67999267578125,142.7899932861328,-8.750354136685267,-10.098745603306725
2026-09-10,BOOT,4,2026-09-16,,,,,140.67999267578125,142.7899932861328,,
2026-09-10,BRKR,1,2026-09-11,53.77000045776367,54.33000183105469,53.08000183105469,53.43000030517578,53.560001373291016,53.77000045776367,-0.24272043461907034,-0.6323231350071512
2026-09-10,BRKR,2,2026-09-14,53.11000061035156,53.619998931884766,51.540000915527344,52.65999984741211,53.560001373291016,53.77000045776367,-1.6803612823051872,-2.064349267066623
2026-09-10,BRKR,3,2026-09-15,52.869998931884766,56.34000015258789,52.86000061035156,55.75,53.560001373291016,53.77000045776367,4.088869623892655,3.682349870522361
2026-09-10,BRKR,4,2026-09-16,56.63999938964844,61.720001220703125,56.61000061035156,60.66999816894531,53.560001373291016,53.77000045776367,13.27482564106106,12.832430077067958
2026-09-10,BRO,1,2026-09-11,67.05999755859375,67.2699966430664,65.41000366210938,66.19000244140625,66.33000183105469,67.05999755859375,-0.21106495670695224,-1.2973384265744126
2026-09-10,BRO,2,2026-09-14,67.47000122070312,68.69999694824219,67.02999877929688,68.33000183105469,66.33000183105469,67.05999755859375,3.015226812587901,1.8938328641471713
2026-09-10,BRO,3,2026-09-15,67.7699966430664,68.48999786376953,67.1500015258789,67.2300033569336,66.33000183105469,67.05999755859375,1.3568543661000465,0.25351298021045743
2026-09-10,BRO,4,2026-09-16,66.37999725341797,67.1500015258789,65.51000213623047,65.87999725341797,66.33000183105469,67.05999755859375,-0.6784329341387618,-1.7596187714512768
2026-09-10,BSX,1,2026-09-11,43.18999862670898,43.54999923706055,42.79999923706055,42.97999954223633,43.09999847412109,43.18999862670898,-0.2784198054132436,-0.4862215585781149
2026-09-10,BSX,2,2026-09-14,44.0,45.150001525878906,43.84999847412109,45.04999923706055,43.09999847412109,43.18999862670898,4.524363879294135,4.306553992806417
2026-09-10,BSX,3,2026-09-15,44.31999969482422,44.9900016784668,43.68000030517578,43.869998931884766,43.09999847412109,43.18999862670898,1.7865440487800033,1.574439284087581
2026-09-10,BSX,4,2026-09-16,43.84999847412109,44.66999816894531,43.650001525878906,43.90999984741211,43.09999847412109,43.18999862670898,1.8793536008530953,1.6670554378250824
2026-09-10,BURL,1,2026-09-11,238.9900054931641,239.9499969482422,236.27999877929688,239.0399932861328,238.0399932861328,238.9900054931641,0.4200974744600794,0.020916269224557915
2026-09-10,BURL,2,2026-09-14,238.3999938964844,238.4199981689453,231.88999938964844,232.2400054931641,238.0399932861328,238.9900054931641,-2.4365602237254813,-2.8243858926531806
2026-09-10,BURL,3,2026-09-15,233.75,234.5,226.8500061035156,227.27999877929688,238.0399932861328,238.9900054931641,-4.520246517526161,-4.899789298595647
2026-09-10,BURL,4,2026-09-16,,,,,238.0399932861328,238.9900054931641,,
2026-09-10,CAPR,1,2026-09-11,8.319999694824219,8.670000076293945,8.260000228881836,8.369999885559082,8.300000190734863,8.319999694824219,0.8433697977785259,0.6009638529910877
2026-09-10,CAPR,2,2026-09-14,9.109999656677246,9.239999771118164,8.710000038146973,8.8100004196167,8.300000190734863,8.319999694824219,6.144580929662391,5.889432004394246
2026-09-10,CAPR,3,2026-09-15,8.829999923706055,8.899999618530273,8.380000114440918,8.5600004196167,8.300000190734863,8.319999694824219,3.132532806108479,2.8846242018708557
2026-09-10,CAPR,4,2026-09-16,8.579999923706055,9.06999969482422,8.40999984741211,8.5600004196167,8.300000190734863,8.319999694824219,3.132532806108479,2.8846242018708557
2026-09-10,CART,1,2026-09-11,47.43000030517578,48.834999084472656,47.10300064086914,48.72999954223633,47.2400016784668,47.43000030517578,3.1541020550994503,2.740879672561758
2026-09-10,CART,2,2026-09-14,49.22999954223633,50.220001220703125,48.57099914550781,49.47999954223633,47.2400016784668,47.43000030517578,4.741739593947947,4.3221573347467235
2026-09-10,CART,3,2026-09-15,47.0099983215332,48.54499816894531,46.720001220703125,46.810001373291016,47.2400016784668,47.43000030517578,-0.910246168284512,-1.3071872820905495
2026-09-10,CART,4,2026-09-16,,,,,47.2400016784668,47.43000030517578,,
2026-09-10,CASY,1,2026-09-11,628.47998046875,628.47998046875,606.469970703125,615.469970703125,627.6400146484375,628.47998046875,-1.9390165797713466,-2.0700754471004057
2026-09-10,CASY,2,2026-09-14,615.3499755859375,628.0900268554688,612.1799926757812,621.6099853515625,627.6400146484375,628.47998046875,-0.9607464718852654,-1.093112800834728
2026-09-10,CASY,3,2026-09-15,617.5900268554688,619.7899780273438,586.4199829101562,587.1400146484375,627.6400146484375,628.47998046875,-6.452743460387145,-6.577769715032
2026-09-10,CASY,4,2026-09-16,590.0,601.6699829101562,586.25,589.0,627.6400146484375,628.47998046875,-6.156397576097994,-6.281819898114172
2026-09-10,CAVA,1,2026-09-11,54.810001373291016,56.13999938964844,54.70000076293945,55.880001068115234,54.0,54.810001373291016,3.4814834594726562,1.9521978982208754
2026-09-10,CAVA,2,2026-09-14,55.25,56.25,54.290000915527344,54.88999938964844,54.0,54.810001373291016,1.648147017867485,0.14595514386614994
2026-09-10,CAVA,3,2026-09-15,54.20000076293945,54.3390007019043,49.720001220703125,49.9900016784668,54.0,54.810001373291016,-7.425922817654085,-8.794014913440618
2026-09-10,CAVA,4,2026-09-16,,,,,54.0,54.810001373291016,,
2026-09-10,CBRS,1,2026-09-11,192.3999938964844,196.7100067138672,189.72999572753903,191.92999267578125,191.33999633789065,192.3999938964844,0.3083497173527183,-0.2442833864932603
2026-09-10,CBRS,2,2026-09-14,179.86000061035156,185.1999969482422,177.52999877929688,181.2100067138672,191.33999633789065,192.3999938964844,-5.294235297326299,-5.816001838668294
2026-09-10,CBRS,3,2026-09-15,181.7100067138672,188.27999877929688,180.22000122070312,184.02999877929688,191.33999633789065,192.3999938964844,-3.82042317262562,-4.350309450472634
2026-09-10,CBRS,4,2026-09-16,,,,,191.33999633789065,192.3999938964844,,
2026-09-10,CDW,1,2026-09-11,144.80999755859375,154.85000610351562,144.80999755859375,153.7899932861328,142.60000610351562,144.80999755859375,7.847115500467927,6.201226351036659
2026-09-10,CDW,2,2026-09-14,153.7899932861328,154.99000549316406,148.0399932861328,151.6999969482422,142.60000610351562,144.80999755859375,6.3814799826311,4.757958363241155
2026-09-10,CDW,3,2026-09-15,151.72999572753906,154.35000610351562,150.94000244140625,153.74000549316406,142.60000610351562,144.80999755859375,7.8120609486943104,6.16670677793294
2026-09-10,CDW,4,2026-09-16,,,,,142.60000610351562,144.80999755859375,,
2026-09-10,CELC,1,2026-09-11,86.37999725341797,87.01000213623047,83.23500061035156,83.44999694824219,85.48999786376953,86.37999725341797,-2.3862451356919445,-3.391989347464175
2026-09-10,CELC,2,2026-09-14,83.44999694824219,84.90499877929688,82.48999786376953,83.52999877929688,85.48999786376953,86.37999725341797,-2.2926647952383417,-3.2993731937266513
2026-09-10,CELC,3,2026-09-15,83.6500015258789,83.6500015258789,80.62000274658203,82.69999694824219,85.48999786376953,86.37999725341797,-3.263540747741367,-4.260245915937633
2026-09-10,CELC,4,2026-09-16,,,,,85.48999786376953,86.37999725341797,,
2026-09-10,CELH,1,2026-09-11,27.549999237060547,27.90999984741211,27.18000030517578,27.21999931335449,26.6299991607666,27.549999237060547,2.2155470190818427,-1.1978218978029531
2026-09-10,CELH,2,2026-09-14,27.420000076293945,28.68000030517578,27.3700008392334,28.450000762939453,26.6299991607666,27.549999237060547,6.834403528086552,3.2667932878495787
2026-09-10,CELH,3,2026-09-15,28.170000076293945,28.309999465942383,27.40999984741211,27.6299991607666,26.6299991607666,27.549999237060547,3.7551634679481305,0.29038085633932287
2026-09-10,CELH,4,2026-09-16,28.71999931335449,28.8799991607666,28.01000022888184,28.25,26.6299991607666,27.549999237060547,6.08336796953457,2.5408376853883974
2026-09-10,CHEF,1,2026-09-11,111.8499984741211,112.9000015258789,110.05999755859376,110.4499969482422,109.7699966430664,111.8499984741211,0.6194773854160784,-1.251677733552059
2026-09-10,CHEF,2,2026-09-14,110.87000274658205,114.0,109.80999755859376,112.83999633789062,109.7699966430664,111.8499984741211,2.7967566627580265,0.8851120941218316
2026-09-10,CHEF,3,2026-09-15,112.83999633789062,114.69000244140624,105.5,106.45999908447266,109.7699966430664,111.8499984741211,-3.015393695744295,-4.818953476244825
2026-09-10,CHEF,4,2026-09-16,107.47000122070312,111.72000122070312,107.47000122070312,109.68000030517578,109.7699966430664,111.8499984741211,-0.08198628099012062,-1.9400967354035181
2026-09-10,CNM,1,2026-09-11,41.380001068115234,41.380001068115234,40.43999862670898,40.619998931884766,40.84999847412109,41.380001068115234,-0.5630343961506634,-1.836641171128628
2026-09-10,CNM,2,2026-09-14,40.209999084472656,41.20000076293945,40.02999877929688,40.810001373291016,40.84999847412109,41.380001068115234,-0.09791212319238962,-1.3774762689975462
2026-09-10,CNM,3,2026-09-15,41.130001068115234,41.52000045776367,40.27000045776367,41.08000183105469,40.84999847412109,41.380001068115234,0.5630437344552375,-0.7249860544148445
2026-09-10,CNM,4,2026-09-16,,,,,40.84999847412109,41.380001068115234,,
2026-09-10,COMP,1,2026-09-11,10.329999923706056,10.614999771118164,10.119999885559082,10.510000228881836,10.130000114440918,10.329999923706056,3.7512350458832167,1.7425005470009802
2026-09-10,COMP,2,2026-09-14,10.350000381469728,10.90999984741211,10.350000381469728,10.649999618530272,10.130000114440918,10.329999923706056,5.133262568754193,3.097770543926681
2026-09-10,COMP,3,2026-09-15,10.479999542236328,10.550000190734863,9.925000190734863,10.359999656677246,10.130000114440918,10.329999923706056,2.270479167206041,0.29041368047200145
2026-09-10,COMP,4,2026-09-16,,,,,10.130000114440918,10.329999923706056,,
2026-09-10,COO,1,2026-09-11,54.65999984741211,55.65999984741211,53.150001525878906,53.90999984741211,54.16999816894531,54.65999984741211,-0.479967381062707,-1.3721185548731918
2026-09-10,COO,2,2026-09-14,54.77999877929688,54.9900016784668,53.59999847412109,54.220001220703125,54.16999816894531,54.65999984741211,0.09230764897179,-0.8049737064348306
2026-09-10,COO,3,2026-09-15,54.400001525878906,54.79999923706055,52.970001220703125,53.27000045776367,54.16999816894531,54.65999984741211,-1.6614320502185143,-2.5429919383987087
2026-09-10,COO,4,2026-09-16,54.369998931884766,55.119998931884766,53.91999816894531,54.61000061035156,54.16999816894531,54.65999984741211,0.8122622416083081,-0.09147317453370718
2026-09-10,CRCL,1,2026-09-11,92.0,95.8000030517578,90.13999938964844,90.5999984741211,90.31999969482422,92.0,0.3100075069120356,-1.5217407889988155
2026-09-10,CRCL,2,2026-09-14,92.1050033569336,97.75,92.0,97.41999816894533,90.31999969482422,92.0,7.860937221114694,5.891302357549266
2026-09-10,CRCL,3,2026-09-15,92.3000030517578,93.29000091552734,84.80000305175781,86.30000305175781,90.31999969482422,92.0,-4.450837750940306,-6.1956488567849854
2026-09-10,CRCL,4,2026-09-16,,,,,90.31999969482422,92.0,,
2026-09-10,CRDO,1,2026-09-11,162.8800048828125,164.8000030517578,160.44000244140625,162.9499969482422,160.30999755859375,162.8800048828125,1.646808951315415,0.0429715516524265
2026-09-10,CRDO,2,2026-09-14,153.6909942626953,154.11000061035156,149.13999938964844,150.08999633789062,160.30999755859375,162.8800048828125,-6.375149009011549,-7.852411690510397
2026-09-10,CRDO,3,2026-09-15,153.0,154.74000549316406,149.6999969482422,150.38999938964844,160.30999755859375,162.8800048828125,-6.188009681254925,-7.66822514657356
2026-09-10,CRDO,4,2026-09-16,,,,,160.30999755859375,162.8800048828125,,
2026-09-10,DKS,1,2026-09-11,132.1999969482422,135.6999969482422,131.17999267578125,135.02999877929688,131.88999938964844,132.1999969482422,2.3807714035783745,2.1406973497606563
2026-09-10,DKS,2,2026-09-14,131.8699951171875,133.6699981689453,130.42999267578125,130.77000427246094,131.88999938964844,132.1999969482422,-0.849188810653223,-1.0816888871344799
2026-09-10,DKS,3,2026-09-15,130.0,130.99000549316406,122.94000244140624,123.72000122070312,131.88999938964844,132.1999969482422,-6.194554709798982,-6.4145203655784355
2026-09-10,DKS,4,2026-09-16,124.5,126.18000030517578,122.76000213623048,123.6500015258789,131.88999938964844,132.1999969482422,-6.247629010464806,-6.467470211599702
2026-09-10,DLTR,1,2026-09-11,119.95999908447266,120.58999633789062,116.25,118.16999816894533,118.66000366210938,119.95999908447266,-0.41294916403286086,-1.49216482926684
2026-09-10,DLTR,2,2026-09-14,118.16999816894533,120.8000030517578,117.2300033569336,119.16999816894533,118.66000366210938,119.95999908447266,0.42979478433877727,-0.6585536191701991
2026-09-10,DLTR,3,2026-09-15,117.68000030517578,118.5,112.05999755859376,112.79000091552734,118.66000366210938,119.95999908447266,-4.946909291606949,-5.976990850005248
2026-09-10,DLTR,4,2026-09-16,113.87000274658205,115.25,111.43000030517578,112.4000015258789,118.66000366210938,119.95999908447266,-5.2755789171017975,-6.302098713147042
2026-09-10,ELF,1,2026-09-11,97.05999755859376,98.48999786376952,94.53500366210938,96.91000366210938,95.76000213623048,97.05999755859376,1.2009205307272897,-0.15453729678268635
2026-09-10,ELF,2,2026-09-14,96.7300033569336,98.62999725341795,94.58999633789062,96.76000213623048,95.76000213623048,97.05999755859376,1.0442773367709268,-0.3090824540585624
2026-09-10,ELF,3,2026-09-15,99.1999969482422,99.8000030517578,95.1750030517578,95.47000122070312,95.76000213623048,97.05999755859376,-0.3028413837280364,-1.6381582298420905
2026-09-10,ELF,4,2026-09-16,,,,,95.76000213623048,97.05999755859376,,
2026-09-10,ESAB,1,2026-09-11,70.94000244140625,71.37000274658203,70.08999633789062,70.69000244140625,69.2699966430664,70.94000244140625,2.049957943056979,-0.3524104756078783
2026-09-10,ESAB,2,2026-09-14,68.44000244140625,69.02999877929688,67.20999908447266,67.5199966430664,69.2699966430664,70.94000244140625,-2.526346304038929,-4.820983479898578
2026-09-10,ESAB,3,2026-09-15,68.25,68.4000015258789,66.66999816894531,67.20999908447266,69.2699966430664,70.94000244140625,-2.9738669819900254,-5.257969028143794
2026-09-10,ESAB,4,2026-09-16,,,,,69.2699966430664,70.94000244140625,,
2026-09-10,ETSY,1,2026-09-11,72.04000091552734,73.5199966430664,71.93000030517578,72.76000213623047,71.58999633789062,72.04000091552734,1.6343146503565276,0.9994464346931187
2026-09-10,ETSY,2,2026-09-14,72.76000213623047,75.0999984741211,72.04499816894531,74.45999908447266,71.58999633789062,72.04000091552734,4.008943837678358,3.3592422795537535
2026-09-10,ETSY,3,2026-09-15,76.43499755859375,76.43499755859375,73.54000091552734,74.0,71.58999633789062,72.04000091552734,3.3663972417803167,2.7207094108326224
2026-09-10,ETSY,4,2026-09-16,,,,,71.58999633789062,72.04000091552734,,
2026-09-10,EXK,1,2026-09-11,10.710000038146973,10.850000381469728,10.06999969482422,10.18000030517578,10.520000457763672,10.710000038146973,-3.2319404733198054,-4.948643614224424
2026-09-10,EXK,2,2026-09-14,9.699999809265137,9.899999618530272,9.449999809265137,9.720000267028809,10.520000457763672,10.710000038146973,-7.6045642198092285,-9.243695308982014
2026-09-10,EXK,3,2026-09-15,9.770000457763672,9.81999969482422,9.43000030517578,9.640000343322754,10.520000457763672,10.710000038146973,-8.365019735255675,-9.990660046807509
2026-09-10,EXK,4,2026-09-16,9.859999656677246,9.869999885559082,9.3100004196167,9.529999732971191,10.520000457763672,10.710000038146973,-9.410652868003144,-11.01774323970911
2026-09-10,FDS,1,2026-09-11,264.8999938964844,265.0,255.8699951171875,259.7099914550781,262.92999267578125,264.8999938964844,-1.2246610544251246,-1.9592308648502144
2026-09-10,FDS,2,2026-09-14,269.8900146484375,282.6300048828125,269.6700134277344,276.92999267578125,262.92999267578125,264.8999938964844,5.324611261547241,4.541335997160445
2026-09-10,FDS,3,2026-09-15,273.45001220703125,284.8900146484375,270.6000061035156,277.0899963378906,262.92999267578125,264.8999938964844,5.385465354486985,4.601737532002281
2026-09-10,FDS,4,2026-09-16,274.44000244140625,277.1400146484375,271.0599975585937,276.4100036621094,262.92999267578125,264.8999938964844,5.126844164541677,4.345039649235627
2026-09-10,FIG,1,2026-09-11,21.899999618530277,23.36000061035156,21.799999237060547,23.200000762939453,22.13999938964844,21.899999618530277,4.787720878558899,5.9360783883722235
2026-09-10,FIG,2,2026-09-14,24.0,24.280000686645508,23.149999618530277,23.90999984741211,22.13999938964844,21.899999618530277,7.994582233779246,9.178083396773706
2026-09-10,FIG,3,2026-09-15,23.540000915527344,24.78499984741211,23.479999542236328,23.8799991607666,22.13999938964844,21.899999618530277,7.859077773650247,9.041093957650048
2026-09-10,FIG,4,2026-09-16,,,,,22.13999938964844,21.899999618530277,,
2026-09-10,FIS,1,2026-09-11,38.29999923706055,38.47999954223633,37.59000015258789,38.13999938964844,38.08000183105469,38.29999923706055,0.15755660637815083,-0.4177541791104966
2026-09-10,FIS,2,2026-09-14,39.0,40.18000030517578,37.52000045776367,38.18000030517578,38.08000183105469,38.29999923706055,0.26260102235484695,-0.31331314432155866
2026-09-10,FIS,3,2026-09-15,38.02999877929688,38.22999954223633,37.290000915527344,37.34000015258789,38.08000183105469,38.29999923706055,-1.9432816252212382,-2.506525074662991
2026-09-10,FIS,4,2026-09-16,37.20000076293945,37.56999969482422,36.66999816894531,36.84999847412109,38.08000183105469,38.29999923706055,-3.23005067696851,-3.7859028507143733
2026-09-10,FIVN,1,2026-09-11,30.21999931335449,31.13999938964844,30.170000076293945,30.65999984741211,30.25,30.21999931335449,1.3553713964036707,1.4559912113008666
2026-09-10,FIVN,2,2026-09-14,31.690000534057617,32.2400016784668,30.68000030517578,31.75,30.25,30.21999931335449,4.958677685950419,5.0628746572121575
2026-09-10,FIVN,3,2026-09-15,31.229999542236328,33.869998931884766,31.229999542236328,33.02000045776367,30.25,30.21999931335449,9.157026306656757,9.265391158271253
2026-09-10,FIVN,4,2026-09-16,,,,,30.25,30.21999931335449,,
2026-09-10,FND,1,2026-09-11,47.90999984741211,48.83000183105469,47.27000045776367,47.34000015258789,46.869998931884766,47.90999984741211,1.0027762564837506,-1.1897301119590975
2026-09-10,FND,2,2026-09-14,47.20000076293945,48.459999084472656,46.5099983215332,48.130001068115234,46.869998931884766,47.90999984741211,2.6882913696277377,0.4591968720597084
2026-09-10,FND,3,2026-09-15,47.88999938964844,48.060001373291016,46.09999847412109,46.11000061035156,46.869998931884766,47.90999984741211,-1.6215027498457935,-3.757042877882155
2026-09-10,FND,4,2026-09-16,,,,,46.869998931884766,47.90999984741211,,
2026-09-10,FRSH,1,2026-09-11,11.869999885559082,12.039999961853027,11.744999885559082,11.890000343322754,11.869999885559082,11.869999885559082,0.1684958547304216,0.1684958547304216
2026-09-10,FRSH,2,2026-09-14,12.489999771118164,12.710000038146973,12.173999786376951,12.640000343322754,11.869999885559082,11.869999885559082,6.486945789278797,6.486945789278797
2026-09-10,FRSH,3,2026-09-15,12.399999618530272,12.824999809265137,12.260000228881836,12.65999984741211,11.869999885559082,11.869999885559082,6.655433609684636,6.655433609684636
2026-09-10,FRSH,4,2026-09-16,,,,,11.869999885559082,11.869999885559082,,
2026-09-10,FTAI,1,2026-09-11,184.0,189.47000122070312,182.0,186.05999755859372,180.08999633789062,184.0,3.31500990732545,1.119563890540065
2026-09-10,FTAI,2,2026-09-14,180.0,183.8300018310547,174.8000030517578,176.0,180.08999633789062,184.0,-2.2710846915765637,-4.347826086956519
2026-09-10,FTAI,3,2026-09-15,177.3000030517578,178.17999267578125,171.97000122070312,176.44000244140625,180.08999633789062,184.0,-2.026761047646497,-4.108694325322693
2026-09-10,FTAI,4,2026-09-16,,,,,180.08999633789062,184.0,,
2026-09-10,G,1,2026-09-11,34.439998626708984,35.18000030517578,34.18000030517578,35.13999938964844,34.40999984741211,34.439998626708984,2.1214749941105504,2.0325226215212044
2026-09-10,G,2,2026-09-14,35.93000030517578,36.91999816894531,35.93000030517578,36.43000030517578,34.40999984741211,34.439998626708984,5.870387871901106,5.7781700285072235
2026-09-10,G,3,2026-09-15,35.97999954223633,36.720001220703125,35.84000015258789,35.86000061035156,34.40999984741211,34.439998626708984,4.213893546554326,4.123118583812424
2026-09-10,G,4,2026-09-16,35.529998779296875,35.849998474121094,34.939998626708984,35.27000045776367,34.40999984741211,34.439998626708984,2.499275251860378,2.4099937983476094
2026-09-10,GAP,1,2026-09-11,21.34000015258789,21.6200008392334,21.09000015258789,21.51000022888184,20.90999984741211,21.34000015258789,2.869442304390968,0.7966264061780359
2026-09-10,GAP,2,2026-09-14,21.18000030517578,21.239999771118164,20.799999237060547,20.920000076293945,20.90999984741211,21.34000015258789,0.04782510260550321,-1.968135301269025
2026-09-10,GAP,3,2026-09-15,21.0,21.07999992370605,20.31999969482422,20.43000030517578,20.90999984741211,21.34000015258789,-2.295550194830509,-4.264291663098952
2026-09-10,GAP,4,2026-09-16,20.459999084472656,20.739999771118164,19.850000381469727,20.170000076293945,20.90999984741211,21.34000015258789,-3.5389754974567755,-5.4826619865420145
2026-09-10,GRAB,1,2026-09-11,3.039999961853028,3.059999942779541,2.9600000381469727,3.049999952316284,3.009999990463257,3.039999961853028,1.328902391354192,0.3289470588401233
2026-09-10,GRAB,2,2026-09-14,3.009000062942505,3.059999942779541,2.970000028610229,3.0199999809265137,3.009999990463257,3.039999961853028,0.33222559783854244,-0.657894117680291
2026-09-10,GRAB,3,2026-09-15,3.0799999237060547,3.0850000381469727,2.890000104904175,2.9100000858306885,3.009999990463257,3.039999961853028,-3.322255978385491,-4.276311764921803
2026-09-10,GRAB,4,2026-09-16,,,,,3.009999990463257,3.039999961853028,,
2026-09-10,GWRE,1,2026-09-11,138.80999755859375,142.44000244140625,137.44000244140625,140.9199981689453,140.08999633789062,138.80999755859375,0.5924775878020316,1.5200638624468743
2026-09-10,GWRE,2,2026-09-14,145.8699951171875,154.0399932861328,145.32000732421875,153.0,140.08999633789062,138.80999755859375,9.21550717366788,10.2226083790661
2026-09-10,GWRE,3,2026-09-15,149.0,152.2899932861328,147.77000427246094,148.8800048828125,140.08999633789062,138.80999755859375,6.274544060748477,7.2545259717103905
2026-09-10,GWRE,4,2026-09-16,146.58999633789062,150.52000427246094,146.16000366210938,146.72999572753906,140.08999633789062,138.80999755859375,4.739809810282991,5.70563958521948
2026-09-10,HRB,1,2026-09-11,45.130001068115234,45.220001220703125,44.400001525878906,45.119998931884766,44.880001068115234,45.130001068115234,0.5347545856901448,-0.02216294259637097
2026-09-10,HRB,2,2026-09-14,46.22999954223633,46.84999847412109,45.4900016784668,45.7400016784668,44.880001068115234,45.130001068115234,1.9162223482265928,1.3516521070559673
2026-09-10,HRB,3,2026-09-15,45.20000076293945,45.84999847412109,45.150001525878906,45.84000015258789,44.880001068115234,45.130001068115234,2.1390353423023534,1.5732308169039255
2026-09-10,HRB,4,2026-09-16,45.5099983215332,45.869998931884766,44.790000915527344,45.11000061035156,44.880001068115234,45.130001068115234,0.5124766861909213,-0.044317432506779664
2026-09-10,HWM,1,2026-09-11,231.72000122070312,232.3600006103516,227.72999572753903,229.6100006103516,227.91000366210935,231.72000122070312,0.7459071216385116,-0.9105819951821248
2026-09-10,HWM,2,2026-09-14,226.2400054931641,229.3800048828125,223.02999877929688,227.1300048828125,227.91000366210935,231.72000122070312,-0.34223981692933503,-1.9808373527146927
2026-09-10,HWM,3,2026-09-15,231.58999633789065,232.1699981689453,223.27999877929688,224.6699981689453,227.91000366210935,231.72000122070312,-1.4216161823100815,-3.042466344993233
2026-09-10,HWM,4,2026-09-16,226.22999572753903,229.25,224.8500061035156,227.72999572753903,227.91000366210935,231.72000122070312,-0.0789820243420225,-1.7219081098501232
2026-09-10,IBP,1,2026-09-11,202.5947663673527,209.012239290361,195.65828643617124,203.8822479248047,201.3272247314453,202.5947663673527,1.2690897600995399,0.6354959609951027
2026-09-10,IBP,2,2026-09-14,199.6105847391848,202.055811356424,196.89587956840555,199.91000366210935,201.3272247314453,202.5947663673527,-0.7039391077021118,-1.3251885788477025
2026-09-10,IBP,3,2026-09-15,201.6999969482422,211.8999938964844,199.0,199.63999938964844,201.3272247314453,202.5947663673527,-0.8380512591118716,-1.4584616526305272
2026-09-10,IBP,4,2026-09-16,,,,,201.3272247314453,202.5947663673527,,
2026-09-10,IP,1,2026-09-11,35.119998931884766,35.130001068115234,34.209999084472656,34.36000061035156,34.290000915527344,35.119998931884766,0.2041402535878145,-2.1640043981983603
2026-09-10,IP,2,2026-09-14,34.02000045776367,34.86000061035156,33.939998626708984,34.25,34.290000915527344,35.119998931884766,-0.11665475199573727,-2.4772179907298075
2026-09-10,IP,3,2026-09-15,34.31999969482422,34.599998474121094,33.63999938964844,33.9900016784668,34.290000915527344,35.119998931884766,-0.8748883903490934,-3.2175321406176516
2026-09-10,IP,4,2026-09-16,34.29999923706055,34.630001068115234,33.47999954223633,34.060001373291016,34.290000915527344,35.119998931884766,-0.67074813676129,-3.018216374805749
2026-09-10,IRTC,1,2026-09-11,114.81999969482422,116.01000213623048,110.1999969482422,111.43000030517578,112.87999725341795,114.81999969482422,-1.2845472922779266,-2.9524467851059
2026-09-10,IRTC,2,2026-09-14,113.16999816894533,115.4800033569336,112.4499969482422,114.72000122070312,112.87999725341795,114.81999969482422,1.630053164471934,-0.08709151226865552
2026-09-10,IRTC,3,2026-09-15,113.79000091552734,115.16000366210938,110.80999755859376,111.87999725341795,112.87999725341795,114.81999969482422,-0.8858965488411363,-2.56053165756871
2026-09-10,IRTC,4,2026-09-16,,,,,112.87999725341795,114.81999969482422,,
2026-09-10,IT,1,2026-09-11,171.24000549316406,179.6300048828125,170.7100067138672,179.58999633789062,170.6199951171875,171.24000549316406,5.25729778303079,4.8761916473191835
2026-09-10,IT,2,2026-09-14,186.08999633789065,197.63999938964844,184.8800048828125,197.07000732421875,170.6199951171875,171.24000549316406,15.502293379427478,15.084093087164629
2026-09-10,IT,3,2026-09-15,192.4499969482422,202.97999572753903,191.25999450683597,195.6199951171875,170.6199951171875,171.24000549316406,14.652444446988277,14.237321211132926
2026-09-10,IT,4,2026-09-16,192.7100067138672,195.83999633789065,190.0399932861328,191.57000732421875,170.6199951171875,171.24000549316406,12.278755601090063,11.872226803838926
2026-09-10,JOBY,1,2026-09-11,6.309999942779541,6.46999979019165,6.239999771118164,6.389999866485596,6.309999942779541,6.309999942779541,1.2678276455073245,1.2678276455073245
2026-09-10,JOBY,2,2026-09-14,6.230000019073486,6.440000057220459,6.179999828338623,6.300000190734863,6.309999942779541,6.309999942779541,-0.15847467726398667,-0.15847467726398667
2026-09-10,JOBY,3,2026-09-15,6.210000038146973,6.300000190734863,6.099999904632568,6.130000114440918,6.309999942779541,6.309999942779541,-2.852612202391458,-2.852612202391458
2026-09-10,JOBY,4,2026-09-16,,,,,6.309999942779541,6.309999942779541,,
2026-09-10,KRMN,1,2026-09-11,34.72999954223633,35.61000061035156,33.9900016784668,35.279998779296875,34.38999938964844,34.72999954223633,2.587959887886271,1.583643087560871
2026-09-10,KRMN,2,2026-09-14,34.70000076293945,36.720001220703125,34.5099983215332,34.7400016784668,34.38999938964844,34.72999954223633,1.017744387991204,0.02879970159028744
2026-09-10,KRMN,3,2026-09-15,35.650001525878906,38.380001068115234,35.060001373291016,37.470001220703125,34.38999938964844,34.72999954223633,8.95609737050993,7.889437703949831
2026-09-10,KRMN,4,2026-09-16,,,,,34.38999938964844,34.72999954223633,,
2026-09-10,KSPI,1,2026-09-11,97.9499969482422,99.98999786376952,97.0999984741211,99.88999938964844,97.1500015258789,97.9499969482422,2.820378611151786,1.9806049023476158
2026-09-10,KSPI,2,2026-09-14,99.8499984741211,100.97000122070312,98.5,100.4800033569336,97.1500015258789,97.9499969482422,3.4276909714382686,2.582957108235817
2026-09-10,KSPI,3,2026-09-15,100.0,100.6500015258789,98.1999969482422,98.76000213623048,97.1500015258789,97.9499969482422,1.6572316881772853,0.8269578491322482
2026-09-10,KSPI,4,2026-09-16,,,,,97.1500015258789,97.9499969482422,,
2026-09-10,KSS,1,2026-09-11,16.950000762939453,17.459999084472656,16.760000228881836,17.229999542236328,16.790000915527344,16.950000762939453,2.6205991823506913,1.6519101279870219
2026-09-10,KSS,2,2026-09-14,16.84000015258789,17.579999923706055,16.709999084472656,17.170000076293945,16.790000915527344,16.950000762939453,2.263246813853237,1.2979309938174977
2026-09-10,KSS,3,2026-09-15,17.299999237060547,17.309999465942383,16.239999771118164,16.360000610351562,16.790000915527344,16.950000762939453,-2.561049920956937,-3.4808267022495065
2026-09-10,KSS,4,2026-09-16,16.40999984741211,16.719999313354492,16.209999084472656,16.459999084472656,16.790000915527344,16.950000762939453,-1.965466426803486,-2.890865229564865
2026-09-10,KTB,1,2026-09-11,66.9000015258789,67.94999694824219,66.16999816894531,66.62000274658203,66.16000366210938,66.9000015258789,0.6952827373196024,-0.4185332928409058
2026-09-10,KTB,2,2026-09-14,66.54000091552734,67.56999969482422,65.79299926757812,67.41999816894531,66.16000366210938,66.9000015258789,1.9044655941540478,0.7772744861078262
2026-09-10,KTB,3,2026-09-15,68.06999969482422,68.08000183105469,66.54499816894531,67.0,66.16000366210938,66.9000015258789,1.2696437294360319,0.1494745468464842
2026-09-10,KTB,4,2026-09-16,,,,,66.16000366210938,66.9000015258789,,
2026-09-10,KVYO,1,2026-09-11,16.0,16.415000915527344,15.90999984741211,16.360000610351562,16.1299991607666,16.0,1.4259235062107134,2.2500038146972656
2026-09-10,KVYO,2,2026-09-14,17.010000228881836,17.43000030517578,16.545000076293945,17.399999618530273,16.1299991607666,16.0,7.873530835963871,8.749997615814209
2026-09-10,KVYO,3,2026-09-15,17.0,17.479999542236328,16.649999618530273,16.979999542236328,16.1299991607666,16.0,5.269686458119627,6.124997138977051
2026-09-10,KVYO,4,2026-09-16,,,,,16.1299991607666,16.0,,
2026-09-10,LAD,1,2026-09-11,370.7300109863281,375.489990234375,356.4599914550781,358.0199890136719,366.1499938964844,370.7300109863281,-2.2204028453735147,-3.4283768769734047
2026-09-10,LAD,2,2026-09-14,363.3200073242188,367.5499877929688,359.17999267578125,360.2699890136719,366.1499938964844,370.7300109863281,-1.6059005819551775,-2.8214662052385098
2026-09-10,LAD,3,2026-09-15,359.20001220703125,360.239990234375,344.2300109863281,345.9100036621094,366.1499938964844,370.7300109863281,-5.527786582483774,-6.694901030047462
2026-09-10,LAD,4,2026-09-16,350.0,350.0599975585937,333.7200012207031,339.2300109863281,366.1499938964844,370.7300109863281,-7.352173524210659,-8.496749404288629
2026-09-10,LECO,1,2026-09-11,255.0,257.5899963378906,252.32000732421875,253.05999755859372,251.05999755859372,255.0,0.796622329104113,-0.7607852711397189
2026-09-10,LECO,2,2026-09-14,245.97000122070312,253.3000030517578,243.6199951171875,251.2700042724609,251.05999755859372,255.0,0.08364801876419303,-1.4627434225643499
2026-09-10,LECO,3,2026-09-15,252.07000732421875,254.8999938964844,250.00999450683597,253.67999267578125,251.05999755859372,255.0,1.0435733062476693,-0.5176499310661775
2026-09-10,LECO,4,2026-09-16,254.9900054931641,259.4700012207031,253.07000732421875,255.3000030517578,251.05999755859372,255.0,1.6888415256893108,0.1176482555913072
2026-09-10,LNC,1,2026-09-11,44.27000045776367,44.5,42.93000030517578,43.84000015258789,43.560001373291016,44.27000045776367,0.6427887292688617,-0.9713130804821835
2026-09-10,LNC,2,2026-09-14,43.650001525878906,44.119998931884766,43.18000030517578,44.040000915527344,43.560001373291016,44.27000045776367,1.1019272890350207,-0.5195381519269682
2026-09-10,LNC,3,2026-09-15,43.88999938964844,44.2599983215332,43.220001220703125,43.43999862670898,43.560001373291016,44.27000045776367,-0.2754883902635008,-1.8748629375926251
2026-09-10,LNC,4,2026-09-16,43.38999938964844,43.91999816894531,41.95000076293945,42.45000076293945,43.560001373291016,44.27000045776367,-2.5482106872296018,-4.1111354777613185
2026-09-10,LNG,1,2026-09-11,277.760009765625,280.42999267578125,274.57000732421875,278.3399963378906,277.8399963378906,277.760009765625,0.17995969140163215,0.20880852242013415
2026-09-10,LNG,2,2026-09-14,281.1300048828125,283.54998779296875,273.19000244140625,274.2799987792969,277.8399963378906,277.760009765625,-1.2813121240702552,-1.2528840956135379
2026-09-10,LNG,3,2026-09-15,273.32000732421875,275.489990234375,270.1300048828125,270.9800109863281,277.8399963378906,277.760009765625,-2.4690416937739323,-2.440955695896563
2026-09-10,LNG,4,2026-09-16,268.0,271.79998779296875,265.2699890136719,267.75,277.8399963378906,277.760009765625,-3.631585254420977,-3.6038340343059083
2026-09-10,LYFT,1,2026-09-11,15.140000343322754,15.34000015258789,14.9399995803833,15.31999969482422,15.020000457763672,15.140000343322754,1.9973317437915306,1.1888992564049294
2026-09-10,LYFT,2,2026-09-14,15.460000038146973,15.920000076293944,15.42099952697754,15.899999618530272,15.020000457763672,15.140000343322754,5.858849094187191,5.019810158344562
2026-09-10,LYFT,3,2026-09-15,15.68000030517578,15.96500015258789,15.5,15.6899995803833,15.020000457763672,15.140000343322754,4.460713063915489,3.632755776674168
2026-09-10,LYFT,4,2026-09-16,,,,,15.020000457763672,15.140000343322754,,
2026-09-10,M,1,2026-09-11,20.533900352757485,21.93191275301769,20.454580674619983,21.89225196838379,20.325687408447266,20.533900352757485,7.707314042847413,6.615166102351777
2026-09-10,M,2,2026-09-14,21.584888508640056,22.98289902143893,21.51548402647888,22.38800048828125,20.325687408447266,20.533900352757485,10.146338661967702,9.029459107484072
2026-09-10,M,3,2026-09-15,22.399999618530277,22.489999771118164,21.56999969482422,22.07999992370605,20.325687408447266,20.533900352757485,8.631011980090285,7.5294977787351725
2026-09-10,M,4,2026-09-16,22.1299991607666,22.399999618530277,21.700000762939453,21.809999465942383,20.325687408447266,20.533900352757485,7.302641370339313,6.214596794873084
2026-09-10,MDLN,1,2026-09-11,32.72999954223633,32.92499923706055,31.8700008392334,32.529998779296875,32.38999938964844,32.72999954223633,0.4322302941851319,-0.6110625289846516
2026-09-10,MDLN,2,2026-09-14,32.400001525878906,32.85499954223633,32.119998931884766,32.59000015258789,32.38999938964844,32.72999954223633,0.6174768962897037,-0.4277402737747571
2026-09-10,MDLN,3,2026-09-15,32.560001373291016,32.91999816894531,31.625,32.11000061035156,32.38999938964844,32.72999954223633,-0.8644605883702527,-1.8942833503089118
2026-09-10,MDLN,4,2026-09-16,,,,,32.38999938964844,32.72999954223633,,
2026-09-10,MLI,1,2026-09-11,61.150001525878906,61.150001525878906,60.220001220703125,60.47999954223633,60.15999984741211,61.150001525878906,0.531914387692578,-1.0956696106688257
2026-09-10,MLI,2,2026-09-14,59.290000915527344,60.5,57.81999969482422,60.0,60.15999984741211,61.150001525878906,-0.265957193846289,-1.8806238711085221
2026-09-10,MLI,3,2026-09-15,59.209999084472656,60.77999877929688,59.209999084472656,60.52999877929688,60.15999984741211,61.150001525878906,0.615024821847121,-1.01390471154712
2026-09-10,MLI,4,2026-09-16,60.90999984741211,61.0,59.90999984741211,60.540000915527344,60.15999984741211,61.150001525878906,0.6316507132298144,-0.9975479887656347
2026-09-10,NAVN,1,2026-09-11,20.61000061035156,21.575000762939453,20.450000762939453,21.020000457763672,20.26000022888184,20.61000061035156,3.7512350458831945,1.9893247708405504
2026-09-10,NAVN,2,2026-09-14,21.100000381469727,21.6299991607666,20.81999969482422,21.3700008392334,20.26000022888184,20.61000061035156,5.478778863828371,3.6875313264189025
2026-09-10,NAVN,3,2026-09-15,21.31999969482422,22.6299991607666,21.31999969482422,22.420000076293945,20.26000022888184,20.61000061035156,10.661400903307472,8.78214173867271
2026-09-10,NAVN,4,2026-09-16,,,,,20.26000022888184,20.61000061035156,,
2026-09-10,NOW,1,2026-09-11,130.5,134.4499969482422,130.38999938964844,132.52999877929688,131.1699981689453,130.5,1.036822923943248,1.5555546201508674
2026-09-10,NOW,2,2026-09-14,140.0,143.19000244140625,137.24000549316406,142.35000610351562,131.1699981689453,130.5,8.523296554575378,9.080464447138414
2026-09-10,NOW,3,2026-09-15,139.14999389648438,147.57000732421875,139.0,141.89999389648438,131.1699981689453,130.5,8.18022099361393,8.735627506884569
2026-09-10,NOW,4,2026-09-16,,,,,131.1699981689453,130.5,,
2026-09-10,NVS,1,2026-09-11,139.30999755859375,139.5500030517578,137.0,137.16000366210938,137.47999572753906,139.30999755859375,-0.23275536468873037,-1.543316297583086
2026-09-10,NVS,2,2026-09-14,141.63999938964844,141.63999938964844,138.99000549316406,138.99000549316406,137.47999572753906,139.30999755859375,1.0983487143959358,-0.2296978472741018
2026-09-10,NVS,3,2026-09-15,138.75999450683594,139.11000061035156,137.3699951171875,138.6199951171875,137.47999572753906,139.30999755859375,0.829211103488614,-0.49530001686780567
2026-09-10,NVS,4,2026-09-16,140.5800018310547,141.4600067138672,138.27999877929688,138.6999969482422,137.47999572753906,139.30999755859375,0.8874027193897627,-0.4378728167696577
2026-09-10,OC,1,2026-09-11,128.4199981689453,132.3800048828125,128.02000427246094,131.89999389648438,127.48999786376952,128.4199981689453,3.4590917770876306,2.709854989221294
2026-09-10,OC,2,2026-09-14,128.5,130.72999572753906,128.5,128.9499969482422,127.48999786376952,128.4199981689453,1.1451871589430507,0.41270735621692367
2026-09-10,OC,3,2026-09-15,129.44000244140625,130.72999572753906,127.16999816894533,128.6699981689453,127.48999786376952,128.4199981689453,0.925563044119504,0.19467372960955132
2026-09-10,OC,4,2026-09-16,129.8000030517578,132.75999450683594,125.0999984741211,126.58999633789062,127.48999786376952,128.4199981689453,-0.705938929295924,-1.425013126574881
2026-09-10,OLLI,1,2026-09-11,73.16000366210938,73.94000244140625,71.52999877929688,73.55999755859375,71.91999816894531,73.16000366210938,2.28031066657699,0.5467384861429947
2026-09-10,OLLI,2,2026-09-14,73.47000122070312,78.30999755859375,73.47000122070312,77.0199966430664,71.91999816894531,73.16000366210938,7.09121051719277,5.276097304183391
2026-09-10,OLLI,3,2026-09-15,77.0199966430664,77.44499969482422,73.30000305175781,73.4000015258789,71.91999816894531,73.16000366210938,2.0578467667045297,0.3280451773594262
2026-09-10,OLLI,4,2026-09-16,,,,,71.91999816894531,73.16000366210938,,
2026-09-10,OPEN,1,2026-09-11,2.8499999046325684,2.869999885559082,2.740000009536743,2.789999961853028,2.799999952316284,2.8499999046325684,-0.3571425226269742,-2.105261220606114
2026-09-10,OPEN,2,2026-09-14,2.740000009536743,2.890000104904175,2.7300000190734863,2.789999961853028,2.799999952316284,2.8499999046325684,-0.3571425226269742,-2.105261220606114
2026-09-10,OPEN,3,2026-09-15,2.7699999809265137,2.7699999809265137,2.619999885559082,2.650000095367432,2.799999952316284,2.8499999046325684,-5.3571378394048015,-7.017537402020402
2026-09-10,OPEN,4,2026-09-16,,,,,2.799999952316284,2.8499999046325684,,
2026-09-10,OWL,1,2026-09-11,10.579999923706056,10.685999870300291,10.359999656677246,10.5600004196167,10.43000030517578,10.579999923706056,1.2464056628685771,-0.18903123094118346
2026-09-10,OWL,2,2026-09-14,10.4399995803833,10.670000076293944,10.289999961853027,10.43000030517578,10.43000030517578,10.579999923706056,0.0,-1.4177657808312483
2026-09-10,OWL,3,2026-09-15,10.390000343322754,10.43000030517578,10.15999984741211,10.239999771118164,10.43000030517578,10.579999923706056,-1.8216733317191758,-3.2136120514147826
2026-09-10,OWL,4,2026-09-16,,,,,10.43000030517578,10.579999923706056,,
2026-09-10,PAYC,1,2026-09-11,216.13999938964844,220.30999755859372,216.0500030517578,218.91000366210935,216.0399932861328,216.13999938964844,1.328462537107833,1.2815787361353914
2026-09-10,PAYC,2,2026-09-14,224.83999633789065,227.38900756835935,218.2100067138672,222.8500061035156,216.0399932861328,216.13999938964844,3.1522000689767182,3.104472440462369
2026-09-10,PAYC,3,2026-09-15,221.6300048828125,231.4900054931641,220.4600067138672,226.75999450683597,216.0399932861328,216.13999938964844,4.962044785154718,4.913479757183792
2026-09-10,PAYC,4,2026-09-16,,,,,216.0399932861328,216.13999938964844,,
2026-09-10,PCTY,1,2026-09-11,142.97000122070312,144.1020050048828,140.88999938964844,141.66000366210938,142.86000061035156,142.97000122070312,-0.8399810605595359,-0.9162744263892852
2026-09-10,PCTY,2,2026-09-14,146.99000549316406,148.65899658203125,144.75999450683594,147.97000122070312,142.86000061035156,142.97000122070312,3.5769288733863425,3.4972371527656865
2026-09-10,PCTY,3,2026-09-15,146.25,148.7100067138672,145.47000122070312,147.22000122070312,142.86000061035156,142.97000122070312,3.051939375419299,2.972651579850849
2026-09-10,PCTY,4,2026-09-16,,,,,142.86000061035156,142.97000122070312,,
2026-09-10,PENG,1,2026-09-11,49.935001373291016,51.41299819946289,49.43000030517578,51.15999984741211,48.619998931884766,49.935001373291016,5.224189574923299,2.4531860226929325
2026-09-10,PENG,2,2026-09-14,47.209999084472656,48.83000183105469,46.45000076293945,46.59000015258789,48.619998931884766,49.935001373291016,-4.175234109200298,-6.698710581176193
2026-09-10,PENG,3,2026-09-15,47.84999847412109,48.130001068115234,46.18999862670898,47.5,48.619998931884766,49.935001373291016,-2.3035766279095427,-4.8763418570634816
2026-09-10,PENG,4,2026-09-16,,,,,48.619998931884766,49.935001373291016,,
2026-09-10,PRMB,1,2026-09-11,20.71999931335449,21.3799991607666,20.280000686645508,20.75,20.559999465942383,20.71999931335449,0.9241271351799085,0.14479096351212029
2026-09-10,PRMB,2,2026-09-14,20.709999084472656,21.239999771118164,20.6200008392334,21.100000381469727,20.559999465942383,20.71999931335449,2.626463665146761,1.8339820497499604
2026-09-10,PRMB,3,2026-09-15,20.950000762939453,21.21999931335449,20.71999931335449,20.850000381469727,20.559999465942383,20.71999931335449,1.410510326168679,0.6274183032016323
2026-09-10,PRMB,4,2026-09-16,20.920000076293945,21.309999465942383,20.920000076293945,21.149999618530277,20.559999465942383,20.71999931335449,2.8696506221472795,2.075291116919309
2026-09-10,PTC,1,2026-09-11,128.25,131.19000244140625,127.05999755859376,130.77999877929688,128.72000122070312,128.25,1.6003709905670904,1.9727085998416216
2026-09-10,PTC,2,2026-09-14,134.30999755859375,137.75,133.89999389648438,136.64999389648438,128.72000122070312,128.25,6.160653045818809,6.549702843262661
2026-09-10,PTC,3,2026-09-15,134.91000366210938,137.66000366210938,132.7100067138672,132.75,128.72000122070312,128.25,3.130825622342126,3.5087719298245723
2026-09-10,PTC,4,2026-09-16,131.0800018310547,132.5800018310547,130.3300018310547,131.16000366210938,128.72000122070312,128.25,1.8955892000207752,2.2690087033991224
2026-09-10,PURR,1,2026-09-11,11.199999809265137,12.53499984741211,11.119999885559082,11.609999656677246,11.010000228881836,11.199999809265137,5.4495859702297755,3.660712985663972
2026-09-10,PURR,2,2026-09-14,11.420000076293944,12.260000228881836,11.25,11.850000381469728,11.010000228881836,11.199999809265137,7.629429020213574,5.803576636375318
2026-09-10,PURR,3,2026-09-15,11.329999923706056,11.657999992370604,10.545000076293944,11.199999809265137,11.010000228881836,11.199999809265137,1.7257000584331328,0.0
2026-09-10,PURR,4,2026-09-16,,,,,11.010000228881836,11.199999809265137,,
2026-09-10,QLYS,1,2026-09-11,160.22999572753906,160.3000030517578,149.1300048828125,150.27999877929688,161.57000732421875,160.22999572753906,-6.987688328977093,-6.209821639864188
2026-09-10,QLYS,2,2026-09-14,153.33999633789062,175.52000427246094,153.33999633789062,172.91000366210938,161.57000732421875,160.22999572753906,7.018627111364117,7.91362932826376
2026-09-10,QLYS,3,2026-09-15,170.11000061035156,187.0,170.11000061035156,185.3699951171875,161.57000732421875,160.22999572753906,14.730449163878468,15.68994574049507
2026-09-10,QLYS,4,2026-09-16,,,,,161.57000732421875,160.22999572753906,,
2026-09-10,RELY,1,2026-09-11,22.239999771118164,22.440000534057617,21.76000022888184,21.989999771118164,21.93000030517578,22.239999771118164,0.2735953721269224,-1.1241007309930828
2026-09-10,RELY,2,2026-09-14,21.920000076293945,22.729999542236328,21.920000076293945,22.25,21.93000030517578,22.239999771118164,1.4591869145970549,0.044965058384671686
2026-09-10,RELY,3,2026-09-15,22.01000022888184,22.43000030517578,21.71999931335449,21.82999992370605,21.93000030517578,22.239999771118164,-0.4559980851716161,-1.843524512732042
2026-09-10,RELY,4,2026-09-16,,,,,21.93000030517578,22.239999771118164,,
2026-09-10,RHI,1,2026-09-11,37.68999862670898,38.119998931884766,37.11000061035156,37.68000030517578,37.41999816894531,37.68999862670898,0.6948213494201605,-0.026527784286278777
2026-09-10,RHI,2,2026-09-14,38.68999862670898,38.959999084472656,37.77000045776367,38.72999954223633,37.41999816894531,37.68999862670898,3.50080555155714,2.759355143065334
2026-09-10,RHI,3,2026-09-15,38.09999847412109,38.869998931884766,37.70000076293945,38.29999923706055,37.41999816894531,37.68999862670898,2.3516865611328264,1.6184681150911207
2026-09-10,RHI,4,2026-09-16,37.77999877929688,37.93000030517578,36.40999984741211,37.09000015258789,37.41999816894531,37.68999862670898,-0.8818760890033528,-1.5919302095593557
2026-09-10,ROAD,1,2026-09-11,98.0,99.99199676513672,96.677001953125,99.66999816894533,96.12000274658205,98.0,3.6932951736619923,1.7040797642299266
2026-09-10,ROAD,2,2026-09-14,96.58000183105467,97.50499725341795,94.84500122070312,96.91000366210938,96.12000274658205,98.0,0.8218902340339618,-1.1122411611128813
2026-09-10,ROAD,3,2026-09-15,97.61000061035156,97.61000061035156,94.61000061035156,95.04000091552734,96.12000274658205,98.0,-1.1235973784791686,-3.0204072290537343
2026-09-10,ROAD,4,2026-09-16,,,,,96.12000274658205,98.0,,
2026-09-10,RPRX,1,2026-09-11,58.95000076293945,59.540000915527344,58.34999847412109,58.61000061035156,58.75,58.95000076293945,-0.23829683344415153,-0.5767602174513331
2026-09-10,RPRX,2,2026-09-14,58.65999984741211,59.54999923706055,57.75,59.04999923706055,58.75,58.95000076293945,0.510636999252001,0.16963269351466526
2026-09-10,RPRX,3,2026-09-15,59.0,59.20000076293945,57.90999984741211,58.470001220703125,58.75,58.95000076293945,-0.47659366688830307,-0.8142485768008578
2026-09-10,RPRX,4,2026-09-16,,,,,58.75,58.95000076293945,,
2026-09-10,SAIL,1,2026-09-11,17.719999313354492,17.760000228881836,16.6200008392334,17.239999771118164,17.639999389648438,17.719999313354492,-2.2675716120772793,-2.708801133387073
2026-09-10,SAIL,2,2026-09-14,18.299999237060547,20.26000022888184,17.950000762939453,19.8799991607666,17.639999389648438,17.719999313354492,12.69841184026712,12.189615864060709
2026-09-10,SAIL,3,2026-09-15,19.34000015258789,20.59000015258789,19.1200008392334,19.979999542236328,17.639999389648438,17.719999313354492,13.265307446445028,12.75395212447108
2026-09-10,SAIL,4,2026-09-16,,,,,17.639999389648438,17.719999313354492,,
2026-09-10,SFM,1,2026-09-11,72.54000091552734,73.88999938964844,71.37000274658203,72.76000213623047,72.19999694824219,72.54000091552734,0.7756304870618402,0.30328262741452505
2026-09-10,SFM,2,2026-09-14,73.52999877929688,76.12999725341797,73.02999877929688,75.08999633789062,72.19999694824219,72.54000091552734,4.00276940692974,3.5152955475321157
2026-09-10,SFM,3,2026-09-15,74.62999725341797,75.54000091552734,73.11000061035156,73.45999908447266,72.19999694824219,72.54000091552734,1.7451553871030256,1.2682632441880504
2026-09-10,SFM,4,2026-09-16,,,,,72.19999694824219,72.54000091552734,,
2026-09-10,SHAK,1,2026-09-11,62.11000061035156,64.31999969482422,61.56999969482422,63.650001525878906,61.70000076293945,62.11000061035156,3.1604550062027448,2.479473354361361
2026-09-10,SHAK,2,2026-09-14,63.31999969482422,64.63999938964844,62.94499969482422,63.5099983215332,61.70000076293945,62.11000061035156,2.933545439566565,2.254061660640705
2026-09-10,SHAK,3,2026-09-15,62.869998931884766,62.88999938964844,57.72999954223633,58.27000045776367,61.70000076293945,62.11000061035156,-5.5591576381892605,-6.18257947971731
2026-09-10,SHAK,4,2026-09-16,,,,,61.70000076293945,62.11000061035156,,
2026-09-10,SHOP,1,2026-09-11,130.75,131.97000122070312,128.38999938964844,128.7899932861328,126.5999984741211,130.75,1.7298537428176886,-1.4990491119443061
2026-09-10,SHOP,2,2026-09-14,129.13999938964844,134.74000549316406,128.08999633789062,133.88999938964844,126.5999984741211,130.75,5.758294631431227,2.4015291699031938
2026-09-10,SHOP,3,2026-09-15,132.3800048828125,133.24000549316406,129.63999938964844,129.86000061035156,126.5999984741211,130.75,2.575041212892959,-0.6806878697119934
2026-09-10,SHOP,4,2026-09-16,,,,,126.5999984741211,130.75,,
2026-09-10,SW,1,2026-09-11,42.93999862670898,43.38999938964844,42.459999084472656,43.220001220703125,42.209999084472656,42.93999862670898,2.3928030280436774,0.6520787213532442
2026-09-10,SW,2,2026-09-14,43.650001525878906,44.165000915527344,42.869998931884766,43.75,42.209999084472656,42.93999862670898,3.6484267920627644,1.8863563092598623
2026-09-10,SW,3,2026-09-15,44.060001373291016,44.20000076293945,43.27999877929688,43.709999084472656,42.209999084472656,42.93999862670898,3.5536603471564288,1.793200937097228
2026-09-10,SW,4,2026-09-16,,,,,42.209999084472656,42.93999862670898,,
2026-09-10,SYK,1,2026-09-11,270.7200012207031,277.0,267.0,275.5599975585937,270.010009765625,270.7200012207031,2.0554748313909688,1.787823698310631
2026-09-10,SYK,2,2026-09-14,282.3099975585937,287.1700134277344,280.6700134277344,281.8699951171875,270.010009765625,270.7200012207031,4.392424325993405,4.1186442989834315
2026-09-10,SYK,3,2026-09-15,281.0,282.69000244140625,277.6199951171875,281.5,270.010009765625,270.7200012207031,4.255394177552363,3.9819735264069234
2026-09-10,SYK,4,2026-09-16,280.3399963378906,290.510009765625,279.8800048828125,284.760009765625,270.010009765625,270.7200012207031,5.462760440919712,5.186173345749889
2026-09-10,TEAM,1,2026-09-11,178.61000061035156,182.9949951171875,176.75999450683594,179.6999969482422,179.57000732421875,178.61000061035156,0.07238938504285919,0.6102661296488732
2026-09-10,TEAM,2,2026-09-14,186.2899932861328,193.1699981689453,181.75999450683597,192.7700042724609,179.57000732421875,178.61000061035156,7.350891802554305,7.927889599530458
2026-09-10,TEAM,3,2026-09-15,187.1519927978516,194.00999450683597,187.00999450683597,189.80999755859372,179.57000732421875,178.61000061035156,5.702505884452291,6.270643810519672
2026-09-10,TEAM,4,2026-09-16,,,,,179.57000732421875,178.61000061035156,,
2026-09-10,TEM,1,2026-09-11,59.470001220703125,60.380001068115234,58.47999954223633,59.0099983215332,58.7400016784668,59.470001220703125,0.4596469788072488,-0.7735041024512057
2026-09-10,TEM,2,2026-09-14,57.72499847412109,62.810001373291016,57.720001220703125,62.209999084472656,58.7400016784668,59.470001220703125,5.907383906796704,4.60736137132558
2026-09-10,TEM,3,2026-09-15,61.90499877929688,68.93900299072266,61.880001068115234,68.8499984741211,58.7400016784668,59.470001220703125,17.211434298205795,15.772653541080706
2026-09-10,TEM,4,2026-09-16,,,,,58.7400016784668,59.470001220703125,,
2026-09-10,TENB,1,2026-09-11,31.8799991607666,32.15999984741211,29.96999931335449,30.11000061035156,32.029998779296875,31.8799991607666,-5.994374780264867,-5.552065862640632
2026-09-10,TENB,2,2026-09-14,30.920000076293945,35.130001068115234,30.899999618530277,35.08000183105469,32.029998779296875,31.8799991607666,9.522332713072835,10.037649794627956
2026-09-10,TENB,3,2026-09-15,34.02000045776367,38.88999938964844,34.0099983215332,38.09000015258789,32.029998779296875,31.8799991607666,18.919767731018467,19.479300989015336
2026-09-10,TENB,4,2026-09-16,,,,,32.029998779296875,31.8799991607666,,
2026-09-10,TRI,1,2026-09-11,96.1999969482422,97.77999877929688,95.72000122070312,97.3499984741211,95.70999908447266,96.1999969482422,1.7135089388110814,1.1954278195015045
2026-09-10,TRI,2,2026-09-14,101.08999633789062,106.12999725341795,100.4800033569336,105.81999969482422,95.70999908447266,96.1999969482422,10.563160283209893,10.000003172305494
2026-09-10,TRI,3,2026-09-15,104.0500030517578,104.68000030517578,102.19000244140624,102.61000061035156,95.70999908447266,96.1999969482422,7.209279690608961,6.663205681345374
2026-09-10,TRI,4,2026-09-16,100.97000122070312,102.81999969482422,100.75,101.30999755859376,95.70999908447266,96.1999969482422,5.8510067157963475,5.311851114819532
2026-09-10,TTAN,1,2026-09-11,55.90999984741211,56.150001525878906,53.79999923706055,54.68000030517578,56.0099983215332,55.90999984741211,-2.3745724981500294,-2.1999634154770242
2026-09-10,TTAN,2,2026-09-14,54.77000045776367,59.29999923706055,54.36000061035156,58.9900016784668,56.0099983215332,55.90999984741211,5.320484638879064,5.508856804615525
2026-09-10,TTAN,3,2026-09-15,57.77999877929688,59.400001525878906,57.13600158691406,58.59999847412109,56.0099983215332,55.90999984741211,4.624174665601011,4.811301438115612
2026-09-10,TTAN,4,2026-09-16,,,,,56.0099983215332,55.90999984741211,,
2026-09-10,USAR,1,2026-09-11,16.040000915527344,16.1200008392334,15.512999534606934,15.5600004196167,16.040000915527344,16.040000915527344,-2.9925216241477037,-2.9925216241477037
2026-09-10,USAR,2,2026-09-14,15.25,16.06999969482422,15.25,15.710000038146973,16.040000915527344,16.040000915527344,-2.0573619610016247,-2.0573619610016247
2026-09-10,USAR,3,2026-09-15,15.529999732971191,15.84000015258789,15.289999961853027,15.399999618530272,16.040000915527344,16.040000915527344,-3.990032795930365,-3.990032795930365
2026-09-10,USAR,4,2026-09-16,,,,,16.040000915527344,16.040000915527344,,
2026-09-10,USFD,1,2026-09-11,95.45999908447266,97.05999755859376,93.88999938964844,95.33999633789062,96.05999755859376,95.45999908447266,-0.7495328326069917,-0.12570998086417484
2026-09-10,USFD,2,2026-09-14,95.73500061035156,96.59300231933594,94.61000061035156,94.8000030517578,96.05999755859376,95.45999908447266,-1.3116745147400244,-0.6913849141469419
2026-09-10,USFD,3,2026-09-15,94.02999877929688,94.5999984741211,90.19000244140624,92.01000213623048,96.05999755859376,95.45999908447266,-4.216110269930939,-3.6140760332390776
2026-09-10,USFD,4,2026-09-16,,,,,96.05999755859376,95.45999908447266,,
2026-09-10,UUUU,1,2026-09-11,13.6899995803833,13.789999961853027,12.93000030517578,12.949999809265137,13.630000114440918,13.6899995803833,-4.988997061381706,-5.405403899197525
2026-09-10,UUUU,2,2026-09-14,12.539999961853027,12.600000381469728,12.210000038146973,12.34000015258789,13.630000114440918,13.6899995803833,-9.464416368465612,-9.861208686447686
2026-09-10,UUUU,3,2026-09-15,12.239999771118164,12.4399995803833,11.710000038146973,11.859999656677246,13.630000114440918,13.6899995803833,-12.986063410875293,-13.367421327961914
2026-09-10,UUUU,4,2026-09-16,12.0,12.109999656677246,11.479999542236328,11.729999542236328,13.630000114440918,13.6899995803833,-13.939842672426305,-14.317020439909289
2026-09-10,VRSK,1,2026-09-11,176.27747554155496,176.74622025831306,173.36528371237452,175.72894287109375,175.38986206054688,176.27747554155496,0.19332976636348143,-0.3111757011359684
2026-09-10,VRSK,2,2026-09-14,180.69563189446728,186.96882493228875,180.68566410662532,186.52999877929688,175.38986206054688,176.27747554155496,6.351642328622331,5.816127787310532
2026-09-10,VRSK,3,2026-09-15,184.91000366210935,185.6000061035156,179.47999572753906,180.0800018310547,175.38986206054688,176.27747554155496,2.674122503664833,2.1571254511205673
2026-09-10,VRSK,4,2026-09-16,178.83999633789062,182.8999938964844,177.9499969482422,181.75,175.38986206054688,176.27747554155496,3.626285957883657,3.104494457747653
2026-09-10,WDAY,1,2026-09-11,185.4199981689453,188.57000732421875,184.2700042724609,185.6999969482422,185.08999633789065,185.4199981689453,0.3295697349509741,0.15100786434145697
2026-09-10,WDAY,2,2026-09-14,191.72999572753903,195.9199981689453,189.1699981689453,194.2100067138672,185.08999633789065,185.4199981689453,4.927338352380484,4.740593588461195
2026-09-10,WDAY,3,2026-09-15,191.5,194.75999450683597,190.19000244140625,190.6699981689453,185.08999633789065,185.4199981689453,3.0147506302113047,2.8314098003692445
2026-09-10,WDAY,4,2026-09-16,,,,,185.08999633789065,185.4199981689453,,
2026-09-10,WEN,1,2026-09-11,7.420000076293945,7.659999847412109,7.420000076293945,7.630000114440918,7.440000057220459,7.420000076293945,2.5537641903116137,2.830189164254837
2026-09-10,WEN,2,2026-09-14,7.599999904632568,7.699999809265137,7.579999923706055,7.630000114440918,7.440000057220459,7.420000076293945,2.5537641903116137,2.830189164254837
2026-09-10,WEN,3,2026-09-15,7.590000152587891,7.710000038146973,7.440000057220459,7.460000038146973,7.440000057220459,7.420000076293945,0.2688169458695544,0.5390830382983713
2026-09-10,WEN,4,2026-09-16,7.5,7.519999980926514,7.019999980926514,7.03000020980835,7.440000057220459,7.420000076293945,-5.510750594876779,-5.256062836597552
2026-09-10,Z,1,2026-09-11,31.649999618530277,32.65999984741211,31.200000762939453,32.5,31.25,31.649999618530277,4.0000000000000036,2.685625250282997
2026-09-10,Z,2,2026-09-14,32.689998626708984,33.540000915527344,32.5099983215332,33.18000030517578,31.25,31.649999618530277,6.176000976562501,4.834125450509408
2026-09-10,Z,3,2026-09-15,32.88999938964844,33.05500030517578,32.099998474121094,32.52000045776367,31.25,31.649999618530277,4.064001464843758,2.748817850613916
2026-09-10,Z,4,2026-09-16,,,,,31.25,31.649999618530277,,
2026-09-10,ZM,1,2026-09-11,95.23999786376952,96.83999633789062,94.75,95.56999969482422,95.45999908447266,95.23999786376952,0.11523215106488127,0.34649500047945203
2026-09-10,ZM,2,2026-09-14,96.84500122070312,97.0,94.98999786376952,95.36000061035156,95.45999908447266,95.23999786376952,-0.1047543212656099,0.12600036673005022
2026-09-10,ZM,3,2026-09-15,94.7300033569336,95.2020034790039,92.7249984741211,93.06999969482422,95.45999908447266,95.23999786376952,-2.503665841787328,-2.2784525594480187
2026-09-10,ZM,4,2026-09-16,,,,,95.45999908447266,95.23999786376952,,
2026-09-15,ABAT,1,2026-09-16,,,,,2.240000009536743,,,
2026-09-15,ACDC,1,2026-09-16,,,,,4.849999904632568,,,
2026-09-15,ACLS,1,2026-09-16,107.41000366210938,107.62999725341795,102.66000366210938,103.75,105.04000091552734,107.41000366210938,-1.2281044404833463,-3.407507250090991
2026-09-15,ACMR,1,2026-09-16,,,,,63.93999862670898,,,
2026-09-15,ACRV,1,2026-09-16,,,,,1.830000042915344,,,
2026-09-15,ACTU,1,2026-09-16,,,,,0.984000027179718,,,
2026-09-15,ADBT,1,2026-09-16,,,,,0.1299999952316284,,,
2026-09-15,ADGM,1,2026-09-16,,,,,0.4620000123977661,,,
2026-09-15,ADMA,1,2026-09-16,,,,,8.609999656677246,,,
2026-09-15,ADVB,1,2026-09-16,,,,,8.079999923706055,,,
2026-09-15,AEHR,1,2026-09-16,84.30000305175781,85.30999755859375,81.12999725341797,84.25,81.58000183105469,84.30000305175781,3.272858677393331,-0.05931559898890715
2026-09-15,AEI,1,2026-09-16,,,,,1.0729999542236328,,,
2026-09-15,AEMD,1,2026-09-16,1.4600000381469729,1.5,1.409999966621399,1.4299999475479126,1.4700000286102295,1.4600000381469729,-2.7210938968575293,-2.05480067227507
2026-09-15,AGMB,1,2026-09-16,,,,,12.15999984741211,,,
2026-09-15,AGMH,1,2026-09-16,,,,,0.7570000290870667,,,
2026-09-15,AGRO,1,2026-09-16,11.479999542236328,11.760000228881836,11.289999961853027,11.619999885559082,11.5600004196167,11.479999542236328,0.5190265031527863,1.2195152343662974
2026-09-15,AHMA,1,2026-09-16,,,,,1.340000033378601,,,
2026-09-15,AIFA,1,2026-09-16,,,,,2.9100000858306885,,,
2026-09-15,AIFF,1,2026-09-16,1.0,1.0,0.9300000071525574,0.9300000071525574,1.0,1.0,-6.999999284744263,-6.999999284744263
2026-09-15,AIFU,1,2026-09-16,9.989999771118164,10.75,9.600000381469728,10.75,9.56999969482422,9.989999771118164,12.33020211917002,7.607610073015758
2026-09-15,AIIO,1,2026-09-16,,,,,1.5399999618530271,,,
2026-09-15,AIIR,1,2026-09-16,,,,,7.289999961853027,,,
2026-09-15,AIMD,1,2026-09-16,,,,,1.3700000047683716,,,
2026-09-15,AIP,1,2026-09-16,,,,,20.40999984741211,,,
2026-09-15,AIRS,1,2026-09-16,,,,,2.130000114440918,,,
2026-09-15,AKBA,1,2026-09-16,,,,,0.902999997138977,,,
2026-09-15,ALLR,1,2026-09-16,,,,,1.1100000143051147,,,
2026-09-15,ALM,1,2026-09-16,,,,,14.039999961853027,,,
2026-09-15,ALMS,1,2026-09-16,,,,,8.399999618530273,,,
2026-09-15,ALMU,1,2026-09-16,,,,,13.130000114440918,,,
2026-09-15,ALNY,1,2026-09-16,239.5,242.2400054931641,236.0,239.3600006103516,238.2700042724609,239.5,0.4574626761009615,-0.05845485997846289
2026-09-15,ALVO,1,2026-09-16,,,,,5.019999980926514,,,
2026-09-15,AMAT,1,2026-09-16,429.7300109863281,430.739990234375,411.510009765625,415.3800048828125,421.1700134277344,429.7300109863281,-1.374743775749676,-3.3393074108506116
2026-09-15,AMBA,1,2026-09-16,,,,,64.33000183105469,,,
2026-09-15,AMR,1,2026-09-16,,,,,188.6199951171875,,,
2026-09-15,AMSS,1,2026-09-16,,,,,0.6600000262260437,,,
2026-09-15,AMZE,1,2026-09-16,,,,,0.1340000033378601,,,
2026-09-15,ANNX,1,2026-09-16,,,,,3.920000076293945,,,
2026-09-15,ANPA,1,2026-09-16,,,,,2.4100000858306885,,,
2026-09-15,ANRO,1,2026-09-16,,,,,30.25,,,
2026-09-15,ANTX,1,2026-09-16,,,,,5.360000133514404,,,
2026-09-15,APAM,1,2026-09-16,,,,,36.72999954223633,,,
2026-09-15,APUS,1,2026-09-16,,,,,1.6399999856948853,,,
2026-09-15,APVO,1,2026-09-16,,,,,1.7100000381469729,,,
2026-09-15,AREC,1,2026-09-16,,,,,2.059999942779541,,,
2026-09-15,AROC,1,2026-09-16,30.700000762939453,31.65999984741211,30.6299991607666,31.049999237060547,30.57999992370605,30.700000762939453,1.5369500148040949,1.1400601479580663
2026-09-15,ARQQ,1,2026-09-16,,,,,18.270000457763672,,,
2026-09-15,ARTL,1,2026-09-16,,,,,5.340000152587891,,,
2026-09-15,ARTV,1,2026-09-16,,,,,8.90999984741211,,,
2026-09-15,ARWR,1,2026-09-16,70.41000366210938,71.9280014038086,64.5,65.79000091552734,70.66999816894531,70.41000366210938,-6.9053309464530255,-6.561571518662268
2026-09-15,ARXS,1,2026-09-16,,,,,49.720001220703125,,,
2026-09-15,ASBP,1,2026-09-16,,,,,8.199999809265137,,,
2026-09-15,ASM,1,2026-09-16,6.300000190734863,6.309999942779541,5.829999923706055,5.96999979019165,6.139999866485596,6.300000190734863,-2.7687309444723085,-5.238101437338527
2026-09-15,ASMB,1,2026-09-16,26.11000061035156,26.690000534057617,25.1299991607666,25.479999542236328,26.11000061035156,26.11000061035156,-2.4128726671322265,-2.4128726671322265
2026-09-15,ASML,1,2026-09-16,1629.8499755859375,1629.8499755859375,1584.5400390625,1602.219970703125,1591.47998046875,1629.8499755859375,0.6748429365232456,-1.6952483539400265
2026-09-15,ASND,1,2026-09-16,,,,,239.7700042724609,,,
2026-09-15,ASPI,1,2026-09-16,,,,,3.1600000858306885,,,
2026-09-15,ASTC,1,2026-09-16,6.480000019073486,6.539999961853027,5.909999847412109,6.010000228881836,6.480000019073486,6.480000019073486,-7.253083160620899,-7.253083160620899
2026-09-15,ASYS,1,2026-09-16,13.979999542236328,14.260000228881836,13.619999885559082,13.850000381469728,13.829999923706056,13.979999542236328,0.14461647052788074,-0.9298938842869586
2026-09-15,ATER,1,2026-09-16,,,,,0.6949999928474426,,,
2026-09-15,ATEX,1,2026-09-16,,,,,75.95999908447266,,,
2026-09-15,ATGL,1,2026-09-16,,,,,4.699999809265137,,,
2026-09-15,ATI,1,2026-09-16,188.63999938964844,193.88999938964844,186.8000030517578,189.6499938964844,186.69000244140625,188.63999938964844,1.5855114984034469,0.5354084553137461
2026-09-15,ATRA,1,2026-09-16,,,,,9.4399995803833,,,
2026-09-15,ATRO,1,2026-09-16,66.75,69.63999938964844,65.62000274658203,66.27999877929688,66.63999938964844,66.75,-0.5402170072760892,-0.7041216789559934
2026-09-15,ATTT,1,2026-09-16,,,,,2.7100000381469727,,,
2026-09-15,ATYR,1,2026-09-16,,,,,0.3889999985694885,,,
2026-09-15,AUXX,1,2026-09-16,5.980000019073486,5.994999885559082,5.590000152587891,5.78000020980835,5.809999942779541,5.980000019073486,-0.516346527825251,-3.3444784051375964
2026-09-15,AVGO,1,2026-09-16,342.3699951171875,344.1499938964844,335.8099975585937,339.510009765625,339.2699890136719,342.3699951171875,0.0707462374290424,-0.8353492982302924
2026-09-15,AVTX,1,2026-09-16,,,,,16.06999969482422,,,
2026-09-15,AVXL,1,2026-09-16,,,,,2.440000057220459,,,
2026-09-15,AXTI,1,2026-09-16,59.4900016784668,66.58000183105469,59.29999923706055,64.30000305175781,57.70000076293945,59.4900016784668,11.438478685528054,8.085394583258276
2026-09-15,BAC,1,2026-09-16,59.27000045776367,59.38999938964844,57.18000030517578,57.900001525878906,59.52000045776367,59.27000045776367,-2.721772378067,-2.311454228621168
2026-09-15,BAOS,1,2026-09-16,,,,,0.3030000030994415,,,
2026-09-15,BARK,1,2026-09-16,,,,,8.850000381469727,,,
2026-09-15,BBIO,1,2026-09-16,,,,,68.38999938964844,,,
2026-09-15,BBW,1,2026-09-16,25.959999084472656,26.709999084472656,25.530000686645508,26.3700008392334,25.739999771118164,25.959999084472656,2.4475566189481324,1.5793596657172948
2026-09-15,BENF,1,2026-09-16,,,,,0.6019999980926514,,,
2026-09-15,BESS,1,2026-09-16,2.7799999713897705,2.9600000381469727,2.75,2.7799999713897705,2.7300000190734863,2.7799999713897705,1.8315000720495744,0.0
2026-09-15,BFRG,1,2026-09-16,,,,,0.4480000138282776,,,
2026-09-15,BGM,1,2026-09-16,,,,,0.2469999939203262,,,
2026-09-15,BIAF,1,2026-09-16,,,,,6.360000133514404,,,
2026-09-15,BIOT,1,2026-09-16,,,,,0.3700000047683716,,,
2026-09-15,BJDX,1,2026-09-16,,,,,0.8479999899864197,,,
2026-09-15,BNAI,1,2026-09-16,,,,,6.994999885559082,,,
2026-09-15,BNTC,1,2026-09-16,,,,,11.050000190734863,,,
2026-09-15,BODI,1,2026-09-16,,,,,4.960000038146973,,,
2026-09-15,BOXL,1,2026-09-16,,,,,5.079999923706055,,,
2026-09-15,BRCB,1,2026-09-16,,,,,6.980000019073486,,,
2026-09-15,BRLT,1,2026-09-16,,,,,1.3899999856948853,,,
2026-09-15,BROS,1,2026-09-16,,,,,41.97999954223633,,,
2026-09-15,BRUN,1,2026-09-16,,,,,13.56999969482422,,,
2026-09-15,BUR,1,2026-09-16,,,,,4.179999828338623,,,
2026-09-15,BZ,1,2026-09-16,,,,,15.03499984741211,,,
2026-09-15,CABO,1,2026-09-16,,,,,18.6299991607666,,,
2026-09-15,CADL,1,2026-09-16,,,,,11.119999885559082,,,
2026-09-15,CALC,1,2026-09-16,,,,,1.9800000190734863,,,
2026-09-15,CAPS,1,2026-09-16,0.1800000071525573,0.1899999976158142,0.1700000017881393,0.1700000017881393,0.1700000017881393,0.1800000071525573,0.0,-5.55555831502973
2026-09-15,CASY,1,2026-09-16,590.0,601.6699829101562,586.25,589.0,587.1400146484375,590.0,0.3167873599410953,-0.16949152542372614
2026-09-15,CBOE,1,2026-09-16,268.4800109863281,276.20001220703125,266.1400146484375,270.42999267578125,270.44000244140625,268.4800109863281,-0.003701288838420247,0.7263042348252924
2026-09-15,CBRS,1,2026-09-16,,,,,184.02999877929688,,,
2026-09-15,CBUS,1,2026-09-16,,,,,1.5800000429153442,,,
2026-09-15,CDT,1,2026-09-16,,,,,0.2029999941587448,,,
2026-09-15,CDZI,1,2026-09-16,3.5199999809265137,3.5799999237060547,3.4800000190734863,3.559999942779541,3.509999990463257,3.5199999809265137,1.4245000698613897,1.136362558800319
2026-09-15,CEG,1,2026-09-16,,,,,259.8900146484375,,,
2026-09-15,CELU,1,2026-09-16,,,,,1.2400000095367432,,,
2026-09-15,CELZ,1,2026-09-16,,,,,0.8849999904632568,,,
2026-09-15,CENX,1,2026-09-16,40.310001373291016,40.97999954223633,39.2599983215332,39.79999923706055,39.709999084472656,40.310001373291016,0.2266435524121757,-1.2651999971609817
2026-09-15,CHGA,1,2026-09-16,,,,,1.9800000190734863,,,
2026-09-15,CIIT,1,2026-09-16,,,,,2.400000095367432,,,
2026-09-15,CIRC,1,2026-09-16,,,,,0.4699999988079071,,,
2026-09-15,CISS,1,2026-09-16,,,,,1.25,,,
2026-09-15,CLDI,1,2026-09-16,,,,,1.1699999570846558,,,
2026-09-15,CLNN,1,2026-09-16,,,,,4.019999980926514,,,
2026-09-15,CMCT,1,2026-09-16,2.4800000190734863,2.75,2.450000047683716,2.559999942779541,2.5299999713897705,2.4800000190734863,1.1857696335581869,3.2258033504347416
2026-09-15,CMND,1,2026-09-16,,,,,0.8640000224113464,,,
2026-09-15,CMPS,1,2026-09-16,,,,,13.8100004196167,,,
2026-09-15,CMPX,1,2026-09-16,,,,,1.850000023841858,,,
2026-09-15,CNET,1,2026-09-16,1.2999999523162842,1.2999999523162842,1.2400000095367432,1.2999999523162842,1.2400000095367432,1.2999999523162842,4.8387050256521125,0.0
2026-09-15,CNL,1,2026-09-16,,,,,12.869999885559082,,,
2026-09-15,CNSY,1,2026-09-16,2.109999895095825,2.150000095367432,2.0,2.039999961853028,2.119999885559082,2.109999895095825,-3.7735815105931825,-3.317532546115054
2026-09-15,CNTB,1,2026-09-16,,,,,1.1699999570846558,,,
2026-09-15,COCP,1,2026-09-16,,,,,1.1399999856948853,,,
2026-09-15,COHN,1,2026-09-16,10.529999732971191,10.529999732971191,9.90999984741211,10.0,10.329999923706056,10.529999732971191,-3.194578181445562,-5.033235958322713
2026-09-15,CRBP,1,2026-09-16,,,,,6.920000076293945,,,
2026-09-15,CRDL,1,2026-09-16,,,,,1.850000023841858,,,
2026-09-15,CRS,1,2026-09-16,420.2699890136719,423.8900146484375,409.1499938964844,411.7999877929688,415.3200073242188,420.2699890136719,-0.8475439345983937,-2.015371414119105
2026-09-15,CRWV,1,2026-09-16,,,,,80.91999816894531,,,
2026-09-15,CSAI,1,2026-09-16,,,,,3.2699999809265137,,,
2026-09-15,CSIQ,1,2026-09-16,12.399999618530272,12.4399995803833,11.100000381469728,11.34000015258789,12.239999771118164,12.399999618530272,-7.352938197384096,-8.548383052837693
2026-09-15,CTMX,1,2026-09-16,,,,,2.690000057220459,,,
2026-09-15,CTNM,1,2026-09-16,,,,,13.81999969482422,,,
2026-09-15,CTRN,1,2026-09-16,58.09000015258789,59.81999969482422,56.59999847412109,58.20000076293945,57.09999847412109,58.09000015258789,1.9264488935440305,0.18936238606062084
2026-09-15,CTSO,1,2026-09-16,,,,,6.059999942779541,,,
2026-09-15,CURR,1,2026-09-16,,,,,3.325000047683716,,,
2026-09-15,CVKD,1,2026-09-16,,,,,1.0499999523162842,,,
2026-09-15,CVV,1,2026-09-16,4.480000019073486,4.659999847412109,4.46999979019165,4.599999904632568,4.46999979019165,4.480000019073486,2.9082801016271143,2.6785688626827175
2026-09-15,CWD,1,2026-09-16,,,,,0.4839999973773956,,,
2026-09-15,CXAI,1,2026-09-16,,,,,2.5799999237060547,,,
2026-09-15,CYAB,1,2026-09-16,,,,,0.3000000119209289,,,
2026-09-15,CYCU,1,2026-09-16,,,,,3.4200000762939453,,,
2026-09-15,CYN,1,2026-09-16,,,,,0.7979999780654907,,,
2026-09-15,DAIC,1,2026-09-16,,,,,2.180000066757202,,,
2026-09-15,DAKT,1,2026-09-16,17.81999969482422,18.030000686645508,17.360000610351562,17.559999465942383,17.739999771118164,17.81999969482422,-1.0146578776671245,-1.4590361017646547
2026-09-15,DBGI,1,2026-09-16,,,,,4.5,,,
2026-09-15,DCX,1,2026-09-16,,,,,0.3499999940395355,,,
2026-09-15,DFLI,1,2026-09-16,,,,,0.8500000238418579,,,
2026-09-15,DFNS,1,2026-09-16,,,,,8.279999732971191,,,
2026-09-15,DFSC,1,2026-09-16,,,,,1.2300000190734863,,,
2026-09-15,DLTH,1,2026-09-16,,,,,4.289999961853027,,,
2026-09-15,DLTR,1,2026-09-16,113.87000274658205,115.25,111.43000030517578,112.4000015258789,112.79000091552734,113.87000274658205,-0.34577479074632267,-1.2909468562801618
2026-09-15,DNN,1,2026-09-16,2.890000104904175,2.9200000762939453,2.7699999809265137,2.819999933242798,2.859999895095825,2.890000104904175,-1.3986001160915085,-2.4221511806380325
2026-09-15,DOCN,1,2026-09-16,,,,,117.8499984741211,,,
2026-09-15,DPC,1,2026-09-16,,,,,40.060001373291016,,,
2026-09-15,DPU,1,2026-09-16,,,,,1.7100000381469729,,,
2026-09-15,DSGN,1,2026-09-16,,,,,12.225000381469728,,,
2026-09-15,DTI,1,2026-09-16,,,,,2.5,,,
2026-09-15,DUO,1,2026-09-16,,,,,0.4629999995231628,,,
2026-09-15,DVLT,1,2026-09-16,,,,,0.1599999964237213,,,
2026-09-15,DYAI,1,2026-09-16,0.4199999868869781,0.4300000071525574,0.3400000035762787,0.4000000059604645,0.4300000071525574,0.4199999868869781,-6.976744347227271,-4.761900369272065
2026-09-15,EAT,1,2026-09-16,204.8500061035156,216.27999877929688,204.5,210.6100006103516,203.47000122070312,204.8500061035156,3.5091165020949333,2.8118107567569828
2026-09-15,EBON,1,2026-09-16,,,,,2.0,,,
2026-09-15,EDSA,1,2026-09-16,4.079999923706055,4.119999885559082,3.839999914169312,3.869999885559082,4.119999885559082,4.079999923706055,-6.067961333597827,-5.147059854751657
2026-09-15,EE,1,2026-09-16,,,,,35.95000076293945,,,
2026-09-15,EHGO,1,2026-09-16,,,,,0.9829999804496764,,,
2026-09-15,EHLD,1,2026-09-16,,,,,14.199999809265137,,,
2026-09-15,ELVR,1,2026-09-16,,,,,46.5,,,
2026-09-15,ENLT,1,2026-09-16,,,,,69.55000305175781,,,
2026-09-15,ENLV,1,2026-09-16,,,,,0.8830000162124634,,,
2026-09-15,ENS,1,2026-09-16,172.52999877929688,173.77999877929688,169.97000122070312,171.8699951171875,170.66000366210938,172.52999877929688,0.7090070485840316,-0.38254429187914996
2026-09-15,ENSC,1,2026-09-16,,,,,0.4519999921321869,,,
2026-09-15,ENVA,1,2026-09-16,,,,,173.61000061035156,,,
2026-09-15,EOCN,1,2026-09-16,,,,,3.625,,,
2026-09-15,EPOW,1,2026-09-16,,,,,0.2720000147819519,,,
2026-09-15,EQ,1,2026-09-16,,,,,2.049999952316284,,,
2026-09-15,ERO,1,2026-09-16,,,,,32.529998779296875,,,
2026-09-15,EROK,1,2026-09-16,,,,,24.399999618530277,,,
2026-09-15,ESI,1,2026-09-16,,,,,31.790000915527344,,,
2026-09-15,ETON,1,2026-09-16,,,,,54.93000030517578,,,
2026-09-15,EU,1,2026-09-16,0.9399999976158142,0.949999988079071,0.8700000047683716,0.8799999952316284,0.9300000071525574,0.9399999976158142,-5.376345326492771,-6.382978993230626
2026-09-15,EVH,1,2026-09-16,,,,,3.740000009536743,,,
2026-09-15,EXK,1,2026-09-16,9.859999656677246,9.869999885559082,9.3100004196167,9.529999732971191,9.640000343322754,9.859999656677246,-1.141085128982966,-3.3468553265372236
2026-09-15,EXYN,1,2026-09-16,,,,,2.5799999237060547,,,
2026-09-15,EYE,1,2026-09-16,,,,,15.850000381469728,,,
2026-09-15,EYPT,1,2026-09-16,3.660000085830689,3.740000009536743,3.4200000762939453,3.450000047683716,3.660000085830689,3.660000085830689,-5.737705825744833,-5.737705825744833
2026-09-15,EZPW,1,2026-09-16,30.600000381469727,31.34000015258789,30.350000381469727,30.739999771118164,30.34000015258789,30.600000381469727,1.318390298347305,0.4575143395528114
2026-09-15,FBLG,1,2026-09-16,,,,,1.440000057220459,,,
2026-09-15,FEAM,1,2026-09-16,,,,,1.2599999904632568,,,
2026-09-15,FEBO,1,2026-09-16,,,,,0.722000002861023,,,
2026-09-15,FEED,1,2026-09-16,,,,,,,,
2026-09-15,FHTX,1,2026-09-16,,,,,4.119999885559082,,,
2026-09-15,FIP,1,2026-09-16,,,,,2.900000095367432,,,
2026-09-15,FLL,1,2026-09-16,1.830000042915344,1.8600000143051147,1.7100000381469729,1.7100000381469729,1.840000033378601,1.830000042915344,-7.065217003986824,-6.557377155969957
2026-09-15,FLNA,1,2026-09-16,0.6899999976158142,0.699999988079071,0.6700000166893005,0.6800000071525574,0.699999988079071,0.6899999976158142,-2.8571401810159047,-1.4492739851898917
2026-09-15,FMC,1,2026-09-16,11.130000114440918,11.229999542236328,10.609999656677246,10.800000190734863,11.25,11.130000114440918,-3.999998304578989,-2.9649588527666526
2026-09-15,FMST,1,2026-09-16,,,,,0.7739999890327454,,,
2026-09-15,FNGR,1,2026-09-16,,,,,0.1439999938011169,,,
2026-09-15,FOFO,1,2026-09-16,,,,,1.850000023841858,,,
2026-09-15,FOXX,1,2026-09-16,,,,,2.450000047683716,,,
2026-09-15,FRGT,1,2026-09-16,,,,,0.7910000085830688,,,
2026-09-15,FTCI,1,2026-09-16,,,,,2.109999895095825,,,
2026-09-15,FTHM,1,2026-09-16,,,,,0.5419999957084656,,,
2026-09-15,FTI,1,2026-09-16,74.62999725341797,75.30999755859375,71.95999908447266,72.77999877929688,74.97000122070312,74.62999725341797,-2.921171676333756,-2.478893933010784
2026-09-15,FUSE,1,2026-09-16,,,,,0.5320000052452087,,,
2026-09-15,FVN,1,2026-09-16,,,,,9.489999771118164,,,
2026-09-15,FWRG,1,2026-09-16,,,,,10.489999771118164,,,
2026-09-15,GAIA,1,2026-09-16,1.2699999809265137,1.3200000524520874,1.190000057220459,1.2400000095367432,1.2799999713897705,1.2699999809265137,-3.1249970896168877,-2.362202507112199
2026-09-15,GAU,1,2026-09-16,2.0999999046325684,2.109999895095825,1.9800000190734863,2.0299999713897705,2.059999942779541,2.0999999046325684,-1.4563093312173536,-3.3333303057956787
2026-09-15,GAUZ,1,2026-09-16,,,,,7.599999904632568,,,
2026-09-15,GBR,1,2026-09-16,0.7699999809265137,0.7699999809265137,0.7099999785423279,0.7200000286102295,0.75,0.7699999809265137,-3.9999961853027344,-6.49350046166508
2026-09-15,GCDT,1,2026-09-16,,,,,0.3899999856948852,,,
2026-09-15,GCTK,1,2026-09-16,,,,,2.2699999809265137,,,
2026-09-15,GDHG,1,2026-09-16,,,,,1.1399999856948853,,,
2026-09-15,GELS,1,2026-09-16,,,,,0.6159999966621399,,,
2026-09-15,GENK,1,2026-09-16,,,,,1.659999966621399,,,
2026-09-15,GETY,1,2026-09-16,,,,,0.2290000021457672,,,
2026-09-15,GFAI,1,2026-09-16,,,,,0.3470000028610229,,,
2026-09-15,GGB,1,2026-09-16,5.050000190734863,5.099999904632568,4.909999847412109,4.989999771118164,5.059999942779541,5.050000190734863,-1.3834026176475556,-1.1881270762480578
2026-09-15,GIFT,1,2026-09-16,,,,,0.699999988079071,,,
2026-09-15,GIPR,1,2026-09-16,,,,,0.3549999892711639,,,
2026-09-15,GLUE,1,2026-09-16,,,,,12.989999771118164,,,
2026-09-15,GLXY,1,2026-09-16,,,,,22.290000915527344,,,
2026-09-15,GMEX,1,2026-09-16,,,,,0.4449999928474426,,,
2026-09-15,GMM,1,2026-09-16,,,,,1.9700000286102293,,,
2026-09-15,GNW,1,2026-09-16,10.0,10.199999809265137,9.899999618530272,10.09000015258789,10.010000228881836,10.0,0.7992000187495574,0.9000015258789018
2026-09-15,GOAI,1,2026-09-16,,,,,2.619999885559082,,,
2026-09-15,GOSS,1,2026-09-16,,,,,10.380000114440918,,,
2026-09-15,GOVX,1,2026-09-16,,,,,0.4189999997615814,,,
2026-09-15,GRAN,1,2026-09-16,,,,,1.0099999904632568,,,
2026-09-15,GUTS,1,2026-09-16,,,,,0.5649999976158142,,,
2026-09-15,GWAV,1,2026-09-16,,,,,2.6600000858306885,,,
2026-09-15,GWH,1,2026-09-16,,,,,0.3339999914169311,,,
2026-09-15,GXAI,1,2026-09-16,,,,,0.621999979019165,,,
2026-09-15,GYGY,1,2026-09-16,,,,,0.949999988079071,,,
2026-09-15,HCAI,1,2026-09-16,,,,,0.609000027179718,,,
2026-09-15,HCWB,1,2026-09-16,,,,,2.049999952316284,,,
2026-09-15,HDRN,1,2026-09-16,,,,,1.6100000143051147,,,
2026-09-15,HL,1,2026-09-16,19.09000015258789,19.149999618530277,17.59000015258789,17.989999771118164,18.68000030517578,19.09000015258789,-3.6937929485281407,-5.762181103600506
2026-09-15,HNRG,1,2026-09-16,14.510000228881836,14.831000328063965,14.44499969482422,14.6899995803833,14.329999923706056,14.510000228881836,2.5122097599016513,1.2405192878162774
2026-09-15,HQ,1,2026-09-16,,,,,13.199999809265137,,,
2026-09-15,HROW,1,2026-09-16,33.849998474121094,34.439998626708984,33.5,34.209999084472656,33.84000015258789,33.849998474121094,1.0933774533581575,1.0635173606486026
2026-09-15,HTCO,1,2026-09-16,,,,,2.049999952316284,,,
2026-09-15,HTOO,1,2026-09-16,,,,,2.130000114440918,,,
2026-09-15,HUBC,1,2026-09-16,,,,,6.329999923706055,,,
2026-09-15,HUBG,1,2026-09-16,33.040000915527344,33.619998931884766,32.470001220703125,33.119998931884766,33.45000076293945,33.040000915527344,-0.9865525367051986,0.2421247401352966
2026-09-15,HUHU,1,2026-09-16,,,,,3.7200000286102295,,,
2026-09-15,HVII,1,2026-09-16,,,,,9.539999961853027,,,
2026-09-15,HXHX,1,2026-09-16,,,,,0.4110000133514404,,,
2026-09-15,IDAI,1,2026-09-16,,,,,2.970000028610229,,,
2026-09-15,IDN,1,2026-09-16,2.440000057220459,2.440000057220459,2.3499999046325684,2.380000114440918,2.430000066757202,2.440000057220459,-2.057611149904548,-2.459013990675485
2026-09-15,IDR,1,2026-09-16,29.030000686645508,29.030000686645508,27.549999237060547,28.0,28.790000915527344,29.030000686645508,-2.744011428986348,-3.548056018887158
2026-09-15,IE,1,2026-09-16,,,,,9.289999961853027,,,
2026-09-15,IIIV,1,2026-09-16,,,,,14.770000457763672,,,
2026-09-15,ILAG,1,2026-09-16,,,,,2.789999961853028,,,
2026-09-15,IMC,1,2026-09-16,,,,,6.21999979019165,,,
2026-09-15,IMCC,1,2026-09-16,,,,,1.6299999952316284,,,
2026-09-15,IMNN,1,2026-09-16,1.399999976158142,1.4800000190734863,1.3799999952316284,1.409999966621399,1.399999976158142,1.399999976158142,0.7142850452539706,0.7142850452539706
2026-09-15,IMRX,1,2026-09-16,,,,,4.440000057220459,,,
2026-09-15,IMSR,1,2026-09-16,,,,,4.28000020980835,,,
2026-09-15,IMUX,1,2026-09-16,,,,,10.369999885559082,,,
2026-09-15,INDI,1,2026-09-16,,,,,3.0799999237060547,,,
2026-09-15,INHD,1,2026-09-16,,,,,3.5,,,
2026-09-15,INKT,1,2026-09-16,,,,,11.40999984741211,,,
2026-09-15,INLF,1,2026-09-16,,,,,2.890000104904175,,,
2026-09-15,INO,1,2026-09-16,1.1799999475479126,1.1799999475479126,1.0800000429153442,1.149999976158142,1.159999966621399,1.1799999475479126,-0.8620681681899223,-2.5423705697709242
2026-09-15,INUV,1,2026-09-16,0.6000000238418579,0.6000000238418579,0.5799999833106995,0.5899999737739563,0.5699999928474426,0.6000000238418579,3.5087686276281227,-1.6666749450892193
2026-09-15,INV,1,2026-09-16,,,,,0.7490000128746033,,,
2026-09-15,IONS,1,2026-09-16,47.380001068115234,47.59000015258789,44.65999984741211,44.84000015258789,47.25,47.380001068115234,-5.100528777591762,-5.3609135885745225
2026-09-15,IPST,1,2026-09-16,,,,,3.049999952316284,,,
2026-09-15,IPWR,1,2026-09-16,,,,,4.199999809265137,,,
2026-09-15,IRON,1,2026-09-16,,,,,67.30000305175781,,,
2026-09-15,ISOU,1,2026-09-16,,,,,10.369999885559082,,,
2026-09-15,ISPC,1,2026-09-16,,,,,1.3300000429153442,,,
2026-09-15,ITG,1,2026-09-16,,,,,12.34000015258789,,,
2026-09-15,JACK,1,2026-09-16,13.699999809265137,13.779999732971191,13.100000381469728,13.210000038146973,13.59000015258789,13.699999809265137,-2.796174467802015,-3.5766407148909884
2026-09-15,JANX,1,2026-09-16,,,,,16.440000534057617,,,
2026-09-15,JLHL,1,2026-09-16,,,,,5.599999904632568,,,
2026-09-15,JMKE,1,2026-09-16,,,,,20.75,,,
2026-09-15,JSPR,1,2026-09-16,,,,,0.5699999928474426,,,
2026-09-15,JYD,1,2026-09-16,,,,,0.7279999852180481,,,
2026-09-15,KAI,1,2026-09-16,268.3999938964844,274.2699890136719,264.5299987792969,270.0,265.5599975585937,268.3999938964844,1.6719394796750775,0.5961274738824018
2026-09-15,KALU,1,2026-09-16,152.97999572753906,155.30999755859375,149.77999877929688,152.3800048828125,149.97000122070312,152.97999572753906,1.6069904930938073,-0.3922021581142965
2026-09-15,KAZR,1,2026-09-16,1.950000047683716,2.0299999713897705,1.659999966621399,1.7400000095367432,1.8799999952316284,1.950000047683716,-7.446807768615782,-10.76923246214373
2026-09-15,KIDZ,1,2026-09-16,,,,,3.015000104904175,,,
2026-09-15,KLC,1,2026-09-16,,,,,2.319999933242798,,,
2026-09-15,KLRA,1,2026-09-16,,,,,13.449999809265137,,,
2026-09-15,KRUS,1,2026-09-16,,,,,35.47999954223633,,,
2026-09-15,KSCP,1,2026-09-16,,,,,1.2300000190734863,,,
2026-09-15,KUST,1,2026-09-16,0.5899999737739563,0.6100000143051147,0.5799999833106995,0.5899999737739563,0.5799999833106995,0.5899999737739563,1.7241363363798445,0.0
2026-09-15,LBRT,1,2026-09-16,,,,,19.46999931335449,,,
2026-09-15,LDI,1,2026-09-16,,,,,0.7319999933242798,,,
2026-09-15,LENZ,1,2026-09-16,,,,,4.230000019073486,,,
2026-09-15,LESL,1,2026-09-16,,,,,0.4670000076293945,,,
2026-09-15,LEU,1,2026-09-16,144.5,145.0,135.85000610351562,139.00999450683594,142.1199951171875,144.5,-2.1882920892216218,-3.7993117599751325
2026-09-15,LEXX,1,2026-09-16,,,,,3.2100000381469727,,,
2026-09-15,LIDR,1,2026-09-16,,,,,1.2100000381469729,,,
2026-09-15,LITE,1,2026-09-16,,,,,838.9600219726562,,,
2026-09-15,LNAI,1,2026-09-16,,,,,2.190000057220459,,,
2026-09-15,LOBO,1,2026-09-16,,,,,0.5239999890327454,,,
2026-09-15,LOCO,1,2026-09-16,,,,,14.510000228881836,,,
2026-09-15,LODE,1,2026-09-16,2.559999942779541,2.619999885559082,2.430000066757202,2.490000009536743,2.549999952316284,2.559999942779541,-2.352938976529795,-2.7343724534147795
2026-09-15,LPTH,1,2026-09-16,9.399999618530272,9.40999984741211,8.989999771118164,9.390000343322754,9.289999961853027,9.399999618530272,1.0764303754612792,-0.10637527248199552
2026-09-15,LRCX,1,2026-09-16,277.1300048828125,277.7799987792969,265.75,269.2300109863281,270.8699951171875,277.1300048828125,-0.6054506443764152,-2.8506454578330342
2026-09-15,LSAK,1,2026-09-16,4.309999942779541,4.420000076293945,4.21999979019165,4.239999771118164,4.260000228881836,4.309999942779541,-0.4694942884761688,-1.6241339348193495
2026-09-15,LTBR,1,2026-09-16,6.659999847412109,6.659999847412109,6.329999923706055,6.46999979019165,6.610000133514404,6.659999847412109,-2.1180081769274994,-2.8528537773809037
2026-09-15,LVLU,1,2026-09-16,,,,,9.960000038146973,,,
2026-09-15,LVO,1,2026-09-16,,,,,3.5999999046325684,,,
2026-09-15,LWLG,1,2026-09-16,4.78000020980835,4.840000152587891,4.619999885559082,4.829999923706055,4.659999847412109,4.78000020980835,3.6480704261901087,1.0460190732859864
2026-09-15,LYEL,1,2026-09-16,,,,,10.90999984741211,,,
2026-09-15,MAIR,1,2026-09-16,,,,,23.899999618530277,,,
2026-09-15,MAMA,1,2026-09-16,,,,,13.140000343322754,,,
2026-09-15,MASK,1,2026-09-16,,,,,1.0,,,
2026-09-15,MB,1,2026-09-16,,,,,4.079999923706055,,,
2026-09-15,MCHX,1,2026-09-16,1.25,1.3300000429153442,1.25,1.2899999618530271,1.2300000190734863,1.25,4.8780440527746105,3.1999969482421786
2026-09-15,MCRB,1,2026-09-16,,,,,4.599999904632568,,,
2026-09-15,MDBH,1,2026-09-16,,,,,2.6700000762939453,,,
2026-09-15,MDIA,1,2026-09-16,,,,,1.0460000038146973,,,
2026-09-15,MEC,1,2026-09-16,,,,,17.139999389648438,,,
2026-09-15,METC,1,2026-09-16,,,,,10.039999961853027,,,
2026-09-15,METCB,1,2026-09-16,,,,,5.440000057220459,,,
2026-09-15,MIAX,1,2026-09-16,,,,,39.5099983215332,,,
2026-09-15,MIMI,1,2026-09-16,,,,,0.9269999861717224,,,
2026-09-15,MIRA,1,2026-09-16,,,,,0.7139999866485596,,,
2026-09-15,MIST,1,2026-09-16,,,,,0.9279999732971193,,,
2026-09-15,MLEC,1,2026-09-16,,,,,6.625999927520752,,,
2026-09-15,MLGO,1,2026-09-16,,,,,3.440000057220459,,,
2026-09-15,MLTX,1,2026-09-16,,,,,12.199999809265137,,,
2026-09-15,MNKD,1,2026-09-16,3.569999933242798,3.609999895095825,3.5199999809265137,3.549999952316284,3.559999942779541,3.569999933242798,-0.2808986130333757,-0.5602235658404231
2026-09-15,MNY,1,2026-09-16,,,,,0.7820000052452087,,,
2026-09-15,MOBX,1,2026-09-16,,,,,0.9350000023841858,,,
2026-09-15,MPLT,1,2026-09-16,,,,,12.079999923706056,,,
2026-09-15,MTSI,1,2026-09-16,,,,,240.0200042724609,,,
2026-09-15,MTVA,1,2026-09-16,,,,,1.5800000429153442,,,
2026-09-15,MU,1,2026-09-16,934.22998046875,941.2000122070312,917.6400146484376,926.5499877929688,927.5999755859376,934.22998046875,-0.11319402981933013,-0.8220666041918068
2026-09-15,MUX,1,2026-09-16,18.989999771118164,19.0,17.709999084472656,18.18000030517578,18.56999969482422,18.989999771118164,-2.100158298640886,-4.265400082701998
2026-09-15,MYO,1,2026-09-16,,,,,1.2400000095367432,,,
2026-09-15,MYSZ,1,2026-09-16,,,,,2.319999933242798,,,
2026-09-15,NAK,1,2026-09-16,1.2699999809265137,1.2799999713897705,1.2000000476837158,1.2400000095367432,1.2599999904632568,1.2699999809265137,-1.587300085546861,-2.362202507112199
2026-09-15,NAMM,1,2026-09-16,,,,,1.2649999856948853,,,
2026-09-15,NB,1,2026-09-16,,,,,3.559999942779541,,,
2026-09-15,NBIS,1,2026-09-16,,,,,207.3699951171875,,,
2026-09-15,NBIX,1,2026-09-16,150.33999633789062,151.30999755859375,149.0,149.5,150.02000427246094,150.33999633789062,-0.3466232886625731,-0.5587311150405561
2026-09-15,NCEW,1,2026-09-16,,,,,17.600000381469727,,,
2026-09-15,NCPL,1,2026-09-16,,,,,0.4329999983310699,,,
2026-09-15,NEOV,1,2026-09-16,,,,,3.299999952316284,,,
2026-09-15,NEXA,1,2026-09-16,,,,,12.619999885559082,,,
2026-09-15,NFE,1,2026-09-16,,,,,12.770000457763672,,,
2026-09-15,NHIC,1,2026-09-16,,,,,9.75,,,
2026-09-15,NIVF,1,2026-09-16,,,,,0.8399999737739563,,,
2026-09-15,NIXX,1,2026-09-16,,,,,0.4379999935626983,,,
2026-09-15,NKLR,1,2026-09-16,,,,,4.590000152587891,,,
2026-09-15,NMAD,1,2026-09-16,3.319999933242798,3.630000114440918,3.25,3.490000009536743,3.359999895095825,3.319999933242798,3.869051145824831,5.12048432868184
2026-09-15,NMRA,1,2026-09-16,,,,,0.8309999704360962,,,
2026-09-15,NNBR,1,2026-09-16,3.3399999141693115,3.400000095367432,3.190000057220459,3.259999990463257,3.289999961853028,3.3399999141693115,-0.9118532443044169,-2.39520735814005
2026-09-15,NNE,1,2026-09-16,,,,,15.779999732971191,,,
2026-09-15,NNNN,1,2026-09-16,,,,,5.510000228881836,,,
2026-09-15,NOMA,1,2026-09-16,,,,,1.3600000143051147,,,
2026-09-15,NUAI,1,2026-09-16,,,,,5.460000038146973,,,
2026-09-15,NVNO,1,2026-09-16,,,,,9.31999969482422,,,
2026-09-15,NWTG,1,2026-09-16,,,,,1.1100000143051147,,,
2026-09-15,NXH,1,2026-09-16,3.450000047683716,3.450000047683716,3.259999990463257,3.3399999141693115,3.390000104904175,3.450000047683716,-1.4749318344424278,-3.1884096230160086
2026-09-15,NXTC,1,2026-09-16,,,,,6.369999885559082,,,
2026-09-15,NXTS,1,2026-09-16,,,,,1.4299999475479126,,,
2026-09-15,NXXT,1,2026-09-16,,,,,1.1299999952316284,,,
2026-09-15,OCS,1,2026-09-16,,,,,10.06999969482422,,,
2026-09-15,OESX,1,2026-09-16,26.46999931335449,29.200000762939453,26.46999931335449,27.959999084472656,26.90999984741211,26.46999931335449,3.9018923932157668,5.629013259423998
2026-09-15,OII,1,2026-09-16,47.380001068115234,47.720001220703125,45.540000915527344,46.61000061035156,47.68000030517578,47.380001068115234,-2.2441268623651145,-1.6251592241559698
2026-09-15,OKLO,1,2026-09-16,,,,,35.97999954223633,,,
2026-09-15,OKUR,1,2026-09-16,,,,,2.930000066757202,,,
2026-09-15,OLB,1,2026-09-16,,,,,0.2169999927282333,,,
2026-09-15,OLMA,1,2026-09-16,,,,,9.779999732971191,,,
2026-09-15,OLOX,1,2026-09-16,,,,,0.7549999952316284,,,
2026-09-15,OMEX,1,2026-09-16,0.6990000009536743,0.7300000190734863,0.6899999976158142,0.7020000219345093,0.718999981880188,0.6990000009536743,-2.3643894817943822,0.42918755032073097
2026-09-15,ONCO,1,2026-09-16,,,,,0.6449999809265137,,,
2026-09-15,ONEW,1,2026-09-16,,,,,10.06999969482422,,,
2026-09-15,OPEN,1,2026-09-16,,,,,2.650000095367432,,,
2026-09-15,OPTT,1,2026-09-16,2.049999952316284,2.069999933242798,1.75,1.8200000524520876,2.049999952316284,2.049999952316284,-11.219507571418275,-11.219507571418275
2026-09-15,OPTX,1,2026-09-16,,,,,6.25,,,
2026-09-15,ORIO,1,2026-09-16,,,,,1.0099999904632568,,,
2026-09-15,OSTX,1,2026-09-16,,,,,1.7799999713897705,,,
2026-09-15,OUST,1,2026-09-16,,,,,32.790000915527344,,,
2026-09-15,PAAI,1,2026-09-16,0.9300000071525574,0.9800000190734864,0.8799999952316284,0.8999999761581421,0.9300000071525574,0.9300000071525574,-3.22580975953628,-3.22580975953628
2026-09-15,PACS,1,2026-09-16,,,,,42.09000015258789,,,
2026-09-15,PAPL,1,2026-09-16,,,,,0.9070000052452089,,,
2026-09-15,PAYP,1,2026-09-16,,,,,17.81999969482422,,,
2026-09-15,PAYS,1,2026-09-16,12.170000076293944,12.350000381469728,11.359999656677246,11.81999969482422,12.170000076293944,12.170000076293944,-2.875927520752375,-2.875927520752375
2026-09-15,PBK,1,2026-09-16,,,,,0.2660000026226043,,,
2026-09-15,PDFS,1,2026-09-16,42.2400016784668,43.18000030517578,41.59000015258789,41.970001220703125,41.41999816894531,42.2400016784668,1.3278683632829802,-0.6392056037756055
2026-09-15,PFAI,1,2026-09-16,,,,,2.809999942779541,,,
2026-09-15,PHIN,1,2026-09-16,,,,,61.5,,,
2026-09-15,PICS,1,2026-09-16,,,,,9.6899995803833,,,
2026-09-15,PJT,1,2026-09-16,,,,,155.3300018310547,,,
2026-09-15,PN,1,2026-09-16,,,,,2.4100000858306885,,,
2026-09-15,PPCB,1,2026-09-16,,,,,0.8199999928474426,,,
2026-09-15,PPTA,1,2026-09-16,,,,,22.690000534057617,,,
2026-09-15,PRAX,1,2026-09-16,,,,,312.8999938964844,,,
2026-09-15,PRFX,1,2026-09-16,,,,,0.8999999761581421,,,
2026-09-15,PRPL,1,2026-09-16,,,,,2.8499999046325684,,,
2026-09-15,PRTA,1,2026-09-16,,,,,8.329999923706055,,,
2026-09-15,PRZO,1,2026-09-16,,,,,0.6700000166893005,,,
2026-09-15,PTHS,1,2026-09-16,,,,,20.31999969482422,,,
2026-09-15,PTLO,1,2026-09-16,,,,,3.859999895095825,,,
2026-09-15,PUMP,1,2026-09-16,,,,,10.40999984741211,,,
2026-09-15,PUSA,1,2026-09-16,,,,,3.539999961853028,,,
2026-09-15,PWCM,1,2026-09-16,,,,,0.9340000152587892,,,
2026-09-15,PWP,1,2026-09-16,,,,,13.40999984741211,,,
2026-09-15,QDEL,1,2026-09-16,10.739999771118164,11.229999542236328,10.699999809265137,10.770000457763672,10.630000114440918,10.739999771118164,1.317030496853544,0.27933600823888405
2026-09-15,QMLS,1,2026-09-16,,,,,5.510000228881836,,,
2026-09-15,QUAD,1,2026-09-16,9.5600004196167,9.829999923706056,9.539999961853027,9.630000114440918,9.56999969482422,9.5600004196167,0.6269636523515087,0.7322143488674104
2026-09-15,QUIK,1,2026-09-16,10.25,10.3100004196167,9.729999542236328,10.010000228881836,10.199999809265137,10.25,-1.862741018982328,-2.341461181640625
2026-09-15,QXO,1,2026-09-16,,,,,11.4399995803833,,,
2026-09-15,RARE,1,2026-09-16,,,,,13.06999969482422,,,
2026-09-15,RAYA,1,2026-09-16,,,,,1.950000047683716,,,
2026-09-15,RCON,1,2026-09-16,1.25,1.350000023841858,1.2000000476837158,1.2300000190734863,1.25,1.25,-1.5999984741210893,-1.5999984741210893
2026-09-15,RCUS,1,2026-09-16,,,,,24.31999969482422,,,
2026-09-15,RDI,1,2026-09-16,2.0,2.119999885559082,2.0,2.049999952316284,2.0299999713897705,2.0,0.9852207491816589,2.499997615814209
2026-09-15,REED,1,2026-09-16,0.8999999761581421,0.9300000071525574,0.7699999809265137,0.800000011920929,0.8500000238418579,0.8999999761581421,-5.882354178643112,-11.11110743181195
2026-09-15,REFR,1,2026-09-16,0.3700000047683716,0.4099999964237213,0.3400000035762787,0.3799999952316284,0.3600000143051147,0.3700000047683716,5.555550036607193,2.702700090373522
2026-09-15,RENT,1,2026-09-16,,,,,2.069999933242798,,,
2026-09-15,RENX,1,2026-09-16,,,,,1.7300000190734863,,,
2026-09-15,RES,1,2026-09-16,6.099999904632568,6.139999866485596,5.880000114440918,5.980000019073486,6.179999828338623,6.099999904632568,-3.236242958260771,-1.9672112694288701
2026-09-15,RETO,1,2026-09-16,,,,,2.799999952316284,,,
2026-09-15,REVB,1,2026-09-16,,,,,0.9100000262260436,,,
2026-09-15,RFAI,1,2026-09-16,,,,,33.150001525878906,,,
2026-09-15,RFIL,1,2026-09-16,8.199999809265137,8.359999656677246,8.010000228881836,8.199999809265137,8.210000038146973,8.199999809265137,-0.12180546693508765,0.0
2026-09-15,RH,1,2026-09-16,,,,,124.83000183105467,,,
2026-09-15,RIBB,1,2026-09-16,,,,,8.100000381469727,,,
2026-09-15,RILY,1,2026-09-16,6.070000171661377,6.159999847412109,5.900000095367432,6.019999980926514,5.989999771118164,6.070000171661377,0.500838246321833,-0.8237263479545898
2026-09-15,RITR,1,2026-09-16,,,,,0.0790000036358833,,,
2026-09-15,RNGR,1,2026-09-16,,,,,16.850000381469727,,,
2026-09-15,RNTX,1,2026-09-16,,,,,0.7080000042915344,,,
2026-09-15,RSSS,1,2026-09-16,2.009999990463257,2.0999999046325684,1.9700000286102293,2.059999942779541,1.9700000286102293,2.009999990463257,4.568523495545507,2.487559828533148
2026-09-15,RTB,1,2026-09-16,7.260000228881836,9.1899995803833,6.809999942779541,8.890000343322754,7.260000228881836,7.260000228881836,22.4517915021053,22.4517915021053
2026-09-15,RXST,1,2026-09-16,,,,,5.619999885559082,,,
2026-09-15,RYOJ,1,2026-09-16,,,,,3.900000095367432,,,
2026-09-15,RYZ,1,2026-09-16,,,,,24.43000030517578,,,
2026-09-15,SA,1,2026-09-16,30.34000015258789,30.46999931335449,28.399999618530277,29.239999771118164,29.299999237060547,30.34000015258789,-0.20477633960649388,-3.6255780353906863
2026-09-15,SCZM,1,2026-09-16,,,,,8.640000343322754,,,
2026-09-15,SDST,1,2026-09-16,,,,,0.1360000073909759,,,
2026-09-15,SEED,1,2026-09-16,0.949999988079071,0.9800000190734864,0.949999988079071,0.959999978542328,0.9700000286102296,0.949999988079071,-1.0309329662834377,1.0526305882884612
2026-09-15,SEV,1,2026-09-16,,,,,2.009999990463257,,,
2026-09-15,SFWL,1,2026-09-16,,,,,9.199999809265137,,,
2026-09-15,SGLD,1,2026-09-16,,,,,3.940000057220459,,,
2026-09-15,SGLY,1,2026-09-16,1.309999942779541,1.309999942779541,1.159999966621399,1.2300000190734863,1.3200000524520874,1.309999942779541,-6.81818407593342,-6.106864671788603
2026-09-15,SGML,1,2026-09-16,,,,,9.09000015258789,,,
2026-09-15,SID,1,2026-09-16,1.1799999475479126,1.2300000190734863,1.159999966621399,1.2100000381469729,1.2000000476837158,1.1799999475479126,0.8333325054910912,2.5423806722535636
2026-09-15,SIEB,1,2026-09-16,2.380000114440918,2.390000104904175,2.289999961853028,2.299999952316284,2.400000095367432,2.380000114440918,-4.16667246156247,-3.3613511881459113
2026-09-15,SILO,1,2026-09-16,,,,,1.940000057220459,,,
2026-09-15,SIND,1,2026-09-16,,,,,14.43000030517578,,,
2026-09-15,SINT,1,2026-09-16,,,,,1.7000000476837158,,,
2026-09-15,SKK,1,2026-09-16,,,,,4.079999923706055,,,
2026-09-15,SLB,1,2026-09-16,54.290000915527344,54.290000915527344,51.560001373291016,52.29999923706055,54.20000076293945,54.290000915527344,-3.505537821280025,-3.6655031219526846
2026-09-15,SLBT,1,2026-09-16,,,,,1.909999966621399,,,
2026-09-15,SLGB,1,2026-09-16,,,,,0.3179999887943268,,,
2026-09-15,SLI,1,2026-09-16,,,,,2.049999952316284,,,
2026-09-15,SLMT,1,2026-09-16,,,,,3.25,,,
2026-09-15,SLN,1,2026-09-16,,,,,12.460000038146973,,,
2026-09-15,SLNG,1,2026-09-16,4.940000057220459,5.019999980926514,4.809999942779541,4.929999828338623,4.960000038146973,4.940000057220459,-0.6048429350326678,-0.20243378068830475
2026-09-15,SLSR,1,2026-09-16,,,,,7.110000133514404,,,
2026-09-15,SMR,1,2026-09-16,,,,,8.430000305175781,,,
2026-09-15,SMXT,1,2026-09-16,,,,,1.830000042915344,,,
2026-09-15,SNDK,1,2026-09-16,,,,,1530.89501953125,,,
2026-09-15,SNT,1,2026-09-16,1.590000033378601,1.6299999952316284,1.559999942779541,1.559999942779541,1.559999942779541,1.590000033378601,0.0,-1.8867981112750454
2026-09-15,SNYR,1,2026-09-16,,,,,0.0820000022649765,,,
2026-09-15,SOBR,1,2026-09-16,,,,,,,,
2026-09-15,SOLS,1,2026-09-16,,,,,57.15999984741211,,,
2026-09-15,SPRU,1,2026-09-16,,,,,1.649999976158142,,,
2026-09-15,SPRY,1,2026-09-16,,,,,4.25,,,
2026-09-15,SRFM,1,2026-09-16,,,,,0.4690000116825104,,,
2026-09-15,SRL,1,2026-09-16,5.25,5.389999866485596,5.130000114440918,5.260000228881836,5.289999961853027,5.25,-0.5671027067584822,0.19048055013020093
2026-09-15,SRRK,1,2026-09-16,,,,,50.0,,,
2026-09-15,SRZN,1,2026-09-16,,,,,17.770000457763672,,,
2026-09-15,SST,1,2026-09-16,,,,,3.319999933242798,,,
2026-09-15,STAK,1,2026-09-16,,,,,1.1399999856948853,,,
2026-09-15,STEM,1,2026-09-16,,,,,4.630000114440918,,,
2026-09-15,STEX,1,2026-09-16,,,,,0.578000009059906,,,
2026-09-15,STFS,1,2026-09-16,,,,,3.3550000190734863,,,
2026-09-15,STRO,1,2026-09-16,,,,,16.559999465942383,,,
2026-09-15,SUNE,1,2026-09-16,3.190000057220459,3.190000057220459,2.859999895095825,2.9100000858306885,3.190000057220459,3.190000057220459,-8.777428412767573,-8.777428412767573
2026-09-15,SVV,1,2026-09-16,,,,,9.279999732971191,,,
2026-09-15,SWVL,1,2026-09-16,,,,,5.019999980926514,,,
2026-09-15,SXC,1,2026-09-16,9.539999961853027,9.720000267028809,9.399999618530272,9.609999656677246,9.460000038146973,9.539999961853027,1.5856196398034594,0.733749424571517
2026-09-15,SXTP,1,2026-09-16,,,,,0.8460000157356262,,,
2026-09-15,SYY,1,2026-09-16,79.7300033569336,80.13999938964844,78.37000274658203,78.70999908447266,79.5999984741211,79.7300033569336,-1.1180897069210216,-1.2793230020254787
2026-09-15,TCRT,1,2026-09-16,1.409999966621399,1.4199999570846558,1.2799999713897705,1.2799999713897705,1.409999966621399,1.409999966621399,-9.219858036105533,-9.219858036105533
2026-09-15,TDW,1,2026-09-16,90.58999633789062,91.36000061035156,87.0199966430664,88.16999816894531,91.79000091552734,90.58999633789062,-3.9437876789144566,-2.6713746183618214
2026-09-15,TE,1,2026-09-16,,,,,4.300000190734863,,,
2026-09-15,TENX,1,2026-09-16,1.8799999952316284,1.9299999475479128,1.815000057220459,1.8200000524520876,1.830000042915344,1.8799999952316284,-0.5464475534834201,-3.1914863261554682
2026-09-15,TG,1,2026-09-16,6.929999828338623,7.010000228881836,6.800000190734863,6.889999866485596,6.869999885559082,6.929999828338623,0.2911205423533403,-0.577200041036896
2026-09-15,TGHL,1,2026-09-16,,,,,0.8579999804496765,,,
2026-09-15,TLN,1,2026-09-16,,,,,282.1499938964844,,,
2026-09-15,TLSA,1,2026-09-16,,,,,0.8500000238418579,,,
2026-09-15,TNDM,1,2026-09-16,,,,,16.280000686645508,,,
2026-09-15,TNMG,1,2026-09-16,,,,,2.700000047683716,,,
2026-09-15,TP,1,2026-09-16,,,,,8.380000114440918,,,
2026-09-15,TRNR,1,2026-09-16,,,,,2.789999961853028,,,
2026-09-15,TRON,1,2026-09-16,,,,,1.409999966621399,,,
2026-09-15,TRVI,1,2026-09-16,,,,,15.039999961853027,,,
2026-09-15,TSSI,1,2026-09-16,8.210000038146973,8.430000305175781,8.109999656677246,8.350000381469727,8.15999984741211,8.210000038146973,2.3284379609133765,1.7052416890652289
2026-09-15,TTI,1,2026-09-16,6.650000095367432,6.699999809265137,6.150000095367432,6.28000020980835,6.610000133514404,6.650000095367432,-4.992434448418093,-5.56390797372821
2026-09-15,TV,1,2026-09-16,2.2699999809265137,2.2699999809265137,2.180000066757202,2.190000057220459,2.25,2.2699999809265137,-2.6666641235351562,-3.5242257435351254
2026-09-15,TVTX,1,2026-09-16,,,,,62.5099983215332,,,
2026-09-15,TXRH,1,2026-09-16,172.19000244140625,174.64999389648438,169.6699981689453,170.07000732421875,169.67999267578125,172.19000244140625,0.22985305591256555,-1.2311952419588934
2026-09-15,UCAR,1,2026-09-16,,,,,3.75,,,
2026-09-15,UEC,1,2026-09-16,10.300000190734863,10.390000343322754,9.850000381469728,10.079999923706056,10.18000030517578,10.300000190734863,-0.9823219889186108,-2.135924883056828
2026-09-15,UK,1,2026-09-16,,,,,2.0,,,
2026-09-15,ULS,1,2026-09-16,,,,,64.76000213623047,,,
2026-09-15,UNCY,1,2026-09-16,,,,,4.710000038146973,,,
2026-09-15,UONE,1,2026-09-16,4.21999979019165,4.389999866485596,4.179999828338623,4.260000228881836,4.190000057220459,4.21999979019165,1.67064846552325,0.9478777412064598
2026-09-15,UONEK,1,2026-09-16,4.159999847412109,4.199999809265137,4.059999942779541,4.059999942779541,4.110000133514404,4.159999847412109,-1.216549613396456,-2.4038439495322916
2026-09-15,UP,1,2026-09-16,,,,,3.289999961853028,,,
2026-09-15,UPB,1,2026-09-16,,,,,5.480000019073486,,,
2026-09-15,USAS,1,2026-09-16,4.78000020980835,4.789999961853027,4.5,4.579999923706055,4.690000057220459,4.78000020980835,-2.345418596425264,-4.184106220160899
2026-09-15,UUUU,1,2026-09-16,12.0,12.109999656677246,11.479999542236328,11.729999542236328,11.859999656677246,12.0,-1.096122413188494,-2.2500038146972656
2026-09-15,VCIG,1,2026-09-16,,,,,1.659999966621399,,,
2026-09-15,VELO,1,2026-09-16,,,,,9.81999969482422,,,
2026-09-15,VIVK,1,2026-09-16,,,,,0.6506999731063843,,,
2026-09-15,VIVS,1,2026-09-16,,,,,0.270000010728836,,,
2026-09-15,VKTX,1,2026-09-16,,,,,29.950000762939453,,,
2026-09-15,VNRX,1,2026-09-16,,,,,0.2899999916553497,,,
2026-09-15,VRAX,1,2026-09-16,,,,,2.5899999141693115,,,
2026-09-15,VRXA,1,2026-09-16,,,,,1.5199999809265137,,,
2026-09-15,VSEC,1,2026-09-16,180.2400054931641,186.5200042724609,177.5500030517578,184.80999755859372,178.0800018310547,180.2400054931641,3.779197921349864,2.5355037317744467
2026-09-15,VST,1,2026-09-16,,,,,141.52999877929688,,,
2026-09-15,VVOS,1,2026-09-16,,,,,0.164000004529953,,,
2026-09-15,VVV,1,2026-09-16,,,,,28.26000022888184,,,
2026-09-15,VZLA,1,2026-09-16,,,,,3.759999990463257,,,
2026-09-15,WALD,1,2026-09-16,,,,,1.1200000047683716,,,
2026-09-15,WBX,1,2026-09-16,,,,,3.130000114440918,,,
2026-09-15,WDC,1,2026-09-16,421.4500122070313,428.1400146484375,414.6000061035156,416.9700012207031,411.9599914550781,421.4500122070313,1.2161398848294036,-1.0629993727767295
2026-09-15,WETO,1,2026-09-16,,,,,2.009999990463257,,,
2026-09-15,WFRD,1,2026-09-16,,,,,85.38999938964844,,,
2026-09-15,WLDN,1,2026-09-16,77.5,79.44999694824219,77.12000274658203,78.37999725341797,77.83000183105469,77.5,0.7066624815931011,1.1354803269909342
2026-09-15,WLDS,1,2026-09-16,,,,,1.5800000429153442,,,
2026-09-15,WS,1,2026-09-16,,,,,32.459999084472656,,,
2026-09-15,WT,1,2026-09-16,22.350000381469727,22.520000457763672,21.600000381469727,22.26000022888184,22.100000381469727,22.350000381469727,0.7239811975128685,-0.40268523960521607
2026-09-15,WTF,1,2026-09-16,,,,,2.490000009536743,,,
2026-09-15,WVVI,1,2026-09-16,1.8799999952316284,1.940000057220459,1.8200000524520876,1.8799999952316284,1.8899999856948853,1.8799999952316284,-0.5291000285156167,0.0
2026-09-15,XLAB,1,2026-09-16,,,,,2.990000009536743,,,
2026-09-15,XNDU,1,2026-09-16,,,,,7.800000190734863,,,
2026-09-15,XOS,1,2026-09-16,,,,,2.5199999809265137,,,
2026-09-15,XPON,1,2026-09-16,,,,,4.960000038146973,,,
2026-09-15,XRAY,1,2026-09-16,9.800000190734863,10.289999961853027,9.800000190734863,10.140000343322754,9.829999923706056,9.800000190734863,3.1536156869045318,3.4693892445974983
2026-09-15,XTIA,1,2026-09-16,,,,,0.9580000042915344,,,
2026-09-15,XTND,1,2026-09-16,,,,,4.460000038146973,,,
2026-09-15,XXII,1,2026-09-16,1.809999942779541,1.809999942779541,1.6710000038146973,1.7200000286102295,1.7949999570846558,1.809999942779541,-4.17826909568495,-4.972371105774864
2026-09-15,YAAS,1,2026-09-16,,,,,1.3799999952316284,,,
2026-09-15,YARW,1,2026-09-16,,,,,25.5,,,
2026-09-15,YDDL,1,2026-09-16,,,,,1.475000023841858,,,
2026-09-15,YDKG,1,2026-09-16,0.8199999928474426,0.8399999737739563,0.8100000023841858,0.8199999928474426,0.8199999928474426,0.8199999928474426,0.0,0.0
2026-09-15,YHC,1,2026-09-16,,,,,1.2899999618530271,,,
2026-09-15,YMAT,1,2026-09-16,,,,,1.659999966621399,,,
2026-09-15,YXT,1,2026-09-16,,,,,2.240000009536743,,,
2026-09-15,ZBAO,1,2026-09-16,,,,,0.1049999967217445,,,
2026-09-15,ZCMD,1,2026-09-16,,,,,0.7369999885559082,,,
2026-09-15,ZENA,1,2026-09-16,,,,,1.409999966621399,,,
2026-09-15,ZJYL,1,2026-09-16,,,,,1.9900000095367432,,,
2026-09-15,ZKIN,1,2026-09-16,,,,,1.1399999856948853,,,
2026-09-15,ZNB,1,2026-09-16,1.3700000047683716,1.3799999952316284,1.3200000524520874,1.3200000524520874,1.3300000429153442,1.3700000047683716,-0.7518789579387564,-3.6496315432303805
2026-09-15,ZNTL,1,2026-09-16,,,,,3.130000114440918,,,
2026-09-15,ZONE,1,2026-09-16,,,,,0.1289999932050705,,,
2026-09-15,ZSQR,1,2026-09-16,,,,,2.309999942779541,,,
2026-09-15,ZTG,1,2026-09-16,,,,,0.6729999780654907,,,
2026-09-15,ZUMZ,1,2026-09-16,13.789999961853027,13.9399995803833,13.239999771118164,13.380000114440918,13.630000114440918,13.789999961853027,-1.834189272934239,-2.9731678647301196
2026-09-15,ZURA,1,2026-09-16,,,,,4.929999828338623,,,
2026-09-15,ZYBT,1,2026-09-16,,,,,1.3799999952316284,,,
