signal_date,code,name,industry,close,lot_size,lot_value_usd,prior_return_pct,daily_return_pct,drop_strength_pct,two_day_drop_ok,industry_avg_return_pct,lag_vs_industry_pct,peer_count,volume_ratio,volume_anomaly,negative_news_score,negative_news_hits,news_fetch_ok,usd_hkd_rate,score,passes,two_days_ago_return_pct,turnover,prior_turnover_median,prior_traded_days,large_drop_ok,other_days_ok,three_day_drop_ok,consecutive_down_ok,liquidity_ok,market_cap,pe,pb,source_tier,source_file,volume
2026-09-09,AARD,AARD,Biotechnology,4.920000076293945,1.0,4.920000076293945,-0.9293715552282866,-7.692304939603611,7.692304939603611,True,-2.276090712858725,5.416214226744886,542.0,0.801022270901789,0.0,0.0,,False,7.840400218963623,7.692304939603611,False,-6.108200758595494,539724.0083694458,833519.487285614,20.0,True,True,True,True,False,,,,200M,scan_us_two_day_drop_2026-09-09.csv,
2026-09-09,ABTS,ABTS,Capital Markets,1.340000033378601,1.0,1.340000033378601,-5.96026714880904,-5.6337976143534085,5.96026714880904,True,-1.6708459724126878,3.962951641940721,90.0,0.431924882629108,0.0,0.0,,False,7.840400218963623,5.96026714880904,False,-1.948050138499524,18492.00046062469,47449.000453948975,20.0,True,True,True,True,False,,,,200M,scan_us_two_day_drop_2026-09-09.csv,
2026-09-09,ACH,ACH,Medical Distribution,1.0700000524520874,1.0,1.0700000524520874,-9.090909986546103,-2.7272700672307915,9.090909986546103,True,-0.5985616401140259,2.1287084271167656,8.0,0.6272161374202191,0.0,0.0,,False,7.840400218963623,9.090909986546103,False,-0.8196713302251579,851720.0417518616,1472155.9576392174,20.0,True,True,True,True,False,,,,200M,scan_us_two_day_drop_2026-09-09.csv,
2026-09-09,ADBE,ADBE,Software—Application,254.8600006103516,1.0,254.8600006103516,-3.4707889614107423,-0.9329118651048574,6.733154937664043,True,-1.847335196361488,-0.9144233312566308,208.0,0.9731686741341332,0.0,0.0,,True,7.840400218963623,6.733154937664043,True,-6.733154937664043,1058408096.534729,1140128875.9918213,20.0,True,True,True,True,True,101306850242.61476,14.588438,8.828766,200M,scan_us_two_day_drop_2026-09-09.csv,
2026-09-09,ADBT,ADBT,Software—Application,0.3100000023841858,1.0,0.3100000023841858,0.0,-6.060609070941537,6.060609070941537,True,-1.838839879143489,4.221769191798048,208.0,,,0.0,,False,7.840400218963623,6.060609070941537,False,-2.9411736347271344,2249205.01729846,,,True,True,True,True,False,,,,200M,scan_us_two_day_drop_2026-09-09.csv,
2026-09-09,ADSK,ADSK,Software—Application,206.6199951171875,1.0,206.6199951171875,-2.6112837732892635,-2.6341885018725697,8.260361242445203,True,-1.838839879143489,0.7953486227290807,208.0,1.295049504950495,0.2950495049504951,0.0,,True,7.840400218963623,8.555410747395698,True,-8.260361242445203,479709642.6635742,449550062.7243042,20.0,True,True,True,True,True,43183578979.49219,26.764248,12.764564,200M,scan_us_two_day_drop_2026-09-09.csv,
2026-09-09,ADVB,ADVB,Diagnostics & Research,8.5,1.0,8.5,-3.802897637492819,-5.345206756177534,5.345206756177534,True,-0.9726835979449344,4.3725231582326,43.0,0.4370485036119711,0.0,0.0,,False,7.840400218963623,5.345206756177534,False,-0.691484925756447,719950.0,1601595.9830760956,20.0,True,True,True,True,False,,,,200M,scan_us_two_day_drop_2026-09-09.csv,
2026-09-09,AEMD,AEMD,Medical Devices,1.690000057220459,1.0,1.690000057220459,-0.5494565595793977,-6.6298281410331565,6.6298281410331565,True,-1.2232500927669363,5.40657804826622,139.0,1.635185185185185,0.6351851851851851,0.0,,False,7.840400218963623,7.265013326218342,False,-5.699476584731588,149227.00505256653,143970.00209093094,20.0,True,True,True,True,False,,,,200M,scan_us_two_day_drop_2026-09-09.csv,
2026-09-09,AEON,AEON,Biotechnology,0.231000006198883,1.0,0.231000006198883,-2.4896254528160022,-1.702124772432323,5.490195620110372,True,-2.298351531933979,-0.5962267595016559,542.0,0.9447569304941744,0.0,0.0,,False,7.840400218963623,5.490195620110372,False,-5.490195620110372,108639.3029153347,137560.80394089222,20.0,True,True,True,True,False,,,,200M,scan_us_two_day_drop_2026-09-09.csv,
2026-09-09,AERT,AERT,Consulting Services,6.710000038146973,1.0,6.710000038146973,-1.3927563652283204,-5.225987140482968,5.225987140482968,True,-0.7168452042999429,4.509141936183026,21.0,4.621621621621622,3.621621621621622,0.0,,False,7.840400218963623,8.84760876210459,False,-0.8287285176291403,458964.0026092529,102580.00099658966,20.0,True,True,True,True,False,,,,200M,scan_us_two_day_drop_2026-09-09.csv,
2026-09-09,AFRM,AFRM,Credit Services,68.1500015258789,1.0,68.1500015258789,-0.3731812698834824,-5.4522755346027125,5.4522755346027125,True,-0.939766245909246,4.512509288693467,40.0,1.7306616665607322,0.7306616665607322,0.0,,True,7.840400218963623,6.182937201163445,True,-2.624501342588548,371124463.3094788,235136186.6344452,20.0,True,True,True,True,True,22995259111.263977,12.3236885,4.190236,200M,scan_us_two_day_drop_2026-09-09.csv,
2026-09-09,AGEN,AGEN,Biotechnology,6.860000133514404,1.0,6.860000133514404,-9.830096666005415,-7.671597684971587,9.830096666005415,True,-2.276090712858725,5.395506972112862,542.0,1.6073155817443994,0.6073155817443994,0.0,,True,7.840400218963623,10.437412247749815,True,0.0,9917502.193021774,6846901.60150528,20.0,True,True,True,True,True,308839998.0308728,2.2943144,-1.4686363,200M,scan_us_two_day_drop_2026-09-09.csv,
2026-09-09,AGNT,AGNT,Real Estate Services,3.694999933242798,1.0,3.694999933242798,-1.2406994573640806,-7.160806142333498,7.160806142333498,True,-0.7129522460121995,6.447853896321298,41.0,1.668649254374623,0.668649254374623,0.0,,True,7.840400218963623,7.829455396708121,True,-0.2475186173044208,7152780.870771408,5162998.099565506,20.0,True,True,True,True,True,617500766.0586741,12.316666,2.1980963,200M,scan_us_two_day_drop_2026-09-09.csv,
2026-09-09,AIAI,AIAI,Conglomerates,3.4200000762939453,1.0,3.4200000762939453,-5.502387322975622,-13.417720632701336,13.417720632701336,True,-0.9071812971593872,12.51053933554195,25.0,0.9799372185068924,0.0,0.0,,False,7.840400218963623,13.417720632701336,False,-0.4761900436850985,1227780.0273895264,1642639.973449707,20.0,True,True,True,True,False,,,,200M,scan_us_two_day_drop_2026-09-09.csv,
2026-09-09,AIFC,AIFC,Software—Infrastructure,0.5099999904632568,1.0,0.5099999904632568,-7.142860944173757,-1.923075159625831,7.142860944173757,True,-1.1235944019676425,0.7994807576581886,169.0,0.64027466367713,0.0,0.0,,False,7.840400218963623,7.142860944173757,False,-1.7543843138140611,233018.99564266205,391328.9917945862,20.0,True,True,True,True,False,,,,200M,scan_us_two_day_drop_2026-09-09.csv,
2026-09-09,AIFU,AIFU,Insurance Brokers,15.449999809265137,1.0,15.449999809265137,-14.33902186161088,-3.8581200829690734,19.13793270709818,True,-3.1629437816286687,0.6951763013404055,18.0,0.8346456692913385,0.0,0.0,,False,7.840400218963623,19.13793270709818,False,-19.13793270709818,327539.9959564209,520628.5029411316,20.0,True,True,True,True,False,,,,200M,scan_us_two_day_drop_2026-09-09.csv,
2026-09-09,AKAN,AKAN,Drug Manufacturers—Specialty & Generic,3.25,1.0,3.25,-2.0895503055387565,-0.9146332820563764,8.719350545205462,True,-1.1961649142888442,-0.2815316322324679,76.0,0.6969395017793595,0.0,0.0,,False,7.840400218963623,8.719350545205462,False,-8.719350545205462,795600.0,1456728.9506673813,20.0,True,True,True,True,False,,,,200M,scan_us_two_day_drop_2026-09-09.csv,
2026-09-09,ALEC,ALEC,Biotechnology,2.2699999809265137,1.0,2.2699999809265137,0.406503671064562,-8.097167828627427,8.097167828627427,True,-2.276090712858725,5.821077115768702,542.0,0.6633864724791708,0.0,0.0,,False,7.840400218963623,8.097167828627427,False,-1.9920299803290464,1147711.9903564453,1707972.9442119598,20.0,True,True,True,True,False,,,,200M,scan_us_two_day_drop_2026-09-09.csv,
2026-09-09,ALGS,ALGS,Biotechnology,5.5,1.0,5.5,-7.246373695666097,-4.513892683165899,7.246373695666097,True,-2.276090712858725,2.2378019703071743,542.0,0.4860088365243004,0.0,0.0,,False,7.840400218963623,7.246373695666097,False,-0.1607677231829862,181500.0,489190.0034189224,20.0,True,True,True,True,False,,,,200M,scan_us_two_day_drop_2026-09-09.csv,
2026-09-09,ALIT,ALIT,Software—Application,12.550000190734863,1.0,12.550000190734863,-9.852548656246052,-6.691447072811863,9.852548656246052,True,-1.838839879143489,4.852607193668374,208.0,1.1513433571604634,0.1513433571604634,0.0,,True,7.840400218963623,10.003892013406515,True,0.2014757036902681,5862105.089092255,5829205.108547211,20.0,True,True,True,True,True,334672649.7363539,2.380275,0.32354534,200M,scan_us_two_day_drop_2026-09-09.csv,
2026-09-09,ALLO,ALLO,Biotechnology,1.7300000190734863,1.0,1.7300000190734863,-5.5837569902329465,-6.989247001710142,6.989247001710142,True,-2.276090712858725,4.713156288851417,542.0,1.5402376838020928,0.5402376838020928,0.0,,True,7.840400218963623,7.529484685512235,True,-0.5050500185316276,12567239.138555529,9691107.753562927,20.0,True,True,True,True,True,597699230.7197156,-2.651016,1.3697546,200M,scan_us_two_day_drop_2026-09-09.csv,
2026-09-09,ALMS,ALMS,Biotechnology,9.800000190734863,1.0,9.800000190734863,-4.684688647684709,-7.372398285405335,7.372398285405335,True,-2.276090712858725,5.0963075725466105,542.0,4.10661862116475,3.10661862116475,0.0,,True,7.840400218963623,10.479016906570084,True,-2.288726083320747,37973040.73905945,22538717.92831421,20.0,True,True,True,True,True,1268465366.8878126,-3.4106767,2.784882,200M,scan_us_two_day_drop_2026-09-09.csv,
2026-09-09,ALOY,ALOY,Other Industrial Metals & Mining,9.539999961853027,1.0,9.539999961853027,-0.0990121634072749,-5.450943334166336,5.450943334166336,True,-0.6674308769947568,4.783512457171579,48.0,0.8749392200719635,0.0,0.0,,True,7.840400218963623,5.450943334166336,True,0.3976139183357041,17166275.931358337,25133324.962329865,20.0,True,True,True,True,True,662256599.0918779,-68.14285,3.4428005,200M,scan_us_two_day_drop_2026-09-09.csv,
2026-09-09,ALXO,ALXO,Biotechnology,1.840000033378601,1.0,1.840000033378601,-0.4975119657066318,-7.999998331069946,7.999998331069946,True,-2.276090712858725,5.723907618211221,542.0,1.2591926785422454,0.2591926785422453,0.0,,False,7.840400218963623,8.259191009612191,False,-0.9852207491816588,1417720.025718212,1211136.9750976562,20.0,True,True,True,True,False,,,,200M,scan_us_two_day_drop_2026-09-09.csv,
2026-09-09,AMGN,AMGN,Drug Manufacturers—General,391.2699890136719,1.0,391.2699890136719,-10.07707532682871,-0.4832577127379833,10.07707532682871,True,-0.6041271525955794,-0.120869439857596,16.0,1.2772543447371298,0.2772543447371298,0.0,,True,7.840400218963623,10.35432967156584,True,-1.5513789531230948,1143056145.904541,1006821261.5203856,20.0,True,True,True,True,True,211533078656.7894,24.33271,18.097593,200M,scan_us_two_day_drop_2026-09-09.csv,
2026-09-09,AMOD,AMOD,Software—Application,1.950000047683716,1.0,1.950000047683716,-5.06913039847764,-5.3398008811302855,5.3398008811302855,True,-1.838839879143489,3.5009610019867967,208.0,1.2804878048780488,0.2804878048780488,0.0,,False,7.840400218963623,5.620288686008334,False,-1.3636350336153955,61425.00150203705,80587.49982118607,20.0,True,True,True,True,False,,,,200M,scan_us_two_day_drop_2026-09-09.csv,
2026-09-09,AMSS,AMSS,Beverages—Wineries & Distilleries,0.7300000190734863,1.0,0.7300000190734863,-5.000002607703169,-3.9473647060816464,5.000002607703169,True,-2.460319216244033,1.4870454898376129,8.0,1.0699001426533523,0.0699001426533523,0.0,,False,7.840400218963623,5.069902750356521,False,-3.61445445698767,27375.000715255737,34947.00062870979,20.0,True,True,True,True,False,,,,200M,scan_us_two_day_drop_2026-09-09.csv,
2026-09-09,ANGH,ANGH,Entertainment,3.2799999713897705,1.0,3.2799999713897705,-1.7045438382004785,-5.202314010771003,5.202314010771003,True,-1.225272862667054,3.977041148103949,42.0,1.640287769784173,0.6402877697841727,0.0,,False,7.840400218963623,5.842601780555176,False,-4.8648666064176505,74783.99934768677,49583.49999189377,20.0,True,True,True,True,False,,,,200M,scan_us_two_day_drop_2026-09-09.csv,
2026-09-09,APG,APG,Engineering & Construction,38.0099983215332,1.0,38.0099983215332,0.3996000093747787,-5.447767163788764,5.447767163788764,True,-2.0885546735418314,3.359212490246932,51.0,3.748330583706497,2.748330583706497,0.0,,True,7.840400218963623,8.19609774749526,True,0.0249866013876554,362710408.9832306,106016774.38697816,20.0,True,True,True,True,True,16426412163.60329,19.115776,4.496096,200M,scan_us_two_day_drop_2026-09-09.csv,
2026-09-09,APPN,APPN,Software—Infrastructure,34.2400016784668,1.0,34.2400016784668,-9.877501189296778,-0.98322768821415,9.877501189296778,True,-1.1235944019676425,-0.1403667137534925,169.0,1.292395715521256,0.292395715521256,0.0,,True,7.840400218963623,10.169896904818032,True,-6.001961737520789,33257313.6302948,28005825.25177002,20.0,True,True,True,True,True,2452529041.504544,24.149923,-23.372015,200M,scan_us_two_day_drop_2026-09-09.csv,
2026-09-09,AQB,AQB,Farm Products,1.059999942779541,1.0,1.059999942779541,-1.739128812274282,-6.194694933404731,6.194694933404731,True,-0.5988034210703153,5.595891512334417,19.0,0.7467467467467468,0.0,0.0,,False,7.840400218963623,6.194694933404731,False,-2.542370569770924,39537.99786567688,59659.49806571007,20.0,True,True,True,True,False,,,,200M,scan_us_two_day_drop_2026-09-09.csv,
2026-09-09,ASAN,ASAN,Software—Application,8.25,1.0,8.25,-0.2270199411016804,-6.143344302577103,12.68582471371813,True,-1.838839879143489,4.304504423433614,208.0,1.769034617441817,0.769034617441817,0.0,,True,7.840400218963623,13.454859331159946,True,-12.68582471371813,58664925.0,39057719.66257095,20.0,True,True,True,True,True,1889003465.25,18.142633,18.252213,200M,scan_us_two_day_drop_2026-09-09.csv,
2026-09-09,ATYR,ATYR,Biotechnology,0.4550000131130218,1.0,0.4550000131130218,-3.219316365918068,-5.405403898292416,5.405403898292416,True,-2.276090712858725,3.1293131854336917,542.0,1.319761431411531,0.3197614314115309,0.0,,False,7.840400218963623,5.725165329703947,False,-1.388888724634474,377559.01088118553,322349.79577064514,20.0,True,True,True,True,False,,,,200M,scan_us_two_day_drop_2026-09-09.csv,
2026-09-09,AVIR,AVIR,Biotechnology,5.269999980926514,1.0,5.269999980926514,-2.572900468789008,-7.218307390900625,7.218307390900625,True,-2.276090712858725,4.9422166780419,542.0,2.0320754716981133,1.032075471698113,0.0,,False,7.840400218963623,8.250382862598737,False,0.1718170403734342,2270315.991783142,1158011.5094423294,20.0,True,True,True,True,False,,,,200M,scan_us_two_day_drop_2026-09-09.csv,
2026-09-09,AWRE,AWRE,Software—Application,1.159999966621399,1.0,1.159999966621399,-3.149603342816265,-5.691061086715743,5.691061086715743,True,-1.838839879143489,3.852221207572255,208.0,1.7830508474576272,0.7830508474576272,0.0,,False,7.840400218963623,6.47411193417337,False,-0.7812492724042275,61015.99824428558,36491.00036621094,20.0,True,True,True,True,False,,,,200M,scan_us_two_day_drop_2026-09-09.csv,
2026-09-09,AXIL,AXIL,Consumer Electronics,5.869999885559082,1.0,5.869999885559082,-0.96153757981291,-5.016180443210116,5.016180443210116,True,-1.226992698467566,3.78918774474255,15.0,0.5912162162162162,0.0,0.0,,False,7.840400218963623,5.016180443210116,False,-2.5000050291418274,102724.99799728394,176288.0012512207,20.0,True,True,True,True,False,,,,200M,scan_us_two_day_drop_2026-09-09.csv,
2026-09-09,BALY,BALY,Resorts & Casinos,8.869999885559082,1.0,8.869999885559082,-1.5317323639383873,-1.4444457160102009,10.742182152171033,True,-0.4434371222032107,1.00100859380699,14.0,1.01096010521701,0.01096010521701,0.0,,False,7.840400218963623,10.753142257388042,False,-10.742182152171033,1022710.9868049622,1031970.0210571288,20.0,True,True,True,True,False,,,,200M,scan_us_two_day_drop_2026-09-09.csv,
2026-09-09,BANL,BANL,Oil & Gas Midstream,5.619999885559082,1.0,5.619999885559082,-28.19090315389932,-13.137556911843271,40.723681960905,True,0.3890958821135992,13.526652793956872,42.0,0.5898617511520737,0.0,0.0,,False,7.840400218963623,40.723681960905,False,-40.723681960905,179839.99633789062,677589.3290519714,20.0,True,True,True,True,False,,,,200M,scan_us_two_day_drop_2026-09-09.csv,
2026-09-09,BBNX,BBNX,Medical Devices,17.420000076293945,1.0,17.420000076293945,-0.4634405367369365,-9.881013217541256,9.881013217541256,True,-1.2232500927669363,8.65776312477432,139.0,0.9609653843974846,0.0,0.0,,True,7.840400218963623,9.881013217541256,True,-2.5100401510290693,14773902.064704897,16748200.659370422,20.0,True,True,True,True,True,783720368.3924408,-7.524838,3.0566766,200M,scan_us_two_day_drop_2026-09-09.csv,
2026-09-09,BCRX,BCRX,Drug Manufacturers—Specialty & Generic,8.8100004196167,1.0,8.8100004196167,-8.935746384679089,-2.866585269632238,8.935746384679089,True,-1.1407864043083027,1.7257988653239351,76.0,1.9830077447693908,0.9830077447693908,0.0,,True,7.840400218963623,9.91875412944848,True,-1.2884054754704333,45340667.15955734,25505103.445720676,20.0,True,True,True,True,True,2251264382.2767973,9.367022,-4.9466295,200M,scan_us_two_day_drop_2026-09-09.csv,
2026-09-09,BKNG,BKNG,Travel Services,173.42999267578125,1.0,173.42999267578125,-6.720467011008447,-3.810321830113572,6.720467011008447,True,-2.1551723429195646,1.6551494871940076,15.0,2.4754896434391367,1.475489643439137,0.0,,True,7.840400218963623,8.195956654447583,True,-0.9429670223114694,2094479335.546875,986850638.531494,20.0,True,True,True,True,True,134387161480.10085,19.269999,-12.191058,200M,scan_us_two_day_drop_2026-09-09.csv,
2026-09-09,BL,BL,Software—Application,29.46999931335449,1.0,29.46999931335449,-7.856923774859381,-2.2229598203776235,7.856923774859381,True,-1.838839879143489,0.3841199412341345,208.0,1.03249961000468,0.0324996100046799,0.0,,True,7.840400218963623,7.889423384864061,True,-1.564852437336739,29257815.31829834,30463405.18045425,20.0,True,True,True,True,True,1712951666.9885445,52.625,5.441285,200M,scan_us_two_day_drop_2026-09-09.csv,
2026-09-09,BLNE,BLNE,Mortgage Finance,1.0099999904632568,1.0,1.0099999904632568,-5.1162850527969645,-0.980391240220746,5.1162850527969645,True,-1.3482536215548957,-0.3678623813341497,9.0,0.7685185185185185,0.0,0.0,,False,7.840400218963623,5.1162850527969645,False,-2.27272505602566,234723.9977836609,320236.0529571772,20.0,True,True,True,True,False,,,,200M,scan_us_two_day_drop_2026-09-09.csv,
2026-09-09,BMNR,BMNR,Capital Markets,24.209999084472656,1.0,24.209999084472656,-0.8009565922729389,-2.2608048564467964,5.595468457069663,True,-1.6708459724126878,0.5899588840341086,90.0,0.6889861244240868,0.0,0.0,,True,7.840400218963623,5.595468457069663,True,-5.595468457069663,683896159.1377258,998730982.6057434,20.0,True,True,True,True,True,14604110446.469742,25.755318,1.2098346,200M,scan_us_two_day_drop_2026-09-09.csv,
2026-09-09,BRBR,BRBR,Packaged Foods,9.43000030517578,1.0,9.43000030517578,-5.774786926309616,-3.677218162206264,5.774786926309616,True,-1.1446410095467097,2.532577152659554,58.0,1.298192825681089,0.298192825681089,0.0,,True,7.840400218963623,6.072979751990705,True,-0.09614688052203,33768831.09283447,29557976.350307465,20.0,True,True,True,True,True,1096503404.9052887,6.6408453,-2.3469388,200M,scan_us_two_day_drop_2026-09-09.csv,
2026-09-09,BRKR,BRKR,Medical Devices,54.43000030517578,1.0,54.43000030517578,-0.2222240480602266,-6.750040601005991,6.750040601005991,True,-1.2232500927669363,5.526790508239055,139.0,1.6546847048300537,0.6546847048300537,0.0,,True,7.840400218963623,7.4047253058360445,True,-1.5317284123032129,161107357.9032898,102776032.61108398,20.0,True,True,True,True,True,8292917616.376373,22.778347,3.482183,200M,scan_us_two_day_drop_2026-09-09.csv,
2026-09-09,BRZE,BRZE,Software—Application,23.725000381469727,1.0,23.725000381469727,-5.162702333530111,-21.725500496533645,21.725500496533645,True,-1.838839879143489,19.88666061739016,208.0,4.482386996214651,3.482386996214651,10.0,profit_warning,True,7.840400218963623,15.207887492748297,False,-3.879702001585994,238796873.8395691,74501065.04392624,20.0,True,True,True,True,True,2694790573.9040203,24.161108,4.4696684,200M,scan_us_two_day_drop_2026-09-09.csv,
2026-09-09,BSP,BSP,Software—Application,37.75,1.0,37.75,-1.2632642164450258,-3.40327985859461,5.061158227773399,True,-1.838839879143489,1.564439979451121,208.0,1.0258809888608225,0.0258809888608224,0.0,,True,7.840400218963623,5.0870392166342215,True,-5.061158227773399,46760925.0,49603957.59067536,20.0,True,True,True,True,True,23979528952.5,89.88096,18.027697,200M,scan_us_two_day_drop_2026-09-09.csv,
2026-09-09,BSY,BSY,Software—Application,32.0099983215332,1.0,32.0099983215332,-2.5808334485701634,-2.52741116686408,5.282385670286471,True,-1.838839879143489,0.6885712877205907,208.0,1.035201326491743,0.035201326491743,0.0,,True,7.840400218963623,5.317586996778214,True,-5.282385670286471,73943096.1227417,79936146.50745392,20.0,True,True,True,True,True,9669992869.837116,35.566666,8.254254,200M,scan_us_two_day_drop_2026-09-09.csv,
2026-09-09,BTCT,BTCT,Computer Hardware,1.5399999618530271,1.0,1.5399999618530271,-3.977268955801128,-8.875744987496425,8.875744987496425,True,-2.041179799751125,6.8345651877453,39.0,0.6030287266631986,0.0,0.0,,True,7.840400218963623,8.875744987496425,True,-8.333331781129004,3213363.920402527,6677828.818595409,20.0,True,True,True,True,True,26143045.51241684,-0.1925,0.3943662,200M,scan_us_two_day_drop_2026-09-09.csv,
2026-09-09,BYAH,BYAH,Household & Personal Products,2.2699999809265137,1.0,2.2699999809265137,-3.174600171093711,-6.967216078166894,6.967216078166894,True,-2.055709280096896,4.911506798069999,26.0,0.4168912848158131,0.0,0.0,,False,7.840400218963623,6.967216078166894,False,-4.545459060957757,52663.99955749512,160464.49900865555,20.0,True,True,True,True,False,,,,200M,scan_us_two_day_drop_2026-09-09.csv,
2026-09-09,CABA,CABA,Biotechnology,2.9100000858306885,1.0,2.9100000858306885,-5.763690087455641,-11.009171168062936,11.009171168062936,True,-2.276090712858725,8.733080455204211,542.0,1.6768394756496434,0.6768394756496434,0.0,,True,7.840400218963623,11.68601064371258,True,-0.2873560462197666,18947010.558843613,12806970.274186134,20.0,True,True,True,True,True,493377259.5022023,-1.9692767,2.316879,200M,scan_us_two_day_drop_2026-09-09.csv,
2026-09-09,CABO,CABO,Telecom Services,21.13999938964844,1.0,21.13999938964844,-9.57989278558653,-8.2066923171784,9.57989278558653,True,-1.329097740474816,6.877594576703583,49.0,0.997740477727566,0.0,0.0,,True,7.840400218963623,9.57989278558653,True,-2.2640067716001244,6534373.811340332,7767139.182472229,20.0,True,True,True,True,True,119946771.036911,1.4539201,0.36746684,200M,scan_us_two_day_drop_2026-09-09.csv,
2026-09-09,CAPS,CAPS,Building Materials,0.1800000071525573,1.0,0.1800000071525573,0.0,0.0,5.263152941442195,True,-2.3361132882317004,-2.3361132882317004,13.0,0.5521655643268615,0.0,0.0,,False,7.840400218963623,5.263152941442195,False,-5.263152941442195,23292.000925540924,46676.49899274111,20.0,True,True,True,True,False,,,,200M,scan_us_two_day_drop_2026-09-09.csv,
2026-09-09,CART,CART,Internet Retail,46.63999938964844,1.0,46.63999938964844,-6.011356399391854,-2.833334604899085,6.011356399391854,True,-1.3132974206201242,1.5200371842789606,26.0,2.1372674580890925,1.1372674580890925,0.0,,True,7.840400218963623,7.148623857480946,True,-1.2567701286494093,303547108.0276489,152766686.0321045,20.0,True,True,True,True,True,10797162983.583572,25.486338,4.680851,200M,scan_us_two_day_drop_2026-09-09.csv,
2026-09-09,CASY,CASY,Specialty Retail,629.030029296875,1.0,629.030029296875,-2.9890668860011127,-14.241497815685456,14.241497815685456,True,-2.9411736347271344,11.300324180958322,41.0,8.064606741573034,7.064606741573034,0.0,,True,7.840400218963623,21.30610455725849,True,-0.3072118492641995,1625350692.7001953,268891656.8054199,20.0,True,True,True,True,True,23249054930.827396,32.830376,5.874393,200M,scan_us_two_day_drop_2026-09-09.csv,
2026-09-09,CAVA,CAVA,Restaurants,56.5099983215332,1.0,56.5099983215332,-1.0204064335285534,-6.035918032849274,6.035918032849274,True,-1.7535724939027777,4.282345538946497,49.0,1.9121688494027205,0.9121688494027204,0.0,,True,7.840400218963623,6.948086882251994,True,-1.4755957101201145,234736882.0278168,149569608.43086243,20.0,True,True,True,True,True,6600718052.924675,100.91071,7.8464313,200M,scan_us_two_day_drop_2026-09-09.csv,
2026-09-09,CDT,CDT,Biotechnology,0.6000000238418579,1.0,0.6000000238418579,-1.280002593994145,-2.755261003626319,16.555408643946613,True,-2.276090712858725,0.4791702907675943,542.0,1.4912891986062715,0.4912891986062717,0.0,,False,7.840400218963623,17.046697842552884,False,-16.555408643946613,77040.00306129456,185249.1967499256,20.0,True,True,True,True,False,,,,200M,scan_us_two_day_drop_2026-09-09.csv,
2026-09-09,CDW,CDW,Information Technology Services,142.3699951171875,1.0,142.3699951171875,-5.184413244604446,-1.460410210926788,5.184413244604446,True,-1.689187556483451,-0.2287773455566633,67.0,1.1141823578517762,0.1141823578517762,0.0,,True,7.840400218963623,5.298595602456222,True,-1.0005154005020778,256522257.20214844,227963882.17926025,20.0,True,True,True,True,True,17798730329.18335,17.111778,7.3047714,200M,scan_us_two_day_drop_2026-09-09.csv,
2026-09-09,CELH,CELH,Beverages—Non-Alcoholic,27.63999938964844,1.0,27.63999938964844,-3.587737726497653,-6.49526424554262,6.49526424554262,True,-1.4439244762584624,5.051339769284157,15.0,1.2744359056200742,0.2744359056200742,0.0,,True,7.840400218963623,6.769700151162694,True,-3.005380400493729,286939125.6637573,249458204.3132782,20.0,True,True,True,True,True,6993888544.639664,120.173904,5.837381,200M,scan_us_two_day_drop_2026-09-09.csv,
2026-09-09,CELU,CELU,Biotechnology,1.440000057220459,1.0,1.440000057220459,-8.333332742017397,-6.49350046166508,8.333332742017397,True,-2.276090712858725,4.217409748806356,542.0,1.18,0.1799999999999999,0.0,,False,7.840400218963623,8.513332742017397,False,-8.196726330588977,212400.0084400177,104794.79916095734,20.0,True,True,True,True,False,,,,200M,scan_us_two_day_drop_2026-09-09.csv,
2026-09-09,CETY,CETY,Specialty Industrial Machinery,1.0199999809265137,1.0,1.0199999809265137,0.0,-0.9708728874782356,6.363640994079745,True,-1.6177102503518117,-0.6468373628735757,77.0,0.7110187110187111,0.0,0.0,,False,7.840400218963623,6.363640994079745,False,-6.363640994079745,17441.999673843384,23677.550494670868,20.0,True,True,True,True,False,,,,200M,scan_us_two_day_drop_2026-09-09.csv,
2026-09-09,CHGA,CHGA,Real Estate Services,2.2950000762939453,1.0,2.2950000762939453,0.0,-5.165289093355252,5.165289093355252,True,-0.7129522460121995,4.4523368473430525,41.0,0.4806836389531778,0.0,0.0,,False,7.840400218963623,5.165289093355252,False,-0.4115222299809096,30982.50102996826,94115.70020198822,20.0,True,True,True,True,False,,,,200M,scan_us_two_day_drop_2026-09-09.csv,
2026-09-09,CHGG,CHGG,Education & Training Services,0.7599999904632568,1.0,0.7599999904632568,-5.882354178643112,-5.000002607703169,13.265305377701242,True,-1.5503861641813277,3.4496164435218413,29.0,1.3838803253512315,0.3838803253512315,0.0,,False,7.840400218963623,13.649185703052474,False,-13.265305377701242,924539.988398552,699033.9856356382,20.0,True,True,True,True,False,,,,200M,scan_us_two_day_drop_2026-09-09.csv,
2026-09-09,CHTR,CHTR,Telecom Services,133.88999938964844,1.0,133.88999938964844,-4.112112490371023,-8.130921954762416,8.130921954762416,True,-1.329097740474816,6.801824214287599,49.0,1.9924376350422317,0.9924376350422316,0.0,,True,7.840400218963623,9.123359589804648,True,0.4029598300143933,543245283.5235596,301215884.49554443,20.0,True,True,True,True,True,15970063464.968796,3.4839969,0.942078,200M,scan_us_two_day_drop_2026-09-09.csv,
2026-09-09,CHWY,CHWY,Internet Retail,20.75,1.0,20.75,-1.6483490793052336,-10.829395823767218,10.829395823767218,True,-1.3132974206201242,9.516098403147094,26.0,3.211338942896822,2.211338942896822,0.0,,True,7.840400218963623,13.04073476666404,True,-1.2520836749737696,448625375.0,153536856.17189407,20.0,True,True,True,True,True,8339990416.75,34.583332,17.306087,200M,scan_us_two_day_drop_2026-09-09.csv,
2026-09-09,CIA,CIA,Insurance—Life,3.609999895095825,1.0,3.609999895095825,-3.291142098014665,-5.497383293635394,5.497383293635394,True,-0.8556466895579595,4.641736604077435,16.0,1.5480890382192356,0.5480890382192356,0.0,,False,7.840400218963623,6.04547233185463,False,-0.5037778534604964,665322.9806661606,449985.9966158867,20.0,True,True,True,True,False,,,,200M,scan_us_two_day_drop_2026-09-09.csv,
2026-09-09,CIRC,CIRC,Staffing & Employment Services,0.5690000057220459,1.0,0.5690000057220459,-7.926836027445027,-5.794696725829873,7.926836027445027,True,0.0,5.794696725829873,17.0,2.197518097207859,1.1975180972078592,0.0,,False,7.840400218963623,9.124354124652886,False,-0.1522050407021691,483650.004863739,254563.59599232677,20.0,True,True,True,True,False,,,,200M,scan_us_two_day_drop_2026-09-09.csv,
2026-09-09,CLIK,CLIK,Personal Services,1.149999976158142,1.0,1.149999976158142,-1.8450166646666435,-13.5338391691059,13.5338391691059,True,-0.9690808237053594,12.56475834540054,10.0,1.8628571428571428,0.8628571428571428,0.0,,False,7.840400218963623,14.396696311963042,False,-1.0948894629691177,37489.99922275543,23544.000935554504,20.0,True,True,True,True,False,,,,200M,scan_us_two_day_drop_2026-09-09.csv,
2026-09-09,CMCSA,CMCSA,Telecom Services,24.59000015258789,1.0,24.59000015258789,-0.6040009392017986,-6.608430596885673,6.608430596885673,True,-1.329097740474816,5.279332856410857,49.0,2.280833581624966,1.280833581624966,0.0,,True,7.840400218963623,7.889264178510638,True,-0.6003746705529389,1157667699.1836548,545917659.2945099,20.0,True,True,True,True,True,87260973871.54897,7.8814106,0.97151434,200M,scan_us_two_day_drop_2026-09-09.csv,
2026-09-09,CMCT,CMCT,REIT—Office,2.819999933242798,1.0,2.819999933242798,-7.012195764624741,-7.540984349813373,8.888887269997259,True,-1.5037668789816938,6.03721747083168,13.0,1.1894736842105262,0.1894736842105262,0.0,,False,7.840400218963623,9.078360954207785,False,-8.888887269997259,63731.99849128723,86444.9999332428,20.0,True,True,True,True,False,,,,200M,scan_us_two_day_drop_2026-09-09.csv,
2026-09-09,CMPX,CMPX,Biotechnology,2.180000066757202,1.0,2.180000066757202,-7.14286000502482,-1.3574647453366009,7.14286000502482,True,-2.298351531933979,-0.9408867865973782,542.0,1.090526052313212,0.0905260523132118,0.0,,True,7.840400218963623,7.233386057338032,True,0.4219506061063249,5698738.174510002,5639980.399382114,20.0,True,True,True,True,True,392591666.72216535,-4.074766,2.3644252,200M,scan_us_two_day_drop_2026-09-09.csv,
2026-09-09,CNSY,CNSY,Biotechnology,2.490000009536743,1.0,2.490000009536743,-2.173910977784832,-7.777779053268096,7.777779053268096,True,-2.276090712858725,5.501688340409372,542.0,1.344743276283619,0.3447432762836186,0.0,,False,7.840400218963623,8.122522329551716,False,-7.382551248393277,205425.0007867813,185298.5030889511,20.0,True,True,True,True,False,,,,200M,scan_us_two_day_drop_2026-09-09.csv,
2026-09-09,CNXC,CNXC,Information Technology Services,27.06999969482422,1.0,27.06999969482422,-12.095769303809444,-4.244785084925251,12.095769303809444,True,-1.6802792502567,2.564505834668551,67.0,1.4266862170087975,0.4266862170087977,0.0,,True,7.840400218963623,12.52245552081824,True,-2.1004525380802,42142575.52490234,29447427.548885345,20.0,True,True,True,True,True,1651766715.8786774,2.2767031,0.60991824,200M,scan_us_two_day_drop_2026-09-09.csv,
2026-09-09,CNXU,CNXU,Biotechnology,4.460000038146973,1.0,4.460000038146973,-5.835009539142144,-4.700850390196476,5.835009539142144,True,-2.276090712858725,2.424759677337751,542.0,0.7119716998696705,0.0,0.0,,False,7.840400218963623,5.835009539142144,False,-5.692603260353724,852752.0072937012,1818217.9998636248,20.0,True,True,True,True,False,,,,200M,scan_us_two_day_drop_2026-09-09.csv,
2026-09-09,COLA,COLA,Shell Companies,9.75,1.0,9.75,-3.113206715378425,-5.063295370844645,5.063295370844645,True,0.0,5.063295370844645,293.0,2.0854700854700856,1.0854700854700856,0.0,,False,7.840400218963623,6.148765456314731,False,0.0,118950.0,62444.99831199646,19.0,True,True,True,True,False,,,,200M,scan_us_two_day_drop_2026-09-09.csv,
2026-09-09,COO,COO,Medical Instruments & Supplies,63.47999954223633,1.0,63.47999954223633,-2.7302687116967927,-6.219534269945082,6.219534269945082,True,-0.6991415399935419,5.52039272995154,50.0,6.080470104681781,5.080470104681781,0.0,,True,7.840400218963623,11.300004374626862,True,-1.486414299023453,601022287.6659393,111899277.8957367,20.0,True,True,True,True,True,12380544303.122065,53.79661,1.5017033,200M,scan_us_two_day_drop_2026-09-09.csv,
2026-09-09,COOT,COOT,Packaged Foods,0.4769999980926513,1.0,0.4769999980926513,-6.831121948273344,-2.8513235569575746,6.831121948273344,True,-1.1446410095467097,1.706682547410865,58.0,1.747945205479452,0.747945205479452,0.0,,False,7.840400218963623,7.579067153752796,False,-3.1250034239798663,30432.59987831116,16453.000123798847,20.0,True,True,True,True,False,,,,200M,scan_us_two_day_drop_2026-09-09.csv,
2026-09-09,COTY,COTY,Household & Personal Products,2.690000057220459,1.0,2.690000057220459,-5.802050253264812,-2.536229474082308,5.802050253264812,True,-2.055709280096896,0.480520193985412,26.0,0.9708051154055658,0.0,0.0,,True,7.840400218963623,5.802050253264812,True,0.0,16060645.34163475,17320569.310474396,20.0,True,True,True,True,True,2368454768.6006937,10.511098,0.7923417,200M,scan_us_two_day_drop_2026-09-09.csv,
2026-09-09,CPOP,CPOP,Entertainment,0.2790000140666961,1.0,0.2790000140666961,-5.263158926673251,-3.1249909454745817,5.263158926673251,True,-1.225272862667054,1.899718082807528,42.0,1.1674487196675158,0.1674487196675158,0.0,,False,7.840400218963623,5.430607646340767,False,-4.402515428559751,121476.60612463953,125070.5526188016,20.0,True,True,True,True,False,,,,200M,scan_us_two_day_drop_2026-09-09.csv,
2026-09-09,CRBP,CRBP,Biotechnology,8.859999656677246,1.0,8.859999656677246,-4.377253249249325,-16.375654239016967,16.375654239016967,True,-2.276090712858725,14.099563526158242,542.0,1.9546295394800897,0.9546295394800896,0.0,,True,7.840400218963623,17.330283778497055,True,-3.315882313926777,8893667.65537262,5416253.072214127,20.0,True,True,True,True,True,171363849.33969402,-1.6070142,1.6179693,200M,scan_us_two_day_drop_2026-09-09.csv,
2026-09-09,CRBU,CRBU,Biotechnology,1.440000057220459,1.0,1.440000057220459,-1.9108337322794824,-6.49350046166508,6.49350046166508,True,-2.276090712858725,4.217409748806356,542.0,1.90587219343696,0.9058721934369602,0.0,,False,7.840400218963623,7.399372655102041,False,0.0,2542464.1010284424,1494993.0099248886,20.0,True,True,True,True,False,,,,200M,scan_us_two_day_drop_2026-09-09.csv,
2026-09-09,CRCL,CRCL,Capital Markets,92.98999786376952,1.0,92.98999786376952,-5.752084831986604,-3.316700386030857,5.752084831986604,True,-1.6708459724126878,1.6458544136181696,90.0,0.646720191262465,0.0,0.0,,True,7.840400218963623,5.752084831986604,True,-1.1430788208886766,860278367.2370911,1316318723.21167,20.0,True,True,True,True,True,23607917631.852608,18.635271,6.6981196,200M,scan_us_two_day_drop_2026-09-09.csv,
2026-09-09,CRCT,CRCT,Computer Hardware,5.429999828338623,1.0,5.429999828338623,-1.624551501942384,-0.3669721399349956,5.29914440740511,True,-2.189784663362837,-1.8228125234278412,39.0,0.7179202772963604,0.0,0.0,,False,7.840400218963623,5.29914440740511,False,-5.29914440740511,2811653.911113739,4230342.506289482,20.0,True,True,True,True,False,,,,200M,scan_us_two_day_drop_2026-09-09.csv,
2026-09-09,CRGO,CRGO,Software—Application,1.190000057220459,1.0,1.190000057220459,-0.7812492724042275,-6.29920668563252,6.29920668563252,True,-1.838839879143489,4.460366806489031,208.0,2.1242807825086305,1.1242807825086305,0.0,,False,7.840400218963623,7.4234874681411505,False,-0.7751930820906638,109837.00528144836,57668.00138950348,20.0,True,True,True,True,False,,,,200M,scan_us_two_day_drop_2026-09-09.csv,
2026-09-09,CRIS,CRIS,Biotechnology,1.2000000476837158,1.0,1.2000000476837158,-5.925929000184638,-5.511805849928453,5.925929000184638,True,-2.276090712858725,3.235715137069728,542.0,1.3133495991634716,0.3133495991634716,0.0,,False,7.840400218963623,6.2392785993481095,False,-1.4598526172921569,226080.0089836121,220675.5033314228,20.0,True,True,True,True,False,,,,200M,scan_us_two_day_drop_2026-09-09.csv,
2026-09-09,CSAI,CSAI,Software—Infrastructure,4.650000095367432,1.0,4.650000095367432,-5.091649852734037,-0.2145869607749206,5.091649852734037,True,-1.1235944019676425,-0.9090074411927218,169.0,0.2467532467532467,0.0,0.0,,False,7.840400218963623,5.091649852734037,False,-0.8080800685720813,26505.00054359436,118880.49993515016,20.0,True,True,True,True,False,,,,200M,scan_us_two_day_drop_2026-09-09.csv,
2026-09-09,CSHR,CSHR,Capital Markets,5.289999961853027,1.0,5.289999961853027,-1.2068994717137738,-7.678884044604328,7.678884044604328,True,-1.6708459724126878,6.00803807219164,90.0,0.8355795148247979,0.0,0.0,,False,7.840400218963623,7.678884044604328,False,-1.5280081118988709,737954.9946784973,983996.9968557358,20.0,True,True,True,True,False,,,,200M,scan_us_two_day_drop_2026-09-09.csv,
2026-09-09,CTNM,CTNM,Biotechnology,15.140000343322754,1.0,15.140000343322754,-4.550905076859291,-5.018815922963215,5.018815922963215,True,-2.276090712858725,2.7427252101044903,542.0,0.9848024316109424,0.0,0.0,,True,7.840400218963623,5.018815922963215,True,-4.951616089902666,5886432.133483887,6374034.127092361,20.0,True,True,True,True,True,569583951.3961906,-8.424497,2.37602,200M,scan_us_two_day_drop_2026-09-09.csv,
2026-09-09,CXAI,CXAI,Software—Application,3.039999961853028,1.0,3.039999961853028,-7.917887804414548,-3.1847178251670494,7.917887804414548,True,-1.838839879143489,1.3458779460235604,208.0,0.5312771503040834,0.0,0.0,,False,7.840400218963623,7.917887804414548,False,-0.2923973754437203,371791.9953346253,786049.018740654,20.0,True,True,True,True,False,,,,200M,scan_us_two_day_drop_2026-09-09.csv,
2026-09-09,CXM,CXM,Software—Application,5.320000171661377,1.0,5.320000171661377,-6.091364906462459,-4.144144345390243,6.091364906462459,True,-1.838839879143489,2.3053044662467546,208.0,1.1418651108222089,0.1418651108222088,0.0,,True,7.840400218963623,6.233230017284669,True,-5.288460509781734,19157852.618169785,23451334.39593315,20.0,True,True,True,True,True,1235151568.654852,53.2,2.4281151,200M,scan_us_two_day_drop_2026-09-09.csv,
2026-09-09,CYN,CYN,Software—Application,0.8299999833106995,1.0,0.8299999833106995,-1.6703770226086156,-6.002268621590979,8.367348527570673,True,-1.838839879143489,4.16342874244749,208.0,2.317785362153963,1.317785362153963,0.0,,False,7.840400218963623,9.685133889724636,False,-8.367348527570673,253647.99489974976,140385.499304533,20.0,True,True,True,True,False,,,,200M,scan_us_two_day_drop_2026-09-09.csv,
2026-09-09,DAIC,DAIC,Information Technology Services,2.9100000858306885,1.0,2.9100000858306885,-4.516124864274451,-1.689187556483451,7.185629212701139,True,-1.6802792502567,0.0089083062267514,67.0,0.1517769773687826,0.0,0.0,,False,7.840400218963623,7.185629212701139,False,-7.185629212701139,1060695.031285286,4633058.03258419,20.0,True,True,True,True,False,,,,200M,scan_us_two_day_drop_2026-09-09.csv,
2026-09-09,DASH,DASH,Internet Retail,197.2449951171875,1.0,197.2449951171875,-5.33225972415412,-1.5939968495823242,5.33225972415412,True,-1.4055092737815469,0.1884875758007775,26.0,1.1780574598356794,0.1780574598356794,0.0,,True,7.840400218963623,5.5103171839898,True,-4.626128050658085,888056141.5161133,861848799.9214172,20.0,True,True,True,True,True,85465849467.85242,103.813156,8.613694,200M,scan_us_two_day_drop_2026-09-09.csv,
2026-09-09,DDC,DDC,Packaged Foods,0.2960000038146972,1.0,0.2960000038146972,-3.134802534860304,-4.207113997939304,8.333329051390336,True,-1.1446410095467097,3.0624729883925945,58.0,0.9207492243459608,0.0,0.0,,False,7.840400218963623,8.333329051390336,False,-8.333329051390336,355762.40458488464,496005.084399879,20.0,True,True,True,True,False,,,,200M,scan_us_two_day_drop_2026-09-09.csv,
2026-09-09,DIN,DIN,Restaurants,29.13999938964844,1.0,29.13999938964844,-2.588382850142368,-5.573561849270259,5.573561849270259,True,-1.7535724939027777,3.8199893553674817,49.0,1.9948884758364311,0.9948884758364313,0.0,,True,7.840400218963623,6.56845032510669,True,-1.5231516681979196,12509801.737976074,7297711.71169281,20.0,True,True,True,True,True,368887623.273468,47.0,-1.2645373,200M,scan_us_two_day_drop_2026-09-09.csv,
2026-09-09,DLTR,DLTR,Discount Stores,118.38999938964844,1.0,118.38999938964844,-5.615581613333087,-4.554983460316664,5.615581613333087,True,-1.4278846282180455,3.127098832098618,8.0,1.9014917951268029,0.9014917951268028,0.0,,True,7.840400218963623,6.51707340845989,True,0.2899915310455858,452711518.6660767,263683531.98623657,20.0,True,True,True,True,True,22213550984.089558,14.508578,6.4867682,200M,scan_us_two_day_drop_2026-09-09.csv,
2026-09-09,DOCS,DOCS,Health Information Services,24.190000534057617,1.0,24.190000534057617,-7.3244792304937745,-0.941849064364264,7.3244792304937745,True,-1.525452575436348,-0.5836035110720839,39.0,0.9430219978362784,0.0,0.0,,True,7.840400218963623,7.3244792304937745,True,-2.76752763632,63256851.39656067,70500819.38686371,20.0,True,True,True,True,True,4311770351.393623,28.79762,4.748724,200M,scan_us_two_day_drop_2026-09-09.csv,
2026-09-09,DRCT,DRCT,Advertising Agencies,1.7899999618530271,1.0,1.7899999618530271,-0.5102035851341613,-8.205132406060333,8.205132406060333,True,-0.9985758826792868,7.206556523381046,35.0,2.4615384615384617,1.4615384615384617,0.0,,False,7.840400218963623,9.666670867598794,False,-1.5075362435176154,40095.99914550781,21941.999912261963,20.0,True,True,True,True,False,,,,200M,scan_us_two_day_drop_2026-09-09.csv,
2026-09-09,DRVN,DRVN,Auto & Truck Dealerships,12.529999732971191,1.0,12.529999732971191,-2.507375678956658,-5.219368533437219,5.219368533437219,True,-0.6443811836638447,4.574987349773375,23.0,1.3704376354795242,0.3704376354795242,0.0,,True,7.840400218963623,5.589806168916743,True,-0.1472717540627055,14655087.687683104,10855957.953214644,20.0,True,True,True,True,True,2067197050.4256363,12.656566,2.4806967,200M,scan_us_two_day_drop_2026-09-09.csv,
2026-09-09,DSS,DSS,Packaging & Containers,0.75,1.0,0.75,-0.9638502130937864,-8.7591270515744,8.7591270515744,True,-2.030262770956304,6.728864280618096,21.0,31.244444444444444,30.244444444444444,0.0,,False,7.840400218963623,39.00357149601884,False,-2.352945878843815,210900.0,4869.399774074554,20.0,True,True,True,True,False,,,,200M,scan_us_two_day_drop_2026-09-09.csv,
2026-09-09,DUOL,DUOL,Software—Application,139.24000549316406,1.0,139.24000549316406,-5.224658146731931,-4.884209253565974,5.224658146731931,True,-1.838839879143489,3.045369374422485,208.0,1.2194511314395764,0.2194511314395764,0.0,,True,7.840400218963623,5.444109278171508,True,-2.7452464483589623,176333542.95654297,145721060.60562134,20.0,True,True,True,True,True,6487625867.023636,16.45863,4.614875,200M,scan_us_two_day_drop_2026-09-09.csv,
2026-09-09,DWTX,DWTX,Biotechnology,1.940000057220459,1.0,1.940000057220459,-10.917030749542212,-4.901956201103741,10.917030749542212,True,-2.276090712858725,2.625865488245016,542.0,0.5701818181818182,0.0,0.0,,False,7.840400218963623,10.917030749542212,False,-2.96609899806608,76048.00224304199,163196.99621200562,20.0,True,True,True,True,False,,,,200M,scan_us_two_day_drop_2026-09-09.csv,
2026-09-09,DYN,DYN,Biotechnology,19.190000534057617,1.0,19.190000534057617,-16.35091066075095,-5.514519750543956,16.35091066075095,True,-2.276090712858725,3.238429037685231,542.0,3.301238847166057,2.301238847166057,0.0,,True,7.840400218963623,18.65214950791701,True,-2.685370965155076,98694172.74665833,39417461.12651825,20.0,True,True,True,True,True,3583664110.623354,-5.7578006,4.5280795,200M,scan_us_two_day_drop_2026-09-09.csv,
2026-09-09,EBS,EBS,Drug Manufacturers—Specialty & Generic,5.679999828338623,1.0,5.679999828338623,-3.3816431055874063,-5.333336194356287,5.333336194356287,True,-1.1407864043083027,4.192549790047984,76.0,1.02545962705795,0.0254596270579501,0.0,,True,7.840400218963623,5.358795821414237,True,-0.321026980181105,6668887.798452377,6855478.456759453,20.0,True,True,True,True,True,291232539.67834854,5.427979,0.8534936,200M,scan_us_two_day_drop_2026-09-09.csv,
2026-09-09,EFX,EFX,Consulting Services,168.08999633789062,1.0,168.08999633789062,-3.066934674371591,-2.056869175929344,6.367334877207453,True,-0.7168452042999429,1.3400239716294005,21.0,1.7420325962836083,0.7420325962836085,0.0,,True,7.840400218963623,7.109367473491061,True,-6.367334877207453,282071822.85461426,177203535.0944519,20.0,True,True,True,True,True,19748035738.39746,29.489473,4.5128465,200M,scan_us_two_day_drop_2026-09-09.csv,
2026-09-09,EGAN,EGAN,Software—Application,5.110000133514404,1.0,5.110000133514404,-10.787672910620472,-1.91938395202268,17.86216535974613,True,-1.838839879143489,0.0805440728791906,208.0,3.243410852713178,2.243410852713178,0.0,,False,7.840400218963623,20.105576212459308,False,-17.86216535974613,1603518.04189682,712729.9999713898,20.0,True,True,True,True,False,,,,200M,scan_us_two_day_drop_2026-09-09.csv,
2026-09-09,EHGO,EHGO,Business Equipment & Supplies,0.9639999866485596,1.0,0.9639999866485596,-3.703711062301529,-7.307690191550997,7.307690191550997,True,-0.9216580748084956,6.386032116742502,4.0,0.9114688128772636,0.0,0.0,,False,7.840400218963623,7.307690191550997,False,-1.818180044820528,262015.1963710785,331015.00425338745,20.0,True,True,True,True,False,,,,200M,scan_us_two_day_drop_2026-09-09.csv,
2026-09-09,ELAB,ELAB,Biotechnology,4.619999885559082,1.0,4.619999885559082,-6.909791379626262,-4.742268527753934,6.909791379626262,True,-2.276090712858725,2.466177814895209,542.0,0.7329974811083123,0.0,0.0,,False,7.840400218963623,6.909791379626262,False,-0.382408811731838,134441.9966697693,244157.9588842392,20.0,True,True,True,True,False,,,,200M,scan_us_two_day_drop_2026-09-09.csv,
2026-09-09,ELPW,ELPW,Electrical Equipment & Parts,2.7950000762939453,1.0,2.7950000762939453,-5.672607784517214,-3.951890245526069,5.672607784517214,True,-2.142855135761923,1.8090351097641453,49.0,0.6174563591022444,0.0,0.0,,False,7.840400218963623,5.672607784517214,False,-2.373419166031454,173010.5047225952,351481.4990282059,20.0,True,True,True,True,False,,,,200M,scan_us_two_day_drop_2026-09-09.csv,
2026-09-09,ELTX,ELTX,Biotechnology,2.180000066757202,1.0,2.180000066757202,-2.489633985943984,-7.234035947841722,7.234035947841722,True,-2.276090712858725,4.957945234982997,542.0,1.6575466570030803,0.6575466570030803,0.0,,False,7.840400218963623,7.891582604844802,False,-3.5999965667724565,997132.0305347444,764038.9821052551,20.0,True,True,True,True,False,,,,200M,scan_us_two_day_drop_2026-09-09.csv,
2026-09-09,EMPD,EMPD,Recreational Vehicles,3.009999990463257,1.0,3.009999990463257,-7.902735364070246,-0.6600653833452097,7.902735364070246,True,-3.0326616831438447,-2.372596299798635,16.0,1.176805002842524,0.1768050028425241,0.0,,False,7.840400218963623,8.07954036691277,False,-3.519065130710364,934604.9970388412,791663.4835600853,20.0,True,True,True,True,False,,,,200M,scan_us_two_day_drop_2026-09-09.csv,
2026-09-09,EP,EP,Oil & Gas E&P,2.299999952316284,1.0,2.299999952316284,-17.571890435317272,-10.852712390299724,17.571890435317272,True,0.6337789735403887,11.486491363840113,62.0,2.163568773234201,1.1635687732342008,0.0,,False,7.840400218963623,18.73545920855147,False,0.3205201682257019,133859.99722480774,84408.99962186813,20.0,True,True,True,True,False,,,,200M,scan_us_two_day_drop_2026-09-09.csv,
2026-09-09,ETSY,ETSY,Internet Retail,71.19000244140625,1.0,71.19000244140625,-4.822902023758912,-2.238392282681956,6.729241405839892,True,-1.3132974206201242,0.9250948620618316,26.0,1.5370336867243188,0.5370336867243188,0.0,,True,7.840400218963623,7.266275092564211,True,-6.729241405839892,302408011.3708496,218381841.2952423,20.0,True,True,True,True,True,6533942864.196533,22.52848,-4.7136335,200M,scan_us_two_day_drop_2026-09-09.csv,
2026-09-09,EUDA,EUDA,Real Estate Services,13.100000381469728,1.0,13.100000381469728,-0.3706463423514106,-2.529756023280161,6.319443552214398,True,-0.7129522460121995,1.8168037772679613,41.0,2.8,1.7999999999999998,0.0,,False,7.840400218963623,8.119443552214399,False,-6.319443552214398,302610.0088119507,115259.00220870972,18.0,True,True,True,True,False,,,,200M,scan_us_two_day_drop_2026-09-09.csv,
2026-09-09,EVCM,EVCM,Software—Application,6.760000228881836,1.0,6.760000228881836,-9.343437384177344,-5.849576733958928,9.343437384177344,True,-1.838839879143489,4.010736854815439,208.0,1.3575712143928036,0.3575712143928036,0.0,,False,7.840400218963623,9.701008598570148,False,-0.1261002807205979,1224236.0414505005,1254253.485441208,20.0,True,True,True,True,False,,,,200M,scan_us_two_day_drop_2026-09-09.csv,
2026-09-09,EVER,EVER,Internet Content & Information,23.36000061035156,1.0,23.36000061035156,0.1204363180621337,-6.335204049207754,6.335204049207754,True,-2.1074233905970408,4.227780658610714,56.0,2.6203824424163407,1.6203824424163409,0.0,,True,7.840400218963623,7.955586491624095,True,-1.5804015289234583,28169824.73602295,11479281.855487823,20.0,True,True,True,True,True,826319795.6701355,7.609121,3.2057087,200M,scan_us_two_day_drop_2026-09-09.csv,
2026-09-09,EVGN,EVGN,Biotechnology,0.5,1.0,0.5,-5.555561074503923,-1.960782480441492,5.555561074503923,True,-2.298351531933979,-0.3375690514924869,542.0,0.166612641815235,0.0,0.0,,False,7.840400218963623,5.555561074503923,False,-1.818180044820528,12850.0,87474.00047779083,20.0,True,True,True,True,False,,,,200M,scan_us_two_day_drop_2026-09-09.csv,
2026-09-09,EXPE,EXPE,Travel Services,272.6000061035156,1.0,272.6000061035156,-7.881499153967653,-0.7102465037891581,7.881499153967653,True,-2.813102207051832,-2.102855703262674,15.0,1.9388070983765884,0.9388070983765884,0.0,,True,7.840400218963623,8.820306252344242,True,-1.68239290660136,734139076.4373779,448639254.2236328,20.0,True,True,True,True,True,32718018922.756622,17.275032,27.057074,200M,scan_us_two_day_drop_2026-09-09.csv,
2026-09-09,FBDT,FBDT,Aerospace & Defense,0.7400000095367432,1.0,0.7400000095367432,-5.128200425668883,0.0,5.128200425668883,True,-2.382234125969074,-2.382234125969074,87.0,,,0.0,,False,7.840400218963623,5.128200425668883,False,0.0,205720.0026512146,,,True,True,True,True,False,,,,200M,scan_us_two_day_drop_2026-09-09.csv,
2026-09-09,FCUV,FCUV,Scientific & Technical Instruments,5.494999885559082,1.0,5.494999885559082,-65.23529501522289,-7.021996151738463,65.23529501522289,True,-1.3148658635470545,5.707130288191409,31.0,1.930302024560239,0.9303020245602388,0.0,,False,7.840400218963623,66.16559703978312,False,-13.661759578953523,1597945.966720581,1388090.5090332031,20.0,True,True,True,True,False,,,,200M,scan_us_two_day_drop_2026-09-09.csv,
2026-09-09,FENC,FENC,Biotechnology,11.649999618530272,1.0,11.649999618530272,0.4842571773996607,-6.425704441694147,6.425704441694147,True,-2.276090712858725,4.149613728835422,542.0,1.4026548672566372,0.4026548672566372,0.0,,False,7.840400218963623,6.828359308950784,False,-1.2748991631906903,4062354.8669815054,2924520.056533813,20.0,True,True,True,True,False,,,,200M,scan_us_two_day_drop_2026-09-09.csv,
2026-09-09,FGL,FGL,Engineering & Construction,6.789999961853027,1.0,6.789999961853027,-18.602150361211837,-10.303833449414102,28.735631763916725,True,-2.0885546735418314,8.215278775872271,51.0,36.24516735116646,35.24516735116646,0.0,,False,7.840400218963623,63.98079911508319,False,-28.735631763916725,20433825.8852005,1620491.3725528717,20.0,True,True,True,True,False,,,,200M,scan_us_two_day_drop_2026-09-09.csv,
2026-09-09,FIG,FIG,Software—Application,22.01000022888184,1.0,22.01000022888184,-5.679936946788855,-3.252746246673244,5.679936946788855,True,-1.838839879143489,1.4139063675297547,208.0,1.2842050851290667,0.2842050851290667,0.0,,True,7.840400218963623,5.9641420319179215,True,-4.361611832156642,393703879.09412384,361345956.28881454,20.0,True,True,True,True,True,11731547294.666277,61.855377,7.903052,200M,scan_us_two_day_drop_2026-09-09.csv,
2026-09-09,FIGS,FIGS,Apparel Manufacturing,13.260000228881836,1.0,13.260000228881836,-5.131759828037041,-3.0701759278107588,5.131759828037041,True,-2.570611531113692,0.4995643966970666,22.0,1.7157202630005977,0.7157202630005977,0.0,,True,7.840400218963623,5.847480091037639,True,-5.131577254992747,47576880.82122803,32048509.23948288,20.0,True,True,True,True,True,2203019646.946484,40.181816,4.968153,200M,scan_us_two_day_drop_2026-09-09.csv,
2026-09-09,FIS,FIS,Information Technology Services,38.06999969482422,1.0,38.06999969482422,-5.896398321059637,-3.424653822497159,5.896398321059637,True,-1.6802792502567,1.744374572240459,67.0,1.1636514048789135,0.1636514048789135,0.0,,True,7.840400218963623,6.06004972593855,True,-0.9224205319499856,224909944.1970825,208267357.3955536,20.0,True,True,True,True,True,19632924102.809044,5.847926,1.2248641,200M,scan_us_two_day_drop_2026-09-09.csv,
2026-09-09,FIVN,FIVN,Software—Infrastructure,30.3700008392334,1.0,30.3700008392334,-6.131652802701726,-2.753758295256592,6.131652802701726,True,-1.1235944019676425,1.6301638932889495,169.0,0.6797405431619786,0.0,0.0,,True,7.840400218963623,6.131652802701726,True,-2.4340118870894267,34053881.94103241,55461655.099487305,20.0,True,True,True,True,True,2269353699.180483,44.661766,2.8915548,200M,scan_us_two_day_drop_2026-09-09.csv,
2026-09-09,FLYE,FLYE,Auto Manufacturers,1.7899999618530271,1.0,1.7899999618530271,-4.500001668930054,-6.282722872536994,9.9099110709451,True,-1.7241363363798556,4.558586536157138,19.0,15.220338983050848,14.220338983050848,0.0,,False,7.840400218963623,24.130250053995947,False,-9.9099110709451,160741.99657440186,10054.000067710876,20.0,True,True,True,True,False,,,,200M,scan_us_two_day_drop_2026-09-09.csv,
2026-09-09,FNGR,FNGR,Telecom Services,0.1790000051259994,1.0,0.1790000051259994,-4.060914435110585,-5.2910003685869285,5.2910003685869285,True,-1.329097740474816,3.961902628112112,49.0,1.059330679809751,0.059330679809751,0.0,,False,7.840400218963623,5.350331048396679,False,-1.005027157553351,659811.9188949466,768031.0354173183,20.0,True,True,True,True,False,,,,200M,scan_us_two_day_drop_2026-09-09.csv,
2026-09-09,FNKO,FNKO,Leisure,5.389999866485596,1.0,5.389999866485596,0.0,-5.105633285518096,5.105633285518096,True,-1.4994620691636151,3.606171216354481,28.0,0.9862956810631228,0.0,0.0,,True,7.840400218963623,5.105633285518096,True,-0.1757509451892902,5120499.873161316,5666648.489403725,20.0,True,True,True,True,True,301817171.26375866,16.84375,1.6079952,200M,scan_us_two_day_drop_2026-09-09.csv,
2026-09-09,FRMM,FRMM,Software—Application,4.619999885559082,1.0,4.619999885559082,-8.662901000073909,-4.742268527753934,8.662901000073909,True,-1.838839879143489,2.9034286486104453,208.0,0.973045822102426,0.0,0.0,,False,7.840400218963623,8.662901000073909,False,-4.151624921610209,500345.9876060486,628066.010260582,20.0,True,True,True,True,False,,,,200M,scan_us_two_day_drop_2026-09-09.csv,
2026-09-09,FTAI,FTAI,Aerospace & Defense,185.25,1.0,185.25,0.208887133003488,-5.816260256956484,5.816260256956484,True,-2.370774500600492,3.445485756355992,87.0,0.9146250927988122,0.0,0.0,,True,7.840400218963623,5.816260256956484,True,-1.559757570525888,193993800.0,237210336.81640625,20.0,True,True,True,True,True,19026488607.75,40.447598,47.065548,200M,scan_us_two_day_drop_2026-09-09.csv,
2026-09-09,G,G,Information Technology Services,34.869998931884766,1.0,34.869998931884766,-5.278674267985961,-1.3578488343860218,5.278674267985961,True,-1.689187556483451,-0.3313387220974295,67.0,0.8755783706636587,0.0,0.0,,True,7.840400218963623,5.278674267985961,True,-1.9958038332095864,66315763.96865845,78681962.74929047,20.0,True,True,True,True,True,5859359592.60989,10.377976,2.249387,200M,scan_us_two_day_drop_2026-09-09.csv,
2026-09-09,GIFT,GIFT,Internet Content & Information,0.699999988079071,1.0,0.699999988079071,-1.7857141499529772,-9.090908387194265,9.090908387194265,True,-2.1074233905970408,6.983484996597222,56.0,2.266331658291457,1.2663316582914574,0.0,,False,7.840400218963623,10.35724004548572,False,-0.7594989618606496,31569.999462366104,16455.35004734993,20.0,True,True,True,True,False,,,,200M,scan_us_two_day_drop_2026-09-09.csv,
2026-09-09,GLOB,GLOB,Information Technology Services,36.13999938964844,1.0,36.13999938964844,-5.136729060476064,-2.6400850496645423,5.136729060476064,True,-1.6802792502567,0.9598057994078424,67.0,0.8168274199104375,0.0,0.0,,True,7.840400218963623,5.136729060476064,True,-3.023537675691157,34278789.42108154,46674585.85319519,20.0,True,True,True,True,True,1560509127.4852903,14.514056,0.73283994,200M,scan_us_two_day_drop_2026-09-09.csv,
2026-09-09,GMEX,GMEX,Consumer Electronics,0.5709999799728394,1.0,0.5709999799728394,-14.459458370988964,-9.794634226172594,14.459458370988964,True,-1.226992698467566,8.567641527705028,15.0,7.779046216166452,6.779046216166452,0.0,,False,7.840400218963623,21.23850458715542,False,-5.491696456302108,1206180.357694626,238832.50117897987,20.0,True,True,True,True,False,,,,200M,scan_us_two_day_drop_2026-09-09.csv,
2026-09-09,GP,GP,Farm & Heavy Construction Machinery,0.7730000019073486,1.0,0.7730000019073486,-6.941178071045084,-2.275601324956233,6.941178071045084,True,-1.2088312852601035,1.06677003969613,24.0,0.5377763114483669,0.0,0.0,,False,7.840400218963623,6.941178071045084,False,-5.555550404536735,125999.00031089784,408760.6079697609,20.0,True,True,True,True,False,,,,200M,scan_us_two_day_drop_2026-09-09.csv,
2026-09-09,GPK,GPK,Packaging & Containers,9.510000228881836,1.0,9.510000228881836,-5.177372445378148,-3.842265937811373,5.177372445378148,True,-2.030262770956304,1.8120031668550696,21.0,2.4096976639936245,1.4096976639936245,0.0,,True,7.840400218963623,6.587070109371773,True,-2.5233598962830173,92017811.21463776,45848661.35239601,20.0,True,True,True,True,True,2813889118.0932484,14.63077,0.8700823,200M,scan_us_two_day_drop_2026-09-09.csv,
2026-09-09,GRAB,GRAB,Software—Application,3.039999961853028,1.0,3.039999961853028,-4.9707623538466255,-6.461539635291469,6.461539635291469,True,-1.838839879143489,4.622699756147981,208.0,4.529192100321808,3.529192100321808,0.0,,True,7.840400218963623,9.990731735613275,True,0.0,456095146.2767601,115552029.28150892,20.0,True,True,True,True,True,12437557923.929214,27.636364,1.832429,200M,scan_us_two_day_drop_2026-09-09.csv,
2026-09-09,GRAN,GRAN,Capital Markets,1.0,1.0,1.0,0.0,-15.96639059532916,15.96639059532916,True,-1.6708459724126878,14.295544622916474,90.0,8.378378378378379,7.378378378378379,0.0,,False,7.840400218963623,23.344768973707534,False,-6.6666604335010815,15500.0,2486.000055074692,18.0,True,True,True,True,False,,,,200M,scan_us_two_day_drop_2026-09-09.csv,
2026-09-09,GROW,GROW,Asset Management,2.859999895095825,1.0,2.859999895095825,-2.684561181007228,-1.379317205385755,8.868500414206714,True,-0.7730364836748271,0.6062807217109278,119.0,1.7489539748953975,0.7489539748953975,0.0,,False,7.840400218963623,9.617454389102113,False,-8.868500414206714,59773.99780750275,38778.50005626679,20.0,True,True,True,True,False,,,,200M,scan_us_two_day_drop_2026-09-09.csv,
2026-09-09,GSHD,GSHD,Insurance Brokers,56.400001525878906,1.0,56.400001525878906,-4.431834734278628,-9.49935525984442,9.49935525984442,True,-3.1629437816286687,6.336411478215752,18.0,2.7692584593232543,1.7692584593232543,0.0,,True,7.840400218963623,11.268613719167677,True,-2.7877201782011807,43388521.17385864,18490791.37153625,20.0,True,True,True,True,True,1342478238.320198,41.167885,-11.944092,200M,scan_us_two_day_drop_2026-09-09.csv,
2026-09-09,GTM,GTM,Software—Application,3.7200000286102295,1.0,3.7200000286102295,-5.569007571434936,-4.615386214246842,5.569007571434936,True,-1.838839879143489,2.776546335103353,208.0,0.8587047721198177,0.0,0.0,,True,7.840400218963623,5.569007571434936,True,0.2427240087284454,18464964.1420126,23387354.746747017,20.0,True,True,True,True,True,1082929379.4487252,3.2977264,1.3121693,200M,scan_us_two_day_drop_2026-09-09.csv,
2026-09-09,GWRE,GWRE,Software—Application,142.24000549316406,1.0,142.24000549316406,-7.825385788920835,-4.9896472418040405,19.934931637450997,True,-1.838839879143489,3.150807362660552,208.0,1.8234849495353695,0.8234849495353698,0.0,,True,7.840400218963623,20.758416586986364,True,-19.934931637450997,291677355.2642822,217554356.77642825,20.0,True,True,True,True,True,11842385672.700869,76.47312,9.875035,200M,scan_us_two_day_drop_2026-09-09.csv,
2026-09-09,GYGY,GYGY,Software—Infrastructure,1.0700000524520874,1.0,1.0700000524520874,-4.79999542236328,-10.08403352926398,17.218542523532786,True,-1.1235944019676425,8.960439127296338,169.0,1.424003875499576,0.4240038754995761,0.0,,False,7.840400218963623,17.642546399032362,False,-17.218542523532786,629053.0308365822,608991.5108263493,20.0,True,True,True,True,False,,,,200M,scan_us_two_day_drop_2026-09-09.csv,
2026-09-09,HAIN,HAIN,Packaged Foods,0.6399999856948853,1.0,0.6399999856948853,-9.33333237965902,-5.8823560348431165,9.33333237965902,True,-1.1446410095467097,4.737715025296406,58.0,1.0031606672519755,0.0031606672519755,0.0,,False,7.840400218963623,9.336493046910997,False,0.0,365631.991827488,335491.9952452183,20.0,True,True,True,True,False,,,,200M,scan_us_two_day_drop_2026-09-09.csv,
2026-09-09,HBNB,HBNB,Real Estate Services,4.75,1.0,4.75,-0.1915661388237399,-8.82917533164893,8.82917533164893,True,-0.7129522460121995,8.11622308563673,41.0,11.846153846153848,10.846153846153848,0.0,,False,7.840400218963623,19.675329177802777,False,-3.86740413970188,36575.0,3498.0000734329224,14.0,True,True,True,True,False,,,,200M,scan_us_two_day_drop_2026-09-09.csv,
2026-09-09,HCAI,HCAI,Farm & Heavy Construction Machinery,4.199999809265137,1.0,4.199999809265137,-0.9389773835924098,-0.4739332208735791,6.578941176802755,True,-1.3009809619590862,-0.827047741085507,24.0,189.33663366336637,188.33663366336637,0.0,,False,7.840400218963623,194.91557484016909,False,-6.578941176802755,8031659.635257721,48069.99926567078,20.0,True,True,True,True,False,,,,200M,scan_us_two_day_drop_2026-09-09.csv,
2026-09-09,HCTI,HCTI,Health Information Services,0.75,1.0,0.75,-0.3792693992771156,-4.822333527930899,7.80885470783963,True,-1.488838975578699,3.3334945523522004,39.0,0.9390359168241966,0.0,0.0,,False,7.840400218963623,7.80885470783963,False,-7.80885470783963,149025.0,173395.55216431618,20.0,True,True,True,True,False,,,,200M,scan_us_two_day_drop_2026-09-09.csv,
2026-09-09,HE,HE,Utilities—Regulated Electric,10.329999923706056,1.0,10.329999923706056,-1.7132599769467127,-5.22935518140023,5.22935518140023,True,-0.9917730043393692,4.237582177060861,35.0,1.429825944022877,0.4298259440228771,0.0,,True,7.840400218963623,5.659181125423107,True,0.0,32797749.757766724,26080490.568637848,20.0,True,True,True,True,True,1784280268.141899,8.007752,1.0121497,200M,scan_us_two_day_drop_2026-09-09.csv,
2026-09-09,HIND,HIND,Biotechnology,2.059999942779541,1.0,2.059999942779541,-5.855860935384804,-1.43540538860234,5.855860935384804,True,-2.298351531933979,-0.862946143331639,542.0,0.625,0.0,0.0,,False,7.840400218963623,5.855860935384804,False,-0.448430061781413,8239.999771118164,14253.500139713287,20.0,True,True,True,True,False,,,,200M,scan_us_two_day_drop_2026-09-09.csv,
2026-09-09,HODO,HODO,Software—Application,0.1870000064373016,1.0,0.1870000064373016,-8.372095988981732,-5.076137370857237,9.28270023623684,True,-1.838839879143489,3.237297491713748,208.0,2.0993803622497618,1.0993803622497618,0.0,,False,7.840400218963623,10.382080598486604,False,-9.28270023623684,164728.305670619,113991.1015689373,20.0,True,True,True,True,False,,,,200M,scan_us_two_day_drop_2026-09-09.csv,
2026-09-09,HPAI,HPAI,Software—Infrastructure,0.2989999949932098,1.0,0.2989999949932098,-7.459201904903356,-24.685142604482657,24.685142604482657,True,-1.1235944019676425,23.561548202515013,169.0,366.7292327203551,365.7292327203551,0.0,,False,7.840400218963623,390.4143753248378,False,-3.378381825201593,8646063.255220652,31773.199903965,20.0,True,True,True,True,False,,,,200M,scan_us_two_day_drop_2026-09-09.csv,
2026-09-09,HRB,HRB,Personal Services,45.13999938964844,1.0,45.13999938964844,-6.461479606415943,-1.6343430158536454,6.461479606415943,True,-0.9690808237053594,0.665262192148286,10.0,1.1179181516529433,0.1179181516529432,0.0,,True,7.840400218963623,6.579397758068886,True,-3.992166657036611,82123200.8895874,85749793.35708618,20.0,True,True,True,True,True,5564223643.844452,7.933216,47.7167,200M,scan_us_two_day_drop_2026-09-09.csv,
2026-09-09,HUBC,HUBC,Software—Infrastructure,0.6000000238418579,1.0,0.6000000238418579,-1.7857090589038505,-9.090909090909092,9.090909090909092,True,-1.1235944019676425,7.9673146889414515,169.0,0.8169257340241797,0.0,0.0,,False,7.840400218963623,9.090909090909092,False,-6.666671633720201,85140.00338315964,125143.65226328372,20.0,True,True,True,True,False,,,,200M,scan_us_two_day_drop_2026-09-09.csv,
2026-09-09,HWM,HWM,Aerospace & Defense,232.6199951171875,1.0,232.6199951171875,-10.699267716986792,0.4707797450168138,10.699267716986792,True,-2.382234125969074,-2.853013870985888,87.0,2.460909227178312,1.4609092271783122,0.0,,True,7.840400218963623,12.160176944165103,True,-0.4683485993475011,1336657753.942871,626346522.2793579,20.0,True,True,True,True,True,92769179488.10754,50.241898,16.233078,200M,scan_us_two_day_drop_2026-09-09.csv,
2026-09-09,IBEX,IBEX,Information Technology Services,37.040000915527344,1.0,37.040000915527344,-5.795243168701758,0.3794021242797374,5.795243168701758,True,-1.689187556483451,-2.0685896807631887,67.0,1.2595121951219512,0.2595121951219512,0.0,,True,7.840400218963623,6.054755363823709,True,-0.6089867530982951,4781864.11819458,3859087.9848480234,20.0,True,True,True,True,True,495932868.8981018,11.575,3.0951784,200M,scan_us_two_day_drop_2026-09-09.csv,
2026-09-09,IBP,IBP,Residential Construction,210.5399932861328,1.0,210.5399932861328,-4.413804633780116,-7.674092490452722,7.674092490452722,True,-0.9695875265418374,6.7045049639108845,18.0,2.8430549727234578,1.8430549727234575,0.0,,True,7.840400218963623,9.51714746317618,True,0.3660119424258923,142640845.45135498,57818748.55728149,20.0,True,True,True,True,True,5595979747.130936,22.6875,8.696766,200M,scan_us_two_day_drop_2026-09-09.csv,
2026-09-09,IHRT,IHRT,Broadcasting,2.5899999141693115,1.0,2.5899999141693115,-5.169339660449457,-2.6315853158898173,5.169339660449457,True,-1.5543204415339684,1.0772648743558488,14.0,2.060920285158782,1.0609202851587818,0.0,,False,7.840400218963623,6.230259945608239,False,-1.2323890306294882,2470859.918117523,1339650.5232214928,20.0,True,True,True,True,False,,,,200M,scan_us_two_day_drop_2026-09-09.csv,
2026-09-09,ILLR,ILLR,Software—Application,0.7799999713897705,1.0,0.7799999713897705,-10.694597828012007,-3.703707519273092,10.694597828012007,True,-1.838839879143489,1.8648676401296027,208.0,0.8287785833798104,0.0,0.0,,False,7.840400218963623,10.694597828012007,False,-2.2629276569156587,115907.9957485199,172611.3937318325,20.0,True,True,True,True,False,,,,200M,scan_us_two_day_drop_2026-09-09.csv,
2026-09-09,INBX,INBX,Biotechnology,112.86000061035156,1.0,112.86000061035156,-5.636710352616936,-1.2943814718739954,5.636710352616936,True,-2.298351531933979,-1.0039700600599837,542.0,2.492369920941349,1.4923699209413497,0.0,,True,7.840400218963623,7.129080273558285,True,-0.8915458434808454,76496508.41369629,29624630.36956787,20.0,True,True,True,True,True,1661035116.5829468,-12.883561,-31.332594,200M,scan_us_two_day_drop_2026-09-09.csv,
2026-09-09,INHD,INHD,Steel,4.099999904632568,1.0,4.099999904632568,-9.271524433587484,-0.2433145634300748,9.271524433587484,True,-0.6486845960406384,-0.4053700326105636,16.0,0.6832087015635622,0.0,0.0,,False,7.840400218963623,9.271524433587484,False,-6.790121700416963,412049.9904155731,911259.9772453308,20.0,True,True,True,True,False,,,,200M,scan_us_two_day_drop_2026-09-09.csv,
2026-09-09,IT,IT,Information Technology Services,169.69000244140625,1.0,169.69000244140625,-7.4187329508077156,-1.6802792502567,7.4187329508077156,True,-1.689187556483451,-0.0089083062267514,67.0,1.0890906034627668,0.0890906034627667,0.0,,True,7.840400218963623,7.507823554270482,True,-4.624991422493652,219884305.16357425,231764539.6224976,20.0,True,True,True,True,True,10715749891.612305,15.273628,-65.31563,200M,scan_us_two_day_drop_2026-09-09.csv,
2026-09-09,JAGX,JAGX,Biotechnology,0.3659999966621399,1.0,0.3659999966621399,-30.65326590520485,-11.594204672125862,30.65326590520485,True,-2.276090712858725,9.318113959267135,542.0,4.256079027355623,3.2560790273556237,0.0,,False,7.840400218963623,33.90934493256047,False,-13.976945541967678,204996.59813046452,102569.15089786053,20.0,True,True,True,True,False,,,,200M,scan_us_two_day_drop_2026-09-09.csv,
2026-09-09,KIDZ,KIDZ,Education & Training Services,3.4800000190734863,1.0,3.4800000190734863,-2.122013902143149,-5.691057856111737,5.750000476837158,True,-1.5503861641813277,4.140671691930409,29.0,0.4444444444444444,0.0,0.0,,False,7.840400218963623,5.750000476837158,False,-5.750000476837158,233856.00128173828,665834.9957942963,20.0,True,True,True,True,False,,,,200M,scan_us_two_day_drop_2026-09-09.csv,
2026-09-09,KLRS,KLRS,Biotechnology,3.470000028610229,1.0,3.470000028610229,-6.923076264721884,-4.407715724144856,6.923076264721884,True,-2.276090712858725,2.131625011286131,542.0,1.8403547671840357,0.8403547671840355,0.0,,False,7.840400218963623,7.7634310319059185,False,-1.0152274434545585,288010.00237464905,182211.9982719421,20.0,True,True,True,True,False,,,,200M,scan_us_two_day_drop_2026-09-09.csv,
2026-09-09,KMRK,KMRK,Leisure,1.0299999713897705,1.0,1.0299999713897705,-7.207210980571565,0.0,7.207210980571565,True,-1.5347763802608383,-1.5347763802608383,28.0,0.2813852813852814,0.0,0.0,,False,7.840400218963623,7.207210980571565,False,0.0,6694.999814033508,26772.00013399124,20.0,True,True,True,True,False,,,,200M,scan_us_two_day_drop_2026-09-09.csv,
2026-09-09,KNF,KNF,Building Materials,57.970001220703125,1.0,57.970001220703125,-0.6469375934548327,-5.6324256345171015,5.6324256345171015,True,-1.9204552560314725,3.711970378485629,13.0,1.656093489148581,0.656093489148581,0.0,,True,7.840400218963623,6.288519123665683,True,-0.4828572861790947,66132177.392578125,45881036.03897095,20.0,True,True,True,True,True,3290021043.629608,23.56504,2.0490615,200M,scan_us_two_day_drop_2026-09-09.csv,
2026-09-09,KRMN,KRMN,Aerospace & Defense,35.220001220703125,1.0,35.220001220703125,-0.7253649796093109,-11.262276544897176,11.262276544897176,True,-2.370774500600492,8.891502044296685,87.0,2.0653032767836392,1.0653032767836392,0.0,,True,7.840400218963623,12.327579821680816,True,-1.332677466502541,156500075.42419434,109113185.8789444,20.0,True,True,True,True,True,4667837357.544312,130.44444,11.08593,200M,scan_us_two_day_drop_2026-09-09.csv,
2026-09-09,KSPI,KSPI,Software—Infrastructure,100.0,1.0,100.0,-0.2975910894233435,-6.725118128945951,6.725118128945951,True,-1.1235944019676425,5.601523726978309,169.0,2.3697093319734828,1.3697093319734828,0.0,,True,7.840400218963623,8.094827460919433,True,-0.2597150409401449,139410000.0,61902469.44885254,20.0,True,True,True,True,True,19002726600.0,8.4246,0.008397372,200M,scan_us_two_day_drop_2026-09-09.csv,
2026-09-09,KTB,KTB,Apparel Manufacturing,67.16000366210938,1.0,67.16000366210938,-3.1891517650154744,-5.047362541195543,5.047362541195543,True,-2.570611531113692,2.476751010081851,22.0,0.9363960165733808,0.0,0.0,,True,7.840400218963623,5.047362541195543,True,-0.1085898651545402,43257758.35876465,52828665.5456543,20.0,True,True,True,True,True,3670537319.347534,13.595142,5.933911,200M,scan_us_two_day_drop_2026-09-09.csv,
2026-09-09,KULR,KULR,Electronic Components,2.3499999046325684,1.0,2.3499999046325684,-1.960782480441492,-6.000003814697264,6.000003814697264,True,-0.5057882967320348,5.494215517965229,44.0,1.0111878706364248,0.0111878706364247,0.0,,False,7.840400218963623,6.011191685333689,False,0.0,1943449.921131134,2158666.986012459,20.0,True,True,True,True,False,,,,200M,scan_us_two_day_drop_2026-09-09.csv,
2026-09-09,KVYO,KVYO,Software—Application,16.270000457763672,1.0,16.270000457763672,-3.868894127293221,-9.05533251623325,9.05533251623325,True,-1.838839879143489,7.216492637089761,208.0,1.416075045723613,0.4160750457236131,0.0,,True,7.840400218963623,9.471407561956864,True,-5.819836058753669,117153765.2961731,93761598.47564696,20.0,True,True,True,True,True,4869282694.509426,542.3334,4.8625226,200M,scan_us_two_day_drop_2026-09-09.csv,
2026-09-09,KXIN,KXIN,Auto & Truck Dealerships,1.1200000047683716,1.0,1.1200000047683716,-8.064517989739162,-1.7543843138140611,8.064517989739162,True,-0.6443811836638447,1.110003130150217,23.0,0.4294800884955752,0.0,0.0,,False,7.840400218963623,8.064517989739162,False,-3.124997089616888,173936.0007405281,1890534.965467453,20.0,True,True,True,True,False,,,,200M,scan_us_two_day_drop_2026-09-09.csv,
2026-09-09,KYTX,KYTX,Biotechnology,7.639999866485596,1.0,7.639999866485596,-2.1818218809185552,-5.328374778185041,5.328374778185041,True,-2.276090712858725,3.052284065326316,542.0,1.4603578528827037,0.4603578528827037,0.0,,True,7.840400218963623,5.788732631067745,True,-1.1976093042061042,7015047.877407074,5221045.331859589,20.0,True,True,True,True,True,472483903.9030094,-2.487635,2.841205,200M,scan_us_two_day_drop_2026-09-09.csv,
2026-09-09,LASE,LASE,Specialty Industrial Machinery,0.8009999990463257,1.0,0.8009999990463257,-32.07142918572134,-15.772868566678111,32.07142918572134,True,-1.570439531541068,14.202429035137044,77.0,22.301677910396126,21.301677910396126,0.0,,False,7.840400218963623,53.373107096117465,False,0.0,20653945.17540932,1592736.015844345,20.0,True,True,True,True,False,,,,200M,scan_us_two_day_drop_2026-09-09.csv,
2026-09-09,LDI,LDI,Mortgage Finance,0.7799999713897705,1.0,0.7799999713897705,-12.314225066512652,-5.569007892925226,12.314225066512652,True,-1.3120211380829416,4.256986754842284,9.0,5.2168970756504285,4.2168970756504285,0.0,,False,7.840400218963623,16.53112214216308,False,0.2127632187091555,10846601.60214901,2518715.383887291,20.0,True,True,True,True,False,,,,200M,scan_us_two_day_drop_2026-09-09.csv,
2026-09-09,LGCL,LGCL,Software—Application,3.440000057220459,1.0,3.440000057220459,-3.4574435200017684,-5.234161190921127,5.234161190921127,True,-1.838839879143489,3.3953213117776384,208.0,0.3249662702420396,0.0,0.0,,False,7.840400218963623,5.234161190921127,False,-4.568529546778388,500864.0083312988,3735634.774572373,20.0,True,True,True,True,False,,,,200M,scan_us_two_day_drop_2026-09-09.csv,
2026-09-09,LGPS,LGPS,Conglomerates,0.8320000171661377,1.0,0.8320000171661377,-6.489360602585204,-5.34698413044995,6.489360602585204,True,-0.9071812971593872,4.439802833290563,25.0,2.408357075023741,1.4083570750237415,0.0,,False,7.840400218963623,7.897717677608945,False,-4.1794096150858495,105497.60217666626,46045.3503370285,20.0,True,True,True,True,False,,,,200M,scan_us_two_day_drop_2026-09-09.csv,
2026-09-09,LMND,LMND,Insurance—Property & Casualty,49.220001220703125,1.0,49.220001220703125,-5.354803629511973,-2.631054473651384,5.354803629511973,True,-0.2095756877442789,2.421478785907105,43.0,1.668424265971027,0.6684242659710273,0.0,,True,7.840400218963623,6.023227895483,True,-3.031957022741083,73977661.8347168,46638857.98778534,20.0,True,True,True,True,True,3809461484.77829,-56.574715,7.619195,200M,scan_us_two_day_drop_2026-09-09.csv,
2026-09-09,LNG,LNG,Oil & Gas Midstream,275.92999267578125,1.0,275.92999267578125,-5.4726065021671655,-0.0326050074171191,5.4726065021671655,True,0.3890958821135992,0.4217008895307184,42.0,2.037399581448728,1.0373995814487276,0.0,,True,7.840400218963623,6.5100060836158935,True,0.3953907073583007,832756717.8955078,408796155.68237305,20.0,True,True,True,True,True,56988968704.23865,20.919636,9.265925,200M,scan_us_two_day_drop_2026-09-09.csv,
2026-09-09,LOOP,LOOP,Specialty Chemicals,0.4300000071525574,1.0,0.4300000071525574,-5.031444261784602,-5.077263012660794,7.378638574321672,True,-1.3636256122117552,3.713637400449039,60.0,0.4362964916908467,0.0,0.0,,False,7.840400218963623,7.378638574321672,False,-7.378638574321672,35561.000591516495,95835.34957915545,20.0,True,True,True,True,False,,,,200M,scan_us_two_day_drop_2026-09-09.csv,
2026-09-09,LUCD,LUCD,Medical Devices,0.8209999799728394,1.0,0.8209999799728394,-4.574466270524047,-8.472690474546663,8.472690474546663,True,-1.2232500927669363,7.249440381779727,139.0,1.964639163794062,0.964639163794062,0.0,,False,7.840400218963623,9.437329638340726,False,-1.1566748554634354,1450542.7646160126,836057.4636667967,20.0,True,True,True,True,False,,,,200M,scan_us_two_day_drop_2026-09-09.csv,
2026-09-09,LUNG,LUNG,Medical Devices,1.9800000190734863,1.0,1.9800000190734863,-5.882358017962741,-4.807687899064572,5.882358017962741,True,-1.2232500927669363,3.584437806297635,139.0,1.1452103395843891,0.1452103395843893,0.0,,False,7.840400218963623,6.02756835754713,False,-2.212387279967876,894762.0086193085,903641.9849395752,20.0,True,True,True,True,False,,,,200M,scan_us_two_day_drop_2026-09-09.csv,
2026-09-09,LYEL,LYEL,Biotechnology,12.880000114440918,1.0,12.880000114440918,-5.845512590657965,-4.804136225858846,5.845512590657965,True,-2.276090712858725,2.528045513000121,542.0,1.1454340473506202,0.1454340473506201,0.0,,False,7.840400218963623,5.990946638008585,False,0.349163350561632,1308608.0116271973,1295481.9931983948,20.0,True,True,True,True,False,,,,200M,scan_us_two_day_drop_2026-09-09.csv,
2026-09-09,LYFT,LYFT,Software—Application,14.899999618530272,1.0,14.899999618530272,-2.8708107772046687,-8.251232582964674,8.251232582964674,True,-1.838839879143489,6.412392703821185,208.0,1.8304137571761585,0.8304137571761585,0.0,,True,7.840400218963623,9.081646340140832,True,-3.240748559250928,259148243.36528775,166156921.3030815,20.0,True,True,True,True,True,5640249565.698355,2.16885,1.8685728,200M,scan_us_two_day_drop_2026-09-09.csv,
2026-09-09,MAAS,MAAS,Asset Management,15.020000457763672,1.0,15.020000457763672,-7.645259760462686,-0.5298008058610915,7.645259760462686,True,-0.7738620094778659,-0.2440612036167744,119.0,0.8099531193653083,0.0,0.0,,False,7.840400218963623,7.645259760462686,False,-1.8017972608640127,1686746.0514068604,2324228.029823303,20.0,True,True,True,True,False,,,,200M,scan_us_two_day_drop_2026-09-09.csv,
2026-09-09,MDLN,MDLN,Medical Instruments & Supplies,34.04999923706055,1.0,34.04999923706055,-5.192679742977601,-1.8449103919989216,5.192679742977601,True,-0.6991415399935419,1.14576885200538,50.0,0.7699460042409625,0.0,0.0,,True,7.840400218963623,5.192679742977601,True,0.0,179889550.96931458,237381446.13761905,20.0,True,True,True,True,True,29873808303.53414,42.5625,2.580523,200M,scan_us_two_day_drop_2026-09-09.csv,
2026-09-09,MGPI,MGPI,Beverages—Wineries & Distilleries,15.09000015258789,1.0,15.09000015258789,-1.1585398687627757,-6.909309038503264,6.909309038503264,True,-2.460319216244033,4.448989822259231,8.0,1.4655453065653825,0.4655453065653825,0.0,,True,7.840400218963623,7.374854345068647,True,0.3671937905880718,4075809.041213989,3049678.452205658,20.0,True,True,True,True,True,322491969.590992,7.6832995,0.5468778,200M,scan_us_two_day_drop_2026-09-09.csv,
2026-09-09,MI,MI,Internet Retail,2.150000095367432,1.0,2.150000095367432,-2.531643277501128,-6.9264004924427525,6.9264004924427525,True,-1.3132974206201242,5.6131030718226285,26.0,0.8735244519392917,0.0,0.0,,False,7.840400218963623,6.9264004924427525,False,-2.8688594270410817,55685.00247001648,140020.99905014038,20.0,True,True,True,True,False,,,,200M,scan_us_two_day_drop_2026-09-09.csv,
2026-09-09,MIST,MIST,Biotechnology,1.0700000524520874,1.0,1.0700000524520874,-6.250003725290155,-4.888884226481116,6.250003725290155,True,-2.276090712858725,2.6127935136223908,542.0,0.8275340869729508,0.0,0.0,,False,7.840400218963623,6.250003725290155,False,-0.8264454667762711,1405980.0689220428,1877054.082322121,20.0,True,True,True,True,False,,,,200M,scan_us_two_day_drop_2026-09-09.csv,
2026-09-09,MLSS,MLSS,Medical Instruments & Supplies,0.4199999868869781,1.0,0.4199999868869781,-6.382978993230626,-4.5454570084564105,6.382978993230626,True,-0.6991415399935419,3.8463154684628686,50.0,1.3061946902654866,0.3061946902654866,0.0,,False,7.840400218963623,6.689173683496113,False,0.0,46493.99854838848,38360.50031930208,20.0,True,True,True,True,False,,,,200M,scan_us_two_day_drop_2026-09-09.csv,
2026-09-09,MLTX,MLTX,Biotechnology,13.720000267028809,1.0,13.720000267028809,-0.4663600761567021,-8.165992955959588,8.165992955959588,True,-2.276090712858725,5.889902243100863,542.0,1.4537244108033718,0.4537244108033718,0.0,,True,7.840400218963623,8.61971736676296,True,-1.184985888570533,23188172.45130539,17685161.683940887,20.0,True,True,True,True,True,1167663740.9259367,-4.124666,2.678641,200M,scan_us_two_day_drop_2026-09-09.csv,
2026-09-09,MMYT,MMYT,Travel Services,49.060001373291016,1.0,49.060001373291016,-3.0924081967571797,-8.979591865621883,8.979591865621883,True,-2.1551723429195646,6.824419522702318,15.0,3.4183896862077354,2.4183896862077354,0.0,,True,7.840400218963623,11.397981551829618,True,-2.6430983861353674,68944019.92988586,23281893.439102173,20.0,True,True,True,True,True,4614518086.889915,213.30435,-68.519554,200M,scan_us_two_day_drop_2026-09-09.csv,
2026-09-09,MNDY,MNDY,Software—Application,81.11000061035156,1.0,81.11000061035156,-8.125619359477687,-3.059636207263494,8.125619359477687,True,-1.838839879143489,1.2207963281200052,208.0,0.9251630621352558,0.0,0.0,,True,7.840400218963623,8.125619359477687,True,-6.431729187775604,87436580.65795898,106367421.09718324,20.0,True,True,True,True,True,3428853817.8920746,34.368645,5.548639,200M,scan_us_two_day_drop_2026-09-09.csv,
2026-09-09,MNTN,MNTN,Software—Application,11.84000015258789,1.0,11.84000015258789,-1.081076383864299,-7.572211048044863,7.572211048044863,True,-1.838839879143489,5.733371168901375,208.0,0.8883414494414208,0.0,0.0,,True,7.840400218963623,7.572211048044863,True,-3.789006147373286,9179552.118301392,11278784.8405838,20.0,True,True,True,True,True,885669461.3340569,6.6516857,2.6281908,200M,scan_us_two_day_drop_2026-09-09.csv,
2026-09-09,MVST,MVST,Auto Parts,0.625,1.0,0.625,-1.302460714413867,-8.357768762113748,8.357768762113748,True,-1.8322501878805848,6.525518574233163,52.0,1.2140738972032443,0.2140738972032443,0.0,,True,7.840400218963623,8.571842659316992,True,-1.285714784447034,4925687.5,5232118.147847056,20.0,True,True,True,True,True,240334053.75,5.2058334,0.44242212,200M,scan_us_two_day_drop_2026-09-09.csv,
2026-09-09,MWYN,MWYN,"Furnishings, Fixtures & Appliances",0.8790000081062317,1.0,0.8790000081062317,-4.687495634425332,-27.950820697311794,27.950820697311794,True,-1.1780250750563326,26.77279562225546,26.0,4.952583910495472,3.952583910495472,0.0,,False,7.840400218963623,31.903404607807268,False,-4.477616454795886,408559.2037677765,93414.74802792072,20.0,True,True,True,True,False,,,,200M,scan_us_two_day_drop_2026-09-09.csv,
2026-09-09,MYSZ,MYSZ,Apparel Retail,2.009999990463257,1.0,2.009999990463257,-5.309729471922886,-6.074771405057433,6.074771405057433,True,-2.349329951776236,3.7254414532811975,32.0,0.5293734126095968,0.0,0.0,,False,7.840400218963623,6.074771405057433,False,-4.641346008752079,54671.999740600586,136336.99550628662,20.0,True,True,True,True,False,,,,200M,scan_us_two_day_drop_2026-09-09.csv,
2026-09-09,NCPL,NCPL,Capital Markets,0.4839999973773956,1.0,0.4839999973773956,-12.998274667696377,-3.585652947544826,12.998274667696377,True,-1.6708459724126878,1.9148069751321384,90.0,0.2301834006838669,0.0,0.0,,False,7.840400218963623,12.998274667696377,False,-8.267088315035465,573443.1968927383,3129683.2629591227,20.0,True,True,True,True,False,,,,200M,scan_us_two_day_drop_2026-09-09.csv,
2026-09-09,NCT,NCT,Marine Shipping,0.3160000145435333,1.0,0.3160000145435333,-18.75000419095152,-2.769222727893783,21.10453983982457,True,0.5373279594252822,3.3065506873190653,36.0,0.7605981955258929,0.0,0.0,,False,7.840400218963623,21.10453983982457,False,-21.10453983982457,291699.6134251356,4750468.976020813,20.0,True,True,True,True,False,,,,200M,scan_us_two_day_drop_2026-09-09.csv,
2026-09-09,NCTY,NCTY,Capital Markets,3.7899999618530273,1.0,3.7899999618530273,-4.0511738785151135,-15.77777862548828,15.77777862548828,True,-1.6708459724126878,14.106932653075594,90.0,1.0934891485809684,0.0934891485809683,0.0,,False,7.840400218963623,15.87126777406925,False,-2.2916693571540026,992979.9900054932,1073986.02912426,20.0,True,True,True,True,False,,,,200M,scan_us_two_day_drop_2026-09-09.csv,
2026-09-09,NEGG,NEGG,Internet Retail,15.0600004196167,1.0,15.0600004196167,-0.9791098010331512,-0.725113092445806,7.038834221076062,True,-1.686208702743747,-0.9610956102979408,26.0,0.8609523809523809,0.0,0.0,,False,7.840400218963623,7.038834221076062,False,-7.038834221076062,680712.0189666748,941953.5223960876,20.0,True,True,True,True,False,,,,200M,scan_us_two_day_drop_2026-09-09.csv,
2026-09-09,NERV,NERV,Biotechnology,4.119999885559082,1.0,4.119999885559082,-1.3544005666935366,-5.720823948443099,5.720823948443099,True,-2.276090712858725,3.4447332355843745,542.0,0.9915966386554622,0.0,0.0,,False,7.840400218963623,5.720823948443099,False,-5.543714833895452,461851.9871711731,534042.9934740067,20.0,True,True,True,True,False,,,,200M,scan_us_two_day_drop_2026-09-09.csv,
2026-09-09,NGEN,NGEN,Biotechnology,2.130000114440918,1.0,2.130000114440918,-6.008578157501166,-2.73972334300725,6.008578157501166,True,-2.276090712858725,0.4636326301485249,542.0,0.6689812699862951,0.0,0.0,,False,7.840400218963623,6.008578157501166,False,0.4310340840949722,779793.0418968201,1007382.9893767834,20.0,True,True,True,True,False,,,,200M,scan_us_two_day_drop_2026-09-09.csv,
2026-09-09,NVCT,NVCT,Biotechnology,22.780000686645508,1.0,22.780000686645508,-2.0416496720006783,-5.043764468599066,5.043764468599066,True,-2.276090712858725,2.767673755740341,542.0,0.9064039408866996,0.0,0.0,,True,7.840400218963623,5.043764468599066,True,0.4924042993530664,3772368.113708496,4228555.908679962,20.0,True,True,True,True,True,743631845.8949013,-23.729168,67.0,200M,scan_us_two_day_drop_2026-09-09.csv,
2026-09-09,NVS,NVS,Drug Manufacturers—General,137.47999572753906,1.0,137.47999572753906,-13.93212562010585,-0.159768500783497,13.93212562010585,True,-0.6041271525955794,-0.4443586518120823,16.0,2.0347838137472283,1.0347838137472285,0.0,,True,7.840400218963623,14.96690943385308,True,-1.9007854033572855,403723755.4534912,224276642.5819397,20.0,True,True,True,True,True,261310268082.4701,20.767372,6.290263,200M,scan_us_two_day_drop_2026-09-09.csv,
2026-09-09,NXPL,NXPL,Software—Application,8.880000114440918,1.0,8.880000114440918,0.4489333618186819,-0.7821195119105395,5.010663766466516,True,-1.847335196361488,-1.0652156844509486,208.0,1.816593886462882,0.8165938864628821,0.0,,False,7.840400218963623,5.827257652929398,False,-5.010663766466516,554112.0071411133,298587.9975795746,20.0,True,True,True,True,False,,,,200M,scan_us_two_day_drop_2026-09-09.csv,
2026-09-09,NXTT,NXTT,Software—Application,4.769999980926514,1.0,4.769999980926514,-3.612168231043,-5.91716332499762,11.298475865968072,True,-1.838839879143489,4.078323445854132,208.0,0.4435045317220544,0.0,0.0,,False,7.840400218963623,11.298475865968072,False,-11.298475865968072,175058.99930000305,501896.5073108673,20.0,True,True,True,True,False,,,,200M,scan_us_two_day_drop_2026-09-09.csv,
2026-09-09,NYXH,NYXH,Medical Instruments & Supplies,1.5199999809265137,1.0,1.5199999809265137,-3.703707519273092,-2.564100212834441,7.954544684857367,True,-0.6991415399935419,1.8649586728409,50.0,2.103494029190624,1.1034940291906237,0.0,,False,7.840400218963623,9.058038714047992,False,-7.954544684857367,361455.99546432495,183141.0005390644,20.0,True,True,True,True,False,,,,200M,scan_us_two_day_drop_2026-09-09.csv,
2026-09-09,OABI,OABI,Biotechnology,4.014999866485596,1.0,4.014999866485596,-2.0785255005468795,-5.306601810811696,8.842106869346223,True,-2.276090712858725,3.030511097952971,542.0,0.8272946029563424,0.0,0.0,,True,7.840400218963623,8.842106869346223,True,-8.842106869346223,4831249.339342117,6886134.846830368,20.0,True,True,True,True,True,583742428.5582876,-13.610169,2.2430167,200M,scan_us_two_day_drop_2026-09-09.csv,
2026-09-09,OCS,OCS,Biotechnology,11.470000267028809,1.0,11.470000267028809,-0.0821711488836807,-5.674338725671502,5.674338725671502,True,-2.276090712858725,3.398248012812777,542.0,1.0393852065321807,0.0393852065321806,0.0,,False,7.840400218963623,5.713723932203683,False,0.0,1861581.043338776,2041057.5445652008,20.0,True,True,True,True,False,,,,200M,scan_us_two_day_drop_2026-09-09.csv,
2026-09-09,OCTV,OCTV,Software—Application,17.93000030517578,1.0,17.93000030517578,-6.125578119410735,-2.501354539095768,6.125578119410735,True,-1.838839879143489,0.6625146599522791,208.0,0.6650895440681942,0.0,0.0,,True,7.840400218963623,6.125578119410735,True,-1.951948941860615,30497137.519073486,49356830.17272949,20.0,True,True,True,True,True,4813089620.760712,15.591305,0.9474741,200M,scan_us_two_day_drop_2026-09-09.csv,
2026-09-09,OMH,OMH,Real Estate Services,2.509999990463257,1.0,2.509999990463257,-12.58740938113787,0.3999996185302779,12.58740938113787,True,-0.7194213578362585,-1.1194209763665364,41.0,0.5118371561324582,0.0,0.0,,False,7.840400218963623,12.58740938113787,False,-6.84039227079567,174193.99933815002,527717.2337675095,20.0,True,True,True,True,False,,,,200M,scan_us_two_day_drop_2026-09-09.csv,
2026-09-09,ONFO,ONFO,Internet Content & Information,0.9520000219345092,1.0,0.9520000219345092,-2.702700090373533,-11.851853323571415,11.851853323571415,True,-2.1074233905970408,9.744429932974374,56.0,0.61276425207895,0.0,0.0,,False,7.840400218963623,11.851853323571415,False,-5.93219799613216,291121.60670757294,724850.9953200817,20.0,True,True,True,True,False,,,,200M,scan_us_two_day_drop_2026-09-09.csv,
2026-09-09,OPRX,OPRX,Health Information Services,7.170000076293945,1.0,7.170000076293945,-3.430749489869056,-5.657892549136967,5.657892549136967,True,-1.488838975578699,4.169053573558268,39.0,0.4587960257159555,0.0,0.0,,False,7.840400218963623,5.657892549136967,False,-1.0062883726465133,562845.0059890747,1370516.9983625412,20.0,True,True,True,True,False,,,,200M,scan_us_two_day_drop_2026-09-09.csv,
2026-09-09,OPTT,OPTT,Specialty Industrial Machinery,0.1599999964237213,1.0,0.1599999964237213,-15.789474509759636,0.0,15.789474509759636,True,-1.6177102503518117,-1.6177102503518117,77.0,1.1283316095154745,0.1283316095154745,0.0,,False,7.840400218963623,15.917806119275111,False,0.0,680735.9847843647,734300.5006574094,20.0,True,True,True,True,False,,,,200M,scan_us_two_day_drop_2026-09-09.csv,
2026-09-09,PATH,PATH,Software—Infrastructure,13.56999969482422,1.0,13.56999969482422,-7.768264543109938,-3.140617607918017,16.630075999785188,True,-1.1235944019676425,2.0170232059503745,169.0,0.8884067450994844,0.0,0.0,,True,7.840400218963623,16.630075999785188,True,-16.630075999785188,785135756.3430786,1105946854.86269,20.0,True,True,True,True,True,7072078741.085991,20.25373,3.6186666,200M,scan_us_two_day_drop_2026-09-09.csv,
2026-09-09,PAVS,PAVS,Packaged Foods,4.53000020980835,1.0,4.53000020980835,-2.573926492629053,-1.0916968281791228,5.221770615564081,True,-1.161197996467228,-0.0695011682881052,58.0,0.5141903171953256,0.0,0.0,,False,7.840400218963623,5.221770615564081,False,-5.221770615564081,69762.00323104858,155805.00316619873,20.0,True,True,True,True,False,,,,200M,scan_us_two_day_drop_2026-09-09.csv,
2026-09-09,PAYC,PAYC,Software—Application,215.5800018310547,1.0,215.5800018310547,-5.399919974839829,-1.6335105727476429,5.399919974839829,True,-1.847335196361488,-0.2138246236138452,208.0,1.2685975609756095,0.2685975609756097,0.0,,True,7.840400218963623,5.668517535815439,True,-3.6795301622772114,179405677.5238037,145466062.59155273,20.0,True,True,True,True,True,9716539706.5486,22.812698,16.408892,200M,scan_us_two_day_drop_2026-09-09.csv,
2026-09-09,PBK,PBK,Utilities—Renewable,0.3740000128746032,1.0,0.3740000128746032,-0.2631545099855081,-1.3192599273578187,5.000002607703169,True,-1.9750846384999357,-0.6558247111421167,18.0,3.6810170977641374,2.6810170977641383,0.0,,False,7.840400218963623,7.681019705467307,False,-5.000002607703169,785063.4270250797,245998.1986641884,20.0,True,True,True,True,False,,,,200M,scan_us_two_day_drop_2026-09-09.csv,
2026-09-09,PCTY,PCTY,Software—Application,142.10000610351562,1.0,142.10000610351562,-5.727422805059524,-0.99630229773785,5.727422805059524,True,-1.847335196361488,-0.8510328986236382,208.0,0.9982250621228256,0.0,0.0,,True,7.840400218963623,5.727422805059524,True,-1.4116381397220157,79917043.43261719,86834570.69778442,20.0,True,True,True,True,True,7867508937.927246,28.882114,6.4412313,200M,scan_us_two_day_drop_2026-09-09.csv,
2026-09-09,PFAI,PFAI,Farm Products,2.650000095367432,1.0,2.650000095367432,0.0,-1.486987397850048,10.63122705171663,True,-0.5988034210703153,0.8881839767797328,19.0,2.0,1.0,0.0,,False,7.840400218963623,11.63122705171663,False,-10.63122705171663,5300.000190734863,3017.9999828338623,14.0,True,True,True,True,False,,,,200M,scan_us_two_day_drop_2026-09-09.csv,
2026-09-09,PINS,PINS,Internet Content & Information,18.280000686645508,1.0,18.280000686645508,-1.2745109497240614,-9.235346372249309,9.235346372249309,True,-2.1074233905970408,7.127922981652268,56.0,3.0446488158216,2.0446488158216,0.0,,True,7.840400218963623,11.27999518807091,True,-2.1582770009893504,512885635.2653504,206117953.78198624,20.0,True,True,True,True,True,10352202522.416296,53.764706,3.5724058,200M,scan_us_two_day_drop_2026-09-09.csv,
2026-09-09,PLCE,PLCE,Apparel Manufacturing,2.539999961853028,1.0,2.539999961853028,-0.7117431079635694,-8.960573599218192,8.960573599218192,True,-2.570611531113692,6.3899620681045,22.0,0.9295576878071612,0.0,0.0,,False,7.840400218963623,8.960573599218192,False,-0.3546095992902232,504443.9924240112,541392.0033216476,20.0,True,True,True,True,False,,,,200M,scan_us_two_day_drop_2026-09-09.csv,
2026-09-09,PLRZ,PLRZ,Biotechnology,10.75,1.0,10.75,-0.8007131176207993,-3.5874406476706144,10.509558952218711,True,-2.276090712858725,1.3113499348118896,542.0,1.053072625698324,0.053072625698324,0.0,,False,7.840400218963623,10.562631577917037,False,-10.509558952218711,810550.0,779175.485420227,20.0,True,True,True,True,False,,,,200M,scan_us_two_day_drop_2026-09-09.csv,
2026-09-09,PNBK,PNBK,Banks—Regional,0.949999988079071,1.0,0.949999988079071,-10.810811101069609,-4.040406168924138,10.810811101069609,True,-0.7691811824658445,3.271224986458293,286.0,2.193139611098973,1.1931396110989732,0.0,,False,7.840400218963623,12.00395071216858,False,-0.8928562875609058,476804.99401688576,237778.49148511887,20.0,True,True,True,True,False,,,,200M,scan_us_two_day_drop_2026-09-09.csv,
2026-09-09,POLA,POLA,Electrical Equipment & Parts,1.2899999618530271,1.0,1.2899999618530271,-5.797104579113899,-0.7692300638503347,5.797104579113899,True,-2.197806588435247,-1.4285765245849125,49.0,0.5298588490770901,0.0,0.0,,False,7.840400218963623,5.797104579113899,False,-0.7194237817389371,94427.9972076416,228066.5055334568,20.0,True,True,True,True,False,,,,200M,scan_us_two_day_drop_2026-09-09.csv,
2026-09-09,PRCH,PRCH,Insurance—Property & Casualty,16.3799991607666,1.0,16.3799991607666,-6.744709898554357,-2.0920525466012085,6.744709898554357,True,-0.2095756877442789,1.8824768588569296,43.0,1.4554238425408186,0.4554238425408186,0.0,,True,7.840400218963623,7.200133741095176,True,-0.6644459326317298,26646982.634735107,18859686.451530457,20.0,True,True,True,True,True,1859454818.4103625,44.270267,-156.0,200M,scan_us_two_day_drop_2026-09-09.csv,
2026-09-09,PSKY,PSKY,Entertainment,10.220000267028809,1.0,10.220000267028809,-0.5524812876535612,-5.370369569100808,5.370369569100808,True,-1.225272862667054,4.145096706433754,42.0,1.3397001971181028,0.3397001971181028,0.0,,True,7.840400218963623,5.71006976621891,True,-1.6304375525157957,134404245.51172256,105362501.69901848,20.0,True,True,True,True,True,11437948951.611448,340.6667,0.97333336,200M,scan_us_two_day_drop_2026-09-09.csv,
2026-09-09,PTC,PTC,Software—Application,128.88999938964844,1.0,128.88999938964844,-5.502772323444338,-3.2793000880420475,6.036778683406874,True,-1.838839879143489,1.4404602088985583,208.0,2.1610230547550437,1.1610230547550433,0.0,,True,7.840400218963623,7.1978017381619175,True,-6.036778683406874,309284442.5354004,170238066.73736572,20.0,True,True,True,True,True,13985371914.063034,12.501454,4.1127667,200M,scan_us_two_day_drop_2026-09-09.csv,
2026-09-09,PTLE,PTLE,Specialty Retail,6.75,1.0,6.75,-3.989182921633827,-4.9295761877997,5.796177442467776,True,-2.9411736347271344,1.9884025530725655,41.0,7.955223880597015,6.955223880597015,0.0,,False,7.840400218963623,12.75140132306479,False,-5.796177442467776,719550.0,102090.00129699708,20.0,True,True,True,True,False,,,,200M,scan_us_two_day_drop_2026-09-09.csv,
2026-09-09,PTLO,PTLO,Restaurants,4.110000133514404,1.0,4.110000133514404,0.0,-7.013573244991155,7.013573244991155,True,-1.7535724939027777,5.260000751088378,49.0,1.4609102547124002,0.4609102547124002,0.0,,True,7.840400218963623,7.474483499703556,True,0.4545450112051208,6800817.220926285,5220337.975406647,20.0,True,True,True,True,True,298051776.2622881,22.833334,0.6206584,200M,scan_us_two_day_drop_2026-09-09.csv,
2026-09-09,PTON,PTON,Leisure,5.059999942779541,1.0,5.059999942779541,-6.666669021418025,0.3968250213867152,6.666669021418025,True,-1.5347763802608383,-1.9316014016475536,28.0,2.907323904646117,1.9073239046461168,0.0,,True,7.840400218963623,8.573992926064141,True,0.3717468494625064,95590988.9190197,35114246.33896351,20.0,True,True,True,True,True,2220691287.947554,36.142857,-15.91195,200M,scan_us_two_day_drop_2026-09-09.csv,
2026-09-09,QDEL,QDEL,Medical Devices,12.640000343322754,1.0,12.640000343322754,-4.22333673092602,-5.530640992442804,5.530640992442804,True,-1.2232500927669363,4.307390899675867,139.0,0.7717846016911437,0.0,0.0,,True,7.840400218963623,5.530640992442804,True,0.2871497557553226,10960144.29769516,16430502.242851255,20.0,True,True,True,True,True,866793420.8235044,8.765057,0.48639706,200M,scan_us_two_day_drop_2026-09-09.csv,
2026-09-09,QTTB,QTTB,Biotechnology,11.140000343322754,1.0,11.140000343322754,-2.502086709438578,-4.704869604815787,6.328128183959003,True,-2.276090712858725,2.4287788919570623,542.0,1.4138579487921308,0.4138579487921308,0.0,,True,7.840400218963623,6.7419861327511335,True,-6.328128183959003,5444118.16778183,5302040.002727509,20.0,True,True,True,True,True,331631861.46053505,3.5477707,2.4966383,200M,scan_us_two_day_drop_2026-09-09.csv,
2026-09-09,RAIN,RAIN,Pollution & Treatment Controls,0.7089999914169312,1.0,0.7089999914169312,-3.6427752902819743,-13.536585658380918,13.536585658380918,True,-1.2544352163685155,12.282150442012403,16.0,0.9010712035286704,0.0,0.0,,False,7.840400218963623,13.536585658380918,False,-1.732099971443457,152080.49815893173,207161.09969615936,20.0,True,True,True,True,False,,,,200M,scan_us_two_day_drop_2026-09-09.csv,
2026-09-09,RCON,RCON,Oil & Gas Equipment & Services,1.3300000429153442,1.0,1.3300000429153442,-0.6993000580457598,-6.3380223161475735,6.3380223161475735,True,0.5284674491615071,6.866489765309081,44.0,0.3956548952236267,0.0,0.0,,False,7.840400218963623,6.3380223161475735,False,-4.026849772134245,222376.0071754456,1206039.478445053,20.0,True,True,True,True,False,,,,200M,scan_us_two_day_drop_2026-09-09.csv,
2026-09-09,REBN,REBN,Restaurants,0.699999988079071,1.0,0.699999988079071,-32.882883318271084,-6.040270657889668,32.882883318271084,True,-1.7535724939027777,4.28669816398689,49.0,8.144329896907216,7.144329896907216,0.0,,False,7.840400218963623,40.0272132151783,False,-5.93219799613216,193549.99670386317,45493.00113320351,20.0,True,True,True,True,False,,,,200M,scan_us_two_day_drop_2026-09-09.csv,
2026-09-09,RELY,RELY,Software—Infrastructure,24.06999969482422,1.0,24.06999969482422,-5.120367400387316,-3.0608144632180867,5.120367400387316,True,-1.1235944019676425,1.937220061250444,169.0,0.950283565528295,0.0,0.0,,True,7.840400218963623,5.120367400387316,True,-2.786032681554329,74210216.05911255,80865697.61791229,20.0,True,True,True,True,True,5095235115.179153,17.316547,4.5210366,200M,scan_us_two_day_drop_2026-09-09.csv,
2026-09-09,RENT,RENT,Apparel Retail,3.005000114440918,1.0,3.005000114440918,-15.900131628357515,-6.093747823033513,15.900131628357515,True,-2.349329951776236,3.744417871257277,32.0,7.699042407660738,6.699042407660738,0.0,,False,7.840400218963623,22.59917403601825,False,-2.6854224237485846,845607.0322036743,130496.4975476265,20.0,True,True,True,True,False,,,,200M,scan_us_two_day_drop_2026-09-09.csv,
2026-09-09,RENX,RENX,Real Estate—Development,1.7899999618530271,1.0,1.7899999618530271,-8.673473111493768,0.0,8.837211571750569,True,-0.6277698551436339,-0.6277698551436339,9.0,1.0901582931865106,0.0901582931865105,0.0,,False,7.840400218963623,8.927369864937079,False,-8.837211571750569,141767.99697875977,144840.50043821335,20.0,True,True,True,True,False,,,,200M,scan_us_two_day_drop_2026-09-09.csv,
2026-09-09,RETO,RETO,Building Materials,0.421999990940094,1.0,0.421999990940094,-49.433958274947024,-21.268660367849613,49.433958274947024,True,-1.9204552560314725,19.34820511181814,13.0,4.902985074626866,3.9029850746268657,0.0,,False,7.840400218963623,53.336943349573886,False,0.0,415880.9910714626,306311.00472807884,20.0,True,True,True,True,False,,,,200M,scan_us_two_day_drop_2026-09-09.csv,
2026-09-09,RFAI,RFAI,Shell Companies,32.0,1.0,32.0,0.1445816223879958,-23.00288993598266,23.00288993598266,True,0.0,23.00288993598266,293.0,0.5493827160493827,0.0,0.0,,False,7.840400218963623,23.00288993598266,False,-1.2844931107694024,284800.0,567559.005355835,20.0,True,True,True,True,False,,,,200M,scan_us_two_day_drop_2026-09-09.csv,
2026-09-09,RHI,RHI,Staffing & Employment Services,38.54999923706055,1.0,38.54999923706055,-7.914519966328893,-1.6832437205372752,7.914519966328893,True,0.0,1.6832437205372752,17.0,0.941435294772898,0.0,0.0,,True,7.840400218963623,7.914519966328893,True,-0.9767399277798016,65161063.71040344,76890760.50720215,20.0,True,True,True,True,True,3946048391.304123,33.52174,3.2114296,200M,scan_us_two_day_drop_2026-09-09.csv,
2026-09-09,RMCF,RMCF,Confectioners,0.8999999761581421,1.0,0.8999999761581421,-7.0707062801138925,-2.173917409602921,7.0707062801138925,True,0.329266410687995,2.503183820290916,4.0,0.3776279254264181,0.0,0.0,,False,7.840400218963623,7.0707062801138925,False,0.0,42839.99886512756,143671.49822115898,20.0,True,True,True,True,False,,,,200M,scan_us_two_day_drop_2026-09-09.csv,
2026-09-09,RNA,RNA,Biotechnology,10.510000228881836,1.0,10.510000228881836,-20.0140893791123,-7.400882152914234,20.0140893791123,True,-2.276090712858725,5.1247914400555095,542.0,4.1647058823529415,3.164705882352941,0.0,,False,7.840400218963623,23.17879526146524,False,-2.8082245916020487,7255053.157997131,2296762.013435364,20.0,True,True,True,True,False,,,,200M,scan_us_two_day_drop_2026-09-09.csv,
2026-09-09,RNAZ,RNAZ,Biotechnology,1.7799999713897705,1.0,1.7799999713897705,-8.25242533042385,-5.820106621041676,8.25242533042385,True,-2.276090712858725,3.544015908182951,542.0,0.7836107554417413,0.0,0.0,,False,7.840400218963623,8.25242533042385,False,-4.408354054360542,54467.99912452698,99733.9979171753,20.0,True,True,True,True,False,,,,200M,scan_us_two_day_drop_2026-09-09.csv,
2026-09-09,RPAY,RPAY,Software—Infrastructure,3.549999952316284,1.0,3.549999952316284,-5.15464025218294,-3.532611741376224,5.15464025218294,True,-1.1235944019676425,2.409017339408581,169.0,1.1475364712358933,0.1475364712358933,0.0,,False,7.840400218963623,5.3021767234188335,False,0.0,1479994.9801206589,1361342.0151114464,20.0,True,True,True,True,False,,,,200M,scan_us_two_day_drop_2026-09-09.csv,
2026-09-09,RPID,RPID,Medical Devices,1.2100000381469729,1.0,1.2100000381469729,-6.870222755762178,-0.8196713302251579,6.870222755762178,True,-1.265829088137238,-0.4461577579120801,139.0,2.1240269849507007,1.1240269849507007,0.0,,False,7.840400218963623,7.994249740712879,False,-5.072467586518947,495253.0156135559,293076.496642828,20.0,True,True,True,True,False,,,,200M,scan_us_two_day_drop_2026-09-09.csv,
2026-09-09,RPRX,RPRX,Biotechnology,60.59000015258789,1.0,60.59000015258789,-5.268916479241925,0.0,5.268916479241925,True,-2.298351531933979,-2.298351531933979,542.0,1.769257396509947,0.769257396509947,0.0,,True,7.840400218963623,6.038173875751872,True,0.1252317079208031,263233255.6629181,145688920.61843872,20.0,True,True,True,True,True,26979354340.90393,32.575268,3.9526386,200M,scan_us_two_day_drop_2026-09-09.csv,
2026-09-09,RSKD,RSKD,Software—Application,5.920000076293945,1.0,5.920000076293945,-5.376349756747134,-3.896100276999048,6.060600430887408,True,-1.838839879143489,2.0572603978555595,208.0,0.7457726374350341,0.0,0.0,,True,7.840400218963623,6.060600430887408,True,-6.060600430887408,9046944.116592407,12570652.52137184,20.0,True,True,True,True,True,781663395.3536797,15.27742,3.7373738,200M,scan_us_two_day_drop_2026-09-09.csv,
2026-09-09,RSVR,RSVR,Entertainment,8.854999542236328,1.0,8.854999542236328,-6.057496575486654,-3.224044684073224,6.057496575486654,True,-1.225272862667054,1.99877182140617,42.0,3.3508005822416305,2.3508005822416305,0.0,,False,7.840400218963623,8.408297157728285,False,-0.3070694497426363,1019210.4473114014,334341.0009384155,20.0,True,True,True,True,False,,,,200M,scan_us_two_day_drop_2026-09-09.csv,
2026-09-09,RUBI,RUBI,Marine Shipping,1.6699999570846558,1.0,1.6699999570846558,-3.5616468779251176,-5.1136382878565705,5.1136382878565705,True,0.5373279594252822,5.650966247281852,36.0,1.059556786703601,0.059556786703601,0.0,,False,7.840400218963623,5.173195074560171,False,-0.2732237767417156,127754.99671697617,130676.00015997888,20.0,True,True,True,True,False,,,,200M,scan_us_two_day_drop_2026-09-09.csv,
2026-09-09,RUM,RUM,Internet Content & Information,7.519999980926514,1.0,7.519999980926514,-2.441860800372242,-10.369491380159912,10.369491380159912,True,-2.1074233905970408,8.262067989562873,56.0,1.2707770474615911,0.2707770474615911,0.0,,True,7.840400218963623,10.640268427621503,True,-4.867252015929314,35547791.90983772,32648086.11512184,20.0,True,True,True,True,True,2073594393.4606016,-24.258064,2.2501495,200M,scan_us_two_day_drop_2026-09-09.csv,
2026-09-09,RVLV,RVLV,Internet Retail,19.489999771118164,1.0,19.489999771118164,-5.714291329765031,-3.17933142737431,5.714291329765031,True,-1.3132974206201242,1.8660340067541856,26.0,1.079867313090074,0.079867313090074,0.0,,True,7.840400218963623,5.794158642855105,True,-0.7438393570878499,16496335.806274414,18786678.52153778,20.0,True,True,True,True,True,1385454819.5298386,19.107843,2.5742967,200M,scan_us_two_day_drop_2026-09-09.csv,
2026-09-09,SAIL,SAIL,Software—Infrastructure,17.579999923706055,1.0,17.579999923706055,-5.472894771513415,-1.1804439629792165,5.472894771513415,True,-1.1235944019676425,0.0568495610115737,169.0,2.825870103393039,1.8258701033930391,0.0,,True,7.840400218963623,7.298764874906454,True,-2.9396581370111807,136457717.40779877,52041926.541137695,20.0,True,True,True,True,True,9971077043.987371,43.966488,1.457349,200M,scan_us_two_day_drop_2026-09-09.csv,
2026-09-09,SANA,SANA,Biotechnology,3.1700000762939453,1.0,3.1700000762939453,-10.389606931354646,-8.115941087530098,10.389606931354646,True,-2.276090712858725,5.839850374671373,542.0,3.959265870291546,2.959265870291546,0.0,,True,7.840400218963623,13.348872801646191,True,-1.7857186300760608,27422402.659988403,8519867.944157124,20.0,True,True,True,True,True,948973242.129404,-5.7105803,6.143411,200M,scan_us_two_day_drop_2026-09-09.csv,
2026-09-09,SCKT,SCKT,Computer Hardware,0.5199999809265137,1.0,0.5199999809265137,-6.5573804130543145,-8.771932026025686,8.771932026025686,True,-2.041179799751125,6.730752226274561,39.0,0.2320031298904538,0.0,0.0,,False,7.840400218963623,8.771932026025686,False,-3.174600171093711,61671.99773788452,334787.4903976917,20.0,True,True,True,True,False,,,,200M,scan_us_two_day_drop_2026-09-09.csv,
2026-09-09,SDST,SDST,Electrical Equipment & Parts,0.1580000072717666,1.0,0.1580000072717666,-1.176472960046393,-5.952375355998063,10.526313725600922,True,-2.142855135761923,3.80952022023614,49.0,4.237169270003188,3.2371692700031875,0.0,,False,7.840400218963623,13.76348299560411,False,-10.526313725600922,210013.60966563225,178224.79974329472,20.0,True,True,True,True,False,,,,200M,scan_us_two_day_drop_2026-09-09.csv,
2026-09-09,SENEB,SENEB,Packaged Foods,193.55999755859372,1.0,193.55999755859372,-7.178823818316427,0.0,7.178823818316427,True,-1.161197996467228,-1.161197996467228,58.0,0.0,0.0,0.0,,False,7.840400218963623,7.178823818316427,False,0.0,0.0,28265.00015258789,11.0,True,True,True,True,False,,,,200M,scan_us_two_day_drop_2026-09-09.csv,
2026-09-09,SENS,SENS,Medical Devices,8.720000267028809,1.0,8.720000267028809,-3.1152667411186274,-6.538045677013704,6.538045677013704,True,-1.2232500927669363,5.314795584246768,139.0,1.1087714095054495,0.1087714095054497,0.0,,True,7.840400218963623,6.646817086519154,True,-2.7272678231621827,6519944.19965744,5974990.144634247,20.0,True,True,True,True,True,461061756.2788954,-4.4794445,5.1053867,200M,scan_us_two_day_drop_2026-09-09.csv,
2026-09-09,SFD,SFD,Packaged Foods,20.520000457763672,1.0,20.520000457763672,0.1820706271166372,-6.769649048721793,6.769649048721793,True,-1.1446410095467097,5.625008039175084,58.0,2.3589435774309724,1.3589435774309724,0.0,,True,7.840400218963623,8.128592626152766,True,-0.272362103589896,76611421.70906067,35114391.656303406,20.0,True,True,True,True,True,8080107864.372425,7.628253,1.1763357,200M,scan_us_two_day_drop_2026-09-09.csv,
2026-09-09,SGLD,SGLD,Gold,4.860000133514404,1.0,4.860000133514404,-8.256877523190475,-2.799997329711912,8.256877523190475,True,0.9117332716663372,3.711730601378249,50.0,,,0.0,,False,7.840400218963623,8.256877523190475,False,-4.886565599935622,1426896.039199829,,,True,True,True,True,False,,,,200M,scan_us_two_day_drop_2026-09-09.csv,
2026-09-09,SHAK,SHAK,Restaurants,63.0099983215332,1.0,63.0099983215332,-2.8818443170411268,-6.513357722492208,6.513357722492208,True,-1.7535724939027777,4.75978522858943,49.0,1.5038674584560108,0.5038674584560108,0.0,,True,7.840400218963623,7.017225180948218,True,0.1442979361002461,94943465.47088625,68631537.14866638,20.0,True,True,True,True,True,2546117400.666264,66.32632,4.673292,200M,scan_us_two_day_drop_2026-09-09.csv,
2026-09-09,SHOP,SHOP,Software—Application,126.79000091552734,1.0,126.79000091552734,-7.574602323912893,-5.451159474478684,7.574602323912893,True,-1.838839879143489,3.612319595335196,208.0,2.3084314816158398,1.308431481615839,0.0,,True,7.840400218963623,8.883033805528733,True,-0.5415468319709071,1815341196.1082456,912292444.2123412,20.0,True,True,True,True,True,163133585189.4477,85.668915,12.886473,200M,scan_us_two_day_drop_2026-09-09.csv,
2026-09-09,SILO,SILO,Biotechnology,2.150000095367432,1.0,2.150000095367432,-5.0000049670535285,-5.701749019895718,5.701749019895718,True,-2.276090712858725,3.425658307036993,542.0,1.314662273476112,0.314662273476112,0.0,,False,7.840400218963623,6.016411293371831,False,-2.0408143405366563,85785.00380516052,87399.00184869766,20.0,True,True,True,True,False,,,,200M,scan_us_two_day_drop_2026-09-09.csv,
2026-09-09,SLBT,SLBT,Biotechnology,2.609999895095825,1.0,2.609999895095825,-9.027785366331786,-0.3816790419867821,9.027785366331786,True,-2.298351531933979,-1.9166724899471967,542.0,1.387964148527529,0.3879641485275289,0.0,,False,7.840400218963623,9.415749514859314,False,-8.571427706417879,141461.99431419373,104322.00292348862,20.0,True,True,True,True,False,,,,200M,scan_us_two_day_drop_2026-09-09.csv,
2026-09-09,SLN,SLN,Biotechnology,13.550000190734863,1.0,13.550000190734863,-6.16861249343409,-1.0226398388575977,6.16861249343409,True,-2.298351531933979,-1.2757116930763814,542.0,0.8821962712558902,0.0,0.0,,True,7.840400218963623,6.16861249343409,True,-1.3522637578159855,8751945.123195648,9722867.655706406,20.0,True,True,True,True,True,842187877.1549511,-17.71242,16.646193,200M,scan_us_two_day_drop_2026-09-09.csv,
2026-09-09,SLNG,SLNG,Oil & Gas Integrated,5.210000038146973,1.0,5.210000038146973,-7.011679724628516,-6.463197889041106,7.011679724628516,True,1.238976316990803,7.702174206031909,14.0,1.5895196506550218,0.5895196506550218,0.0,,False,7.840400218963623,7.601199375283538,False,-0.1666704813639286,284466.0020828247,185795.994758606,20.0,True,True,True,True,False,,,,200M,scan_us_two_day_drop_2026-09-09.csv,
2026-09-09,SLQT,SLQT,Insurance Brokers,0.5019999742507935,1.0,0.5019999742507935,-0.1865647575536644,-6.168233711694682,6.168233711694682,True,-3.1629437816286687,3.005289930066013,18.0,0.6639928165219994,0.0,0.0,,False,7.840400218963623,6.168233711694682,False,-1.4705911356064805,278409.18571949005,604204.1959911585,20.0,True,True,True,True,False,,,,200M,scan_us_two_day_drop_2026-09-09.csv,
2026-09-09,SMPL,SMPL,Packaged Foods,10.390000343322754,1.0,10.390000343322754,-6.026197308972581,-3.438660573314245,6.026197308972581,True,-1.1446410095467097,2.294019563767536,58.0,1.211476982097187,0.2114769820971866,0.0,,True,7.840400218963623,6.237674291069768,True,-0.3481284825920805,23623743.780612946,21371788.035440445,20.0,True,True,True,True,True,918904171.0938787,6.111657,0.6479576,200M,scan_us_two_day_drop_2026-09-09.csv,
2026-09-09,SMRT,SMRT,Software—Application,1.2000000476837158,1.0,1.2000000476837158,-3.0075247948591954,-6.976737738815952,6.976737738815952,True,-1.838839879143489,5.137897859672464,208.0,1.288988600533592,0.288988600533592,0.0,,False,7.840400218963623,7.265726339349545,False,0.0,1275480.0506830215,1122855.9961676598,20.0,True,True,True,True,False,,,,200M,scan_us_two_day_drop_2026-09-09.csv,
2026-09-09,SMWB,SMWB,Software—Application,8.039999961853027,1.0,8.039999961853027,-5.2036202512090295,-4.057281001726743,5.2036202512090295,True,-1.838839879143489,2.218441122583254,208.0,1.2297551789077212,0.2297551789077212,0.0,,True,7.840400218963623,5.433375430116751,True,-0.5624318200664447,7350167.965126038,6030069.994354248,20.0,True,True,True,True,True,709519576.7935791,25.733765,33.781513,200M,scan_us_two_day_drop_2026-09-09.csv,
2026-09-09,SMXT,SMXT,Solar,2.140000104904175,1.0,2.140000104904175,-8.365019735255675,-11.203318311644328,11.203318311644328,True,-3.348891601655557,7.85442670998877,19.0,2.6832298136645965,1.6832298136645965,0.0,,False,7.840400218963623,12.886548125308924,False,-5.734761634399543,92448.00453186037,52451.0013461113,20.0,True,True,True,True,False,,,,200M,scan_us_two_day_drop_2026-09-09.csv,
2026-09-09,SNES,SNES,Specialty Chemicals,0.8650000095367432,1.0,0.8650000095367432,-11.000001430511476,-2.8089861303337904,11.000001430511476,True,-1.3636256122117552,1.4453605181220353,60.0,2.4161490683229814,1.4161490683229814,0.0,,False,7.840400218963623,12.416150498834456,False,-3.846150319251662,67297.00074195862,36398.50159287453,20.0,True,True,True,True,False,,,,200M,scan_us_two_day_drop_2026-09-09.csv,
2026-09-09,SNOW,SNOW,Software—Application,331.4800109863281,1.0,331.4800109863281,-0.4982480313998505,-1.1982083498276783,5.411397446872046,True,-1.847335196361488,-0.6491268465338096,208.0,1.0957670749955617,0.0957670749955617,0.0,,True,7.840400218963623,5.507164521867608,True,-5.411397446872046,1432159387.466431,1271059839.5507812,20.0,True,True,True,True,True,116946147875.97656,111.018456,54.349895,200M,scan_us_two_day_drop_2026-09-09.csv,
2026-09-09,SNPS,SNPS,Software—Infrastructure,393.2200012207031,1.0,393.2200012207031,-0.4595768777737041,0.3035488215472393,5.397420516556428,True,-1.1235944019676425,-1.4271432235148818,169.0,0.9399509803921569,0.0,0.0,,True,7.840400218963623,5.397420516556428,True,-5.397420516556428,542879533.6853027,600609016.2200928,20.0,True,True,True,True,True,75355362174.05145,68.74476,2.4185205,200M,scan_us_two_day_drop_2026-09-09.csv,
2026-09-09,SNTI,SNTI,Biotechnology,0.2989999949932098,1.0,0.2989999949932098,-5.105101960634806,-5.379752774657387,5.379752774657387,True,-2.276090712858725,3.103662061798662,542.0,1.051699716713881,0.051699716713881,0.0,,False,7.840400218963623,5.431452491371268,False,-2.3460371343938857,44401.49925649166,53163.44937235117,20.0,True,True,True,True,False,,,,200M,scan_us_two_day_drop_2026-09-09.csv,
2026-09-09,SNWV,SNWV,Medical Devices,4.039999961853027,1.0,4.039999961853027,-5.02283701553945,-2.884612739438741,5.02283701553945,True,-1.2232500927669363,1.6613626466718046,139.0,1.1672862453531598,0.1672862453531598,0.0,,False,7.840400218963623,5.19012326089261,False,-1.5730269174051623,253711.9976043701,269664.4912004471,20.0,True,True,True,True,False,,,,200M,scan_us_two_day_drop_2026-09-09.csv,
2026-09-09,SNYR,SNYR,Medical Distribution,0.0829999968409538,1.0,0.0829999968409538,-19.417478888454387,0.0,19.417478888454387,True,-0.8883793386310512,-0.8883793386310512,8.0,26.215732379616277,25.215732379616277,0.0,,False,7.840400218963623,44.63321126807066,False,-6.3636357478858985,5506020.590436459,262645.5556679517,20.0,True,True,True,True,False,,,,200M,scan_us_two_day_drop_2026-09-09.csv,
2026-09-09,SONO,SONO,Consumer Electronics,14.550000190734863,1.0,14.550000190734863,-5.664061881543592,0.414081577394465,5.664061881543592,True,-1.7886200294088384,-2.2027016068033034,15.0,1.1940782516743038,0.1940782516743038,0.0,,True,7.840400218963623,5.858140133217896,True,-4.950496276539118,24644790.32306671,22836356.36615753,20.0,True,True,True,True,True,1721177417.012786,32.333336,4.2643614,200M,scan_us_two_day_drop_2026-09-09.csv,
2026-09-09,SORA,SORA,Luxury Goods,2.180000066757202,1.0,2.180000066757202,-7.6595674741853585,0.4608290374042534,7.6595674741853585,True,-0.9811970320256936,-1.442026069429947,8.0,0.2925495557074504,0.0,0.0,,False,7.840400218963623,7.6595674741853585,False,-2.489633985943984,46652.001428604126,164561.00581884384,20.0,True,True,True,True,False,,,,200M,scan_us_two_day_drop_2026-09-09.csv,
2026-09-09,SPT,SPT,Software—Application,10.130000114440918,1.0,10.130000114440918,-8.010562279174227,-3.0621980924870678,8.010562279174227,True,-1.838839879143489,1.2233582133435783,208.0,0.9507340699258362,0.0,0.0,,True,7.840400218963623,8.010562279174227,True,-0.0879527614994657,12726319.143772123,13465773.38924408,20.0,True,True,True,True,True,613799114.4942284,6.5787764,2.6855779,200M,scan_us_two_day_drop_2026-09-09.csv,
2026-09-09,SPWR,SPWR,Solar,0.3199999928474426,1.0,0.3199999928474426,-7.222228293065436,-4.191616445885583,10.447759866236506,True,-3.348891601655557,0.8427248442300255,19.0,1.171181646411681,0.1711816464116811,0.0,,False,7.840400218963623,10.618941512648188,False,-10.447759866236506,1676063.9625370502,1195141.2349283695,20.0,True,True,True,True,False,,,,200M,scan_us_two_day_drop_2026-09-09.csv,
2026-09-09,SRFM,SRFM,Airlines,0.6140000224113464,1.0,0.6140000224113464,-5.97015230765604,-2.539678244664012,5.97015230765604,True,0.0258653651514784,2.5655436098154905,11.0,0.7134462124667936,0.0,0.0,,False,7.840400218963623,5.97015230765604,False,-0.4457595057898,816251.629793644,1354687.619304657,20.0,True,True,True,True,False,,,,200M,scan_us_two_day_drop_2026-09-09.csv,
2026-09-09,SRG,SRG,Real Estate Services,1.909999966621399,1.0,1.909999966621399,-1.923075159625831,-6.372548905027598,6.372548905027598,True,-0.7129522460121995,5.659596659015398,41.0,0.9181208053691275,0.0,0.0,,False,7.840400218963623,6.372548905027598,False,-4.147472323669144,261287.99543380737,308034.0010046959,20.0,True,True,True,True,False,,,,200M,scan_us_two_day_drop_2026-09-09.csv,
2026-09-09,SSM,SSM,Auto Manufacturers,2.305000066757202,1.0,2.305000066757202,-0.9677410423445276,-24.918562968095483,24.918562968095483,True,-1.7241363363798556,23.194426631715626,19.0,4.384834123222749,3.384834123222749,0.0,,False,7.840400218963623,28.30339709131823,False,-11.428574153355186,533146.5154409409,140622.50423431396,20.0,True,True,True,True,False,,,,200M,scan_us_two_day_drop_2026-09-09.csv,
2026-09-09,SSTK,SSTK,Internet Content & Information,5.059999942779541,1.0,5.059999942779541,-9.93030866816884,-2.1276621255537087,9.93030866816884,True,-2.148563684659044,-0.0209015591053352,56.0,1.381240283295906,0.3812402832959061,0.0,,True,7.840400218963623,10.311548951464747,True,-0.5199343138218238,6068963.9313697815,4899328.882312775,20.0,True,True,True,True,True,186955278.92583656,5.6853933,0.51214576,200M,scan_us_two_day_drop_2026-09-09.csv,
2026-09-09,STDN,STDN,Specialty Chemicals,13.039999961853027,1.0,13.039999961853027,-10.136052996266333,-1.2869044345422465,10.136052996266333,True,-1.4720491504919777,-0.185144715949731,60.0,0.9935241278462502,0.0,0.0,,True,7.840400218963623,10.136052996266333,True,0.0,9302735.97278595,9415720.754861832,20.0,True,True,True,True,True,2041421839.2280624,-290.42316,-2.3917828,200M,scan_us_two_day_drop_2026-09-09.csv,
2026-09-09,STZ,STZ,Beverages—Brewers,121.5500030517578,1.0,121.5500030517578,-5.617092939815748,0.4711519912447892,5.617092939815748,True,-1.3792476254840258,-1.850399616728815,5.0,1.336507042253521,0.336507042253521,0.0,,True,7.840400218963623,5.953599982069269,True,-0.704937398655936,288353072.23968506,236585828.276062,20.0,True,True,True,True,True,20758119173.87442,11.576191,2.5245602,200M,scan_us_two_day_drop_2026-09-09.csv,
2026-09-09,SUPX,SUPX,Software—Infrastructure,7.110000133514404,1.0,7.110000133514404,-7.389161491241292,-5.45212564430877,9.476035185796905,True,-1.1235944019676425,4.328531242341127,169.0,2.5514958625079567,1.551495862507957,0.0,,True,7.840400218963623,11.027531048304862,True,-9.476035185796905,7124931.133794785,3256034.4590187077,20.0,True,True,True,True,True,307429800.5830388,,1.487759,200M,scan_us_two_day_drop_2026-09-09.csv,
2026-09-09,SYK,SYK,Medical Devices,275.3900146484375,1.0,275.3900146484375,-8.808106019512408,-0.3762175071080342,8.808106019512408,True,-1.265829088137238,-0.8896115810292038,139.0,2.5055685881522307,1.5055685881522307,0.0,,True,7.840400218963623,10.31367460766464,True,-1.5779686047147634,1514810314.5751953,728063489.3295288,20.0,True,True,True,True,True,105632186756.6858,28.537827,4.403563,200M,scan_us_two_day_drop_2026-09-09.csv,
2026-09-09,TBBK,TBBK,Banks—Regional,50.02999877929688,1.0,50.02999877929688,-3.678778201633015,-22.325732130445232,22.325732130445232,True,-0.7691811824658445,21.55655094797939,286.0,11.298212248003043,10.298212248003043,0.0,,True,7.840400218963623,32.62394437844827,True,-1.2843152415462522,148604105.3741455,17684495.959854126,20.0,True,True,True,True,True,2040564004.4814148,9.404135,2.9406922,200M,scan_us_two_day_drop_2026-09-09.csv,
2026-09-09,TLYS,TLYS,Apparel Retail,4.059999942779541,1.0,4.059999942779541,-5.227273047462965,-2.637892841771028,5.227273047462965,True,-2.349329951776236,0.2885628899947923,32.0,4.607709750566894,3.607709750566894,0.0,,False,7.840400218963623,8.83498279802986,False,0.0,2062479.9709320068,427276.501083374,20.0,True,True,True,True,False,,,,200M,scan_us_two_day_drop_2026-09-09.csv,
2026-09-09,TNON,TNON,Medical Devices,2.440000057220459,1.0,2.440000057220459,-9.677422869507293,-27.380948410688223,27.380948410688223,True,-1.2232500927669363,26.157698317921287,139.0,75.71475734565864,74.71475734565864,0.0,,False,7.840400218963623,102.09570575634686,False,-1.3262586888394656,27979480.656147003,816989.9896621704,20.0,True,True,True,True,False,,,,200M,scan_us_two_day_drop_2026-09-09.csv,
2026-09-09,TPST,TPST,Biotechnology,0.9089999794960022,1.0,0.9089999794960022,-4.174755730899948,-7.902736571864477,7.902736571864477,True,-2.276090712858725,5.626645859005752,542.0,1.0356347438752784,0.0356347438752784,0.0,,False,7.840400218963623,7.938371315739755,False,-1.9047601747403944,169073.9961862564,188579.99143600464,20.0,True,True,True,True,False,,,,200M,scan_us_two_day_drop_2026-09-09.csv,
2026-09-09,TRBG,TRBG,Specialty Industrial Machinery,4.489999771118164,1.0,4.489999771118164,-27.7247994815338,-15.362866797220876,38.00675626694504,True,-1.570439531541068,13.792427265679809,77.0,,,0.0,,False,7.840400218963623,38.00675626694504,False,-38.00675626694504,1488515.7441215515,,,True,True,True,True,False,,,,200M,scan_us_two_day_drop_2026-09-09.csv,
2026-09-09,TRI,TRI,Specialty Business Services,96.9800033569336,1.0,96.9800033569336,-6.500759582459581,-1.852033444869772,6.500759582459581,True,-0.808141632010384,1.0438918128593877,40.0,0.970662936651084,0.0,0.0,,True,7.840400218963623,6.500759582459581,True,-5.440230596670381,127868134.42611694,141208541.78085327,20.0,True,True,True,True,True,42014121028.74614,25.588392,3.7764797,200M,scan_us_two_day_drop_2026-09-09.csv,
2026-09-09,TRU,TRU,Financial Data & Stock Exchanges,77.05000305175781,1.0,77.05000305175781,-2.791682278686658,-0.7726960236068114,5.934998850919005,True,-0.8052506148587435,-0.032554591251932,13.0,1.5699898087644626,0.5699898087644626,0.0,,True,7.840400218963623,6.504988659683468,True,-5.934998850919005,201786252.9922485,141168099.01809692,20.0,True,True,True,True,True,14762780584.716797,20.329817,3.0483465,200M,scan_us_two_day_drop_2026-09-09.csv,
2026-09-09,TRUP,TRUP,Insurance—Property & Casualty,24.799999237060547,1.0,24.799999237060547,-6.043159870261872,-5.053604746406249,6.043159870261872,True,-0.2095756877442789,4.84402905866197,43.0,1.2749940631678935,0.2749940631678935,0.0,,True,7.840400218963623,6.318153933429765,True,-3.438699711651827,13315119.590377808,12437231.277751924,20.0,True,True,True,True,True,1081787672.320221,49.6,2.655815,200M,scan_us_two_day_drop_2026-09-09.csv,
2026-09-09,TSQ,TSQ,Advertising Agencies,5.159999847412109,1.0,5.159999847412109,-1.95728930457626,-6.352093773701228,6.352093773701228,True,-0.9985758826792868,5.353517891021942,35.0,1.5452151009657595,0.5452151009657595,0.0,,False,7.840400218963623,6.897308874666988,False,-1.5761847983646882,454079.9865722656,326865.50002098083,20.0,True,True,True,True,False,,,,200M,scan_us_two_day_drop_2026-09-09.csv,
2026-09-09,TTAN,TTAN,Software—Application,57.119998931884766,1.0,57.119998931884766,-7.211096985816368,-29.98284181192411,29.98284181192411,True,-1.838839879143489,28.144001932780625,208.0,23.28532221996341,22.28532221996341,0.0,,True,7.840400218963623,52.26816403188752,True,-5.563910193420318,1308510647.5315094,92445628.55987547,20.0,True,True,True,True,True,5510246516.321163,34.797016,3.5427651,200M,scan_us_two_day_drop_2026-09-09.csv,
2026-09-09,TTEC,TTEC,Information Technology Services,1.2699999809265137,1.0,1.2699999809265137,-2.8985479703797723,-5.223884381225963,5.223884381225963,True,-1.6802792502567,3.543605130969263,67.0,0.8333513571969288,0.0,0.0,,False,7.840400218963623,5.223884381225963,False,0.0,489330.9926509857,624030.0111591816,20.0,True,True,True,True,False,,,,200M,scan_us_two_day_drop_2026-09-09.csv,
2026-09-09,TV,TV,Telecom Services,2.380000114440918,1.0,2.380000114440918,-4.56274215802347,-5.17927794885551,5.17927794885551,True,-1.329097740474816,3.8501802083806935,49.0,3.819220076639868,2.819220076639868,0.0,,False,7.840400218963623,7.998498025495378,False,-1.1278184369081234,6048770.290851593,1789927.03820467,20.0,True,True,True,True,False,,,,200M,scan_us_two_day_drop_2026-09-09.csv,
2026-09-09,UCAR,UCAR,Auto & Truck Dealerships,8.359999656677246,1.0,8.359999656677246,-8.012749440058375,-3.419598844220784,8.012749440058375,True,-0.6443811836638447,2.775217660556939,23.0,10.552864335283711,9.552864335283711,0.0,,False,7.840400218963623,17.565613775342086,False,-2.769173282260484,648343.0533742905,99388.72178936005,20.0,True,True,True,True,False,,,,200M,scan_us_two_day_drop_2026-09-09.csv,
2026-09-09,UI,UI,Communication Equipment,520.5800170898438,1.0,520.5800170898438,0.1500976766817041,-10.326771946602207,10.326771946602207,True,-1.4361555099234702,8.890616436678739,42.0,2.3175438596491227,1.317543859649123,0.0,,True,7.840400218963623,11.644315806251331,True,-2.7350909838165127,206305860.77270508,101767340.05126952,20.0,True,True,True,True,True,31509865615.400574,32.844166,26.207209,200M,scan_us_two_day_drop_2026-09-09.csv,
2026-09-09,ULBI,ULBI,Electrical Equipment & Parts,5.630000114440918,1.0,5.630000114440918,-3.0995114791737333,-5.218854205274215,5.218854205274215,True,-2.142855135761923,3.075999069512292,49.0,1.289833080424886,0.2898330804248861,0.0,,False,7.840400218963623,5.508687285699101,False,0.491806725858579,239275.004863739,238096.0047006607,20.0,True,True,True,True,False,,,,200M,scan_us_two_day_drop_2026-09-09.csv,
2026-09-09,UPLD,UPLD,Software—Application,3.369999885559082,1.0,3.369999885559082,-5.405406624492349,-3.714288984026226,7.268169452628593,True,-1.838839879143489,1.875449104882737,208.0,0.8373831775700935,0.0,0.0,,False,7.840400218963623,7.268169452628593,False,-7.268169452628593,75487.99743652344,118976.997923851,20.0,True,True,True,True,False,,,,200M,scan_us_two_day_drop_2026-09-09.csv,
2026-09-09,UPWK,UPWK,Internet Content & Information,8.239999771118164,1.0,8.239999771118164,-5.346988271541786,-0.96153757981291,5.346988271541786,True,-2.168802419615712,-1.207264839802802,56.0,0.708959754312038,0.0,0.0,,True,7.840400218963623,5.346988271541786,True,-4.3525531751285484,16358871.545600891,24793930.459594727,20.0,True,True,True,True,True,1029203699.0118884,10.564103,1.8246236,200M,scan_us_two_day_drop_2026-09-09.csv,
2026-09-09,USDE,USDE,Capital Markets,7.239999771118164,1.0,7.239999771118164,-4.035305192323824,-4.862028329891355,9.578113860660464,True,-1.6708459724126878,3.191182357478666,90.0,0.9352610135310068,0.0,0.0,,True,7.840400218963623,9.578113860660464,True,-9.578113860660464,24846231.214523315,24876749.876618385,20.0,True,True,True,True,True,173972669.50011253,,31.34199,200M,scan_us_two_day_drop_2026-09-09.csv,
2026-09-09,USFD,USFD,Food Distribution,97.4499969482422,1.0,97.4499969482422,-0.9131147340224022,-5.470947317878084,5.470947317878084,True,0.0,5.470947317878084,9.0,1.8451458489154824,0.8451458489154824,0.0,,True,7.840400218963623,6.316093166793566,True,-0.3543748047164397,300506555.58929443,181597628.2989502,20.0,True,True,True,True,True,21081428296.161022,29.984615,4.925946,200M,scan_us_two_day_drop_2026-09-09.csv,
2026-09-09,USIO,USIO,Software—Infrastructure,2.569999933242798,1.0,2.569999933242798,-0.3636360168457031,-6.204382324899605,6.204382324899605,True,-1.1235944019676425,5.080787922931963,169.0,0.4813329992483087,0.0,0.0,,False,7.840400218963623,6.204382324899605,False,0.3649631543230391,493696.9871759415,1118473.982775211,20.0,True,True,True,True,False,,,,200M,scan_us_two_day_drop_2026-09-09.csv,
2026-09-09,UZX,UZX,Internet Retail,0.0970000028610229,1.0,0.0970000028610229,-2.521013454245613,-16.379305472271767,16.379305472271767,True,-1.3132974206201242,15.066008051651645,26.0,2.1018677667010426,1.1018677667010426,0.0,,False,7.840400218963623,17.481173238972808,False,-1.6528897631177153,177927.1052479744,104716.60090908408,20.0,True,True,True,True,False,,,,200M,scan_us_two_day_drop_2026-09-09.csv,
2026-09-09,VACI,VACI,Shell Companies,6.320000171661377,1.0,6.320000171661377,-2.9745048137251877,-7.73722248686105,18.002320275305074,True,0.0,7.73722248686105,293.0,0.1718983557548579,0.0,0.0,,False,7.840400218963623,18.002320275305074,False,-18.002320275305074,72680.00197410583,651533.6829185486,20.0,True,True,True,True,False,,,,200M,scan_us_two_day_drop_2026-09-09.csv,
2026-09-09,VATE,VATE,Engineering & Construction,6.789999961853027,1.0,6.789999961853027,-5.510750594876779,-3.4139436812600787,5.510750594876779,True,-2.0885546735418314,1.3253890077182473,51.0,0.7074557004346372,0.0,0.0,,False,7.840400218963623,5.510750594876779,False,-0.2680962576976253,718381.9959640503,1122582.5327634811,20.0,True,True,True,True,False,,,,200M,scan_us_two_day_drop_2026-09-09.csv,
2026-09-09,VBIO,VBIO,Biotechnology,2.400000095367432,1.0,2.400000095367432,-9.747291797316317,-3.9999961853027344,9.747291797316317,True,-2.276090712858725,1.7239054724440095,542.0,0.3956629379512372,0.0,0.0,,False,7.840400218963623,9.747291797316317,False,-1.071427567880967,293040.0116443634,1080312.8938326836,20.0,True,True,True,True,False,,,,200M,scan_us_two_day_drop_2026-09-09.csv,
2026-09-09,VERX,VERX,Software—Application,12.369999885559082,1.0,12.369999885559082,-6.172842071261419,-4.256967395410638,6.172842071261419,True,-1.838839879143489,2.418127516267149,208.0,0.7647478422141379,0.0,0.0,,True,7.840400218963623,6.172842071261419,True,-0.0725636821573672,13261876.877307892,18925918.006134037,20.0,True,True,True,True,True,2006636394.0356252,618.5,8.090255,200M,scan_us_two_day_drop_2026-09-09.csv,
2026-09-09,VSME,VSME,Advertising Agencies,0.9480000138282776,1.0,0.9480000138282776,-7.274495282792525,-0.8368155706290792,7.274495282792525,True,-1.123594452133514,-0.2867788815044347,35.0,0.5314685314685315,0.0,0.0,,False,7.840400218963623,7.274495282792525,False,0.0970919182349261,10807.200157642365,24174.99947547913,20.0,True,True,True,True,False,,,,200M,scan_us_two_day_drop_2026-09-09.csv,
2026-09-09,VSNT,VSNT,Entertainment,37.209999084472656,1.0,37.209999084472656,-0.932402498473528,-2.7189566419015487,5.760313741848266,True,-1.225272862667054,1.4936837792344948,42.0,0.9088461671211128,0.0,0.0,,True,7.840400218963623,5.760313741848266,True,-5.760313741848266,48990684.7946167,57549753.340148926,20.0,True,True,True,True,True,5178518474.965988,6.827523,0.63813,200M,scan_us_two_day_drop_2026-09-09.csv,
2026-09-09,VWAV,VWAV,Aerospace & Defense,0.4580000042915344,1.0,0.4580000042915344,-0.8605844210070157,-20.48610694315497,20.48610694315497,True,-2.370774500600492,18.115332442554475,87.0,1.9232290333837383,0.9232290333837384,0.0,,False,7.840400218963623,21.409335976538703,False,-4.754105440809564,1514514.414191246,1753526.4954030514,20.0,True,True,True,True,False,,,,200M,scan_us_two_day_drop_2026-09-09.csv,
2026-09-09,WDAY,WDAY,Software—Application,186.0500030517578,1.0,186.0500030517578,-4.85724236832562,-0.1234677523331728,5.3788927997791225,True,-1.847335196361488,-1.7238674440283153,208.0,0.6521568407471813,0.0,0.0,,True,7.840400218963623,5.3788927997791225,True,-5.3788927997791225,432603467.09594727,703769427.9220581,20.0,True,True,True,True,True,44838050735.47363,37.81504,6.9320765,200M,scan_us_two_day_drop_2026-09-09.csv,
2026-09-09,WETO,WETO,Software—Infrastructure,2.4100000858306885,1.0,2.4100000858306885,-0.3921564960883028,-5.118105432076425,20.807455600648584,True,-1.1235944019676425,3.994511030108783,169.0,0.5096031524403487,0.0,0.0,,True,7.840400218963623,20.807455600648584,True,-20.807455600648584,3958184.1409683223,16032650.838387012,20.0,True,True,True,True,True,2597500.502508402,,8.034139,200M,scan_us_two_day_drop_2026-09-09.csv,
2026-09-09,WFF,WFF,Specialty Industrial Machinery,1.8799999952316284,1.0,1.8799999952316284,-5.882353284917219,-2.083331393077925,5.882353284917219,True,-1.570439531541068,0.5128918615368572,77.0,0.1039857725703525,0.0,0.0,,False,7.840400218963623,5.882353284917219,False,-0.9708728874782356,93435.99976301192,906840.0231599808,20.0,True,True,True,True,False,,,,200M,scan_us_two_day_drop_2026-09-09.csv,
2026-09-09,WIMI,WIMI,Advertising Agencies,1.100000023841858,1.0,1.100000023841858,-6.611573586217279,-2.654864735961449,6.611573586217279,True,-0.9985758826792868,1.6562888532821618,35.0,2.444780635400908,1.4447806354009076,0.0,,False,7.840400218963623,8.056354221618186,False,-4.724405014224386,177760.00385284424,90411.0003232956,20.0,True,True,True,True,False,,,,200M,scan_us_two_day_drop_2026-09-09.csv,
2026-09-09,WKSP,WKSP,Auto Parts,0.5,1.0,0.5,-8.035717231734662,-2.912618662434696,8.035717231734662,True,-1.8322501878805848,1.080368474554111,52.0,0.4675093817894529,0.0,0.0,,False,7.840400218963623,8.035717231734662,False,-3.2815188128319406,118350.0,285919.1984653473,20.0,True,True,True,True,False,,,,200M,scan_us_two_day_drop_2026-09-09.csv,
2026-09-09,WLDS,WLDS,Consumer Electronics,1.690000057220459,1.0,1.690000057220459,-2.1857967281024404,-5.58658697003811,5.58658697003811,True,-1.226992698467566,4.359594271570543,15.0,1.4058472178560202,0.4058472178560202,0.0,,False,7.840400218963623,5.99243418789413,False,-1.6129016752173708,377884.0127944946,374017.50692129135,20.0,True,True,True,True,False,,,,200M,scan_us_two_day_drop_2026-09-09.csv,
2026-09-09,WLYB,WLYB,Publishing,48.380001068115234,1.0,48.380001068115234,-0.6162679440834928,0.0,9.885227892145332,True,-1.652180185271035,-1.652180185271035,8.0,0.0,0.0,0.0,,False,7.840400218963623,9.885227892145332,False,-9.885227892145332,0.0,11593.169975280762,11.0,True,True,True,True,False,,,,200M,scan_us_two_day_drop_2026-09-09.csv,
2026-09-09,WXM,WXM,Industrial Distribution,4.039999961853027,1.0,4.039999961853027,-4.434595919119966,-6.26450080072134,6.26450080072134,True,-1.2938344360653886,4.970666364655951,23.0,7.026511134676564,6.026511134676564,0.0,,False,7.840400218963623,12.291011935397904,False,-0.3314887551262635,1338451.987361908,222600.0067949295,20.0,True,True,True,True,False,,,,200M,scan_us_two_day_drop_2026-09-09.csv,
2026-09-09,XAIR,XAIR,Medical Devices,3.180000066757202,1.0,3.180000066757202,-4.249287766702081,-5.917160973729663,5.917160973729663,True,-1.2232500927669363,4.693910880962727,139.0,1.0329877474081055,0.0329877474081055,0.0,,False,7.840400218963623,5.950148721137769,False,-1.6713076382739778,174264.00365829468,263938.0002498627,20.0,True,True,True,True,False,,,,200M,scan_us_two_day_drop_2026-09-09.csv,
2026-09-09,XBP,XBP,Software—Infrastructure,2.815000057220459,1.0,2.815000057220459,-9.35483776691922,0.1779400193144598,9.35483776691922,True,-1.1235944019676425,-1.3015344212821025,169.0,0.6829268292682927,0.0,0.0,,False,7.840400218963623,9.35483776691922,False,-3.125004423782163,23646.000480651852,34864.000272750854,20.0,True,True,True,True,False,,,,200M,scan_us_two_day_drop_2026-09-09.csv,
2026-09-09,XERS,XERS,Drug Manufacturers—Specialty & Generic,7.710000038146973,1.0,7.710000038146973,-0.5861687256752957,-9.080183321404911,9.080183321404911,True,-1.1407864043083027,7.939396917096609,76.0,2.0261485119907543,1.0261485119907543,0.0,,True,7.840400218963623,10.106331833395666,True,-0.6984914848764401,21626550.10700226,11793631.96630478,20.0,True,True,True,True,True,1405689566.2149675,19.769232,-137.67857,200M,scan_us_two_day_drop_2026-09-09.csv,
2026-09-09,XMTR,XMTR,Industrial Distribution,85.58999633789062,1.0,85.58999633789062,-0.0864604259268486,-7.420228054947486,7.420228054947486,True,-1.2938344360653886,6.126393618882098,23.0,1.7371590506553312,0.7371590506553312,0.0,,True,7.840400218963623,8.157387105602817,True,-0.5481536234006601,62960001.30615234,39057007.2052002,20.0,True,True,True,True,True,4906324403.144806,66.47044,15.855872,200M,scan_us_two_day_drop_2026-09-09.csv,
2026-09-09,XNDU,XNDU,Software—Infrastructure,9.050000190734863,1.0,9.050000190734863,-1.3374497003039276,-5.630864997507912,5.630864997507912,True,-1.1235944019676425,4.50727059554027,169.0,2.0066330209084358,1.006633020908435,0.0,,True,7.840400218963623,6.637498018416347,True,-2.994013742807944,18890970.398139957,10774876.008224487,20.0,True,True,True,True,True,2754759423.0584145,-16.605505,8.794947,200M,scan_us_two_day_drop_2026-09-09.csv,
2026-09-09,XPOF,XPOF,Leisure,4.03000020980835,1.0,4.03000020980835,-2.240318942885977,-16.041665631863843,16.041665631863843,True,-1.4994620691636151,14.542203562700228,28.0,2.688302774781841,1.6883027747818415,0.0,,False,7.840400218963623,17.729968406645686,False,-0.4056791404240978,5524727.2876262665,2629496.4683294296,20.0,True,True,True,True,False,,,,200M,scan_us_two_day_drop_2026-09-09.csv,
2026-09-09,XPON,XPON,Electrical Equipment & Parts,5.5,1.0,5.5,-5.290101292090332,-0.9009043066040444,5.483865906618979,True,-2.197806588435247,-1.2969022818312026,49.0,0.2069475240206947,0.0,0.0,,False,7.840400218963623,5.483865906618979,False,-5.483865906618979,231000.0,1243188.000202179,20.0,True,True,True,True,False,,,,200M,scan_us_two_day_drop_2026-09-09.csv,
2026-09-09,XTNT,XTNT,Medical Devices,0.3400000035762787,1.0,0.3400000035762787,0.0,-10.526313725600922,10.526313725600922,True,-1.2232500927669363,9.303063632833986,139.0,0.986124986124986,0.0,0.0,,False,7.840400218963623,10.526313725600922,False,-5.000002607703169,151028.001588583,171170.99785208702,20.0,True,True,True,True,False,,,,200M,scan_us_two_day_drop_2026-09-09.csv,
2026-09-09,Z,Z,Internet Content & Information,32.13999938964844,1.0,32.13999938964844,-6.446948633706462,-0.6798554281632119,6.446948633706462,True,-2.168802419615712,-1.4889469914525,56.0,0.9023873818583528,0.0,0.0,,True,7.840400218963623,6.446948633706462,True,-2.122241077424214,94514096.20513916,116581190.28110504,20.0,True,True,True,True,True,7227480884.30722,139.73912,1.6703914,200M,scan_us_two_day_drop_2026-09-09.csv,
2026-09-09,ZBAO,ZBAO,Insurance Brokers,0.1519999951124191,1.0,0.1519999951124191,-6.024090869797871,-2.5641077075012952,6.024090869797871,True,-3.4947113565120977,-0.9306036490108024,18.0,0.8904348931033388,0.0,0.0,,False,7.840400218963623,6.024090869797871,False,-5.681821260570508,213027.9931500554,281494.4987498224,20.0,True,True,True,True,False,,,,200M,scan_us_two_day_drop_2026-09-09.csv,
2026-09-09,ZG,ZG,Internet Content & Information,32.810001373291016,1.0,32.810001373291016,-6.483581357060208,-0.666053327691174,6.483581357060208,True,-2.168802419615712,-1.502749091924538,56.0,1.1397636713382795,0.1397636713382797,0.0,,True,7.840400218963623,6.623345028398488,True,-1.9977835805018551,34020690.423965454,33635830.81970215,20.0,True,True,True,True,True,7378147549.558754,142.63043,1.7049531,200M,scan_us_two_day_drop_2026-09-09.csv,
2026-09-09,ZSTK,ZSTK,Asset Management,4.235000133514404,1.0,4.235000133514404,0.0,-1.5116291706338436,10.788380962801458,True,-0.7730364836748271,0.7385926869590165,119.0,0.4514325646401118,0.0,0.0,,False,7.840400218963623,10.788380962801458,False,-10.788380962801458,136790.50431251526,363547.0138311386,20.0,True,True,True,True,False,,,,200M,scan_us_two_day_drop_2026-09-09.csv,
2026-09-10,ABCL,ABCL,Biotechnology,10.460000038146973,1.0,10.460000038146973,-3.4090856988944984,-5.339367804559769,5.339367804559769,True,-1.846152085524344,3.493215719035425,541.0,0.903965388960842,0.0,0.0,,False,7.841770172119141,5.339367804559769,False,0.0874827203896977,51469476.18770599,64018370.54281235,20.0,True,True,True,True,False,,,,50M,us_scan_2026-09-10_50M.csv,4920600.0
2026-09-10,AEO,AEO,Apparel Retail,14.529999732971191,1.0,14.529999732971191,-1.916375939981208,-13.972763421907796,13.972763421907796,True,-2.320785361624739,11.651978060283056,32.0,6.034763565232183,5.034763565232183,0.0,,False,7.841770172119141,19.159357919974788,False,-0.977573791032671,412400623.42100143,79016924.92637634,20.0,True,True,True,True,False,,,,50M,us_scan_2026-09-10_50M.csv,28382700.0
2026-09-10,AFRM,AFRM,Credit Services,67.98999786376953,1.0,67.98999786376953,-5.4522755346027125,-0.2347815972514877,5.4522755346027125,True,-0.4041547651618238,-0.169373167910336,40.0,1.040040263952578,0.040040263952578,0.0,,True,7.841770172119141,5.851616827097811,True,-0.3731812698834824,252895596.05407715,260288515.9702301,20.0,True,True,True,True,True,22941270474.630432,12.339382,4.1803985,50M,us_scan_2026-09-10_50M.csv,3719600.0
2026-09-10,AGCO,AGCO,Farm & Heavy Construction Machinery,121.93000030517578,1.0,121.93000030517578,-0.3377584741354522,-3.9013217649709886,4.565214854969435,True,-2.4331062259929315,1.4682155389780571,24.0,1.0918810252661395,0.0918810252661397,0.0,,False,7.841770172119141,4.818846183584533,False,-4.565214854969435,145694157.36465454,121839584.59663393,20.0,True,True,True,True,False,,,,50M,us_scan_2026-09-10_50M.csv,1194900.0
2026-09-10,AMGN,AMGN,Drug Manufacturers—General,382.4700012207031,1.0,382.4700012207031,-0.4832577127379833,-2.2490832519897808,10.07707532682871,True,-0.3802888369013435,1.8687944150884368,16.0,1.482510532569947,0.482510532569947,0.0,,True,7.841770172119141,12.971414851978649,True,-10.07707532682871,1312216327.1881104,1010024531.6238405,20.0,True,True,True,True,True,206775523612.3012,24.330153,17.690563,50M,us_scan_2026-09-10_50M.csv,3430900.0
2026-09-10,ANF,ANF,Apparel Retail,142.92999267578125,1.0,142.92999267578125,0.4292473002129426,-6.0165761737944745,6.0165761737944745,True,-2.320785361624739,3.695790812169736,32.0,1.327932731747334,0.3279327317473339,0.0,,True,7.841770172119141,6.911088766924936,True,1.1759167023235315,277641510.7727051,214530665.2267456,20.0,True,True,True,True,True,6065145193.81134,13.136948,4.618392,50M,us_scan_2026-09-10_50M.csv,1942500.0
2026-09-10,APG,APG,Engineering & Construction,37.380001068115234,1.0,37.380001068115234,-5.447767163788764,-1.657451410780686,5.447767163788764,True,-1.19160090941145,0.465850501369236,51.0,1.56555878447297,0.5655587844729701,0.0,,False,7.841770172119141,6.741122525009454,False,0.3996000093747787,152039416.3444519,107749524.38697816,20.0,True,True,True,True,False,,,,50M,us_scan_2026-09-10_50M.csv,4067400.0
2026-09-10,BBWI,BBWI,Specialty Retail,17.450000762939453,1.0,17.450000762939453,-6.296299249079851,-1.4680877186558303,6.296299249079851,True,-0.4846609890414521,0.9834267296143784,41.0,0.8311965642968435,0.0,0.0,,False,7.841770172119141,6.296299249079851,False,-3.126604834419944,91694519.00901794,117513741.04204178,20.0,True,True,True,True,False,,,,50M,us_scan_2026-09-10_50M.csv,5254700.0
2026-09-10,BETA,BETA,Aerospace & Defense,19.88999938964844,1.0,19.88999938964844,-4.683064331605113,-1.290323740962929,4.774780796677158,True,-0.9090943769975102,0.3812293639654185,87.0,0.9944860859825968,0.0,0.0,,False,7.841770172119141,4.774780796677158,False,-4.774780796677158,45918052.59094238,53981855.688762665,20.0,True,True,True,True,False,,,,50M,us_scan_2026-09-10_50M.csv,2308600.0
2026-09-10,BKNG,BKNG,Travel Services,174.3300018310547,1.0,174.3300018310547,-3.810321830113572,0.5189466604867743,6.720467011008447,True,0.0,-0.5189466604867743,15.0,1.289032478152247,0.2890324781522471,0.0,,True,7.841770172119141,9.224028181565693,True,-6.720467011008447,1119843632.762146,1021935704.2144777,20.0,True,True,True,True,True,135084559166.7248,19.262983,-12.254323,50M,us_scan_2026-09-10_50M.csv,6423700.0
2026-09-10,BKR,BKR,Oil & Gas Equipment & Services,59.400001525878906,1.0,59.400001525878906,-0.4380456622617767,-6.662473137074231,6.662473137074231,True,-1.7789146529916366,4.883558484082595,44.0,1.8995893293510724,0.8995893293510724,0.0,,True,7.841770172119141,9.209464405785512,True,0.6614144392839583,664917677.0805359,379556521.1051941,20.0,True,True,True,True,True,58964841332.100426,20.482758,2.9608214,50M,us_scan_2026-09-10_50M.csv,11193900.0
2026-09-10,BLDR,BLDR,Building Products & Equipment,58.970001220703125,1.0,58.970001220703125,-1.90156984114328,-3.942007155897398,4.879159507223918,True,-2.302122471089074,1.6398846848083235,36.0,2.032173809806482,1.032173809806482,0.0,,False,7.841770172119141,6.925207106544637,False,-4.879159507223918,201877902.17895508,117502686.23809814,20.0,True,True,True,True,False,,,,50M,us_scan_2026-09-10_50M.csv,3423400.0
2026-09-10,BOOT,BOOT,Apparel Retail,140.67999267578125,1.0,140.67999267578125,-6.27785153858783,-1.636142865876189,6.27785153858783,True,-2.4832632755025283,-0.8471204096263394,32.0,1.0893978247413565,0.0893978247413564,0.0,,False,7.841770172119141,6.524913321763558,False,-1.0953316845915495,86658875.48828125,88187264.46304321,20.0,True,True,True,True,False,,,,50M,us_scan_2026-09-10_50M.csv,616000.0
2026-09-10,BRKR,BRKR,Medical Devices,53.560001373291016,1.0,53.560001373291016,-6.750040601005991,-1.5983812732075942,6.750040601005991,True,-1.7770623272139408,-0.1786810540063466,139.0,1.0266070552314486,0.0266070552314485,0.0,,False,7.841770172119141,6.825808761886867,False,-0.2222240480602266,100848126.58576964,106088709.78355408,20.0,True,True,True,True,False,,,,50M,us_scan_2026-09-10_50M.csv,1882900.0
2026-09-10,BRO,BRO,Insurance Brokers,66.33000183105469,1.0,66.33000183105469,-2.420066762237383,-0.3006116818153659,4.536541510551784,True,-0.018553299812124,0.2820583820032418,18.0,1.072152057021383,0.0721520570213829,0.0,,False,7.841770172119141,4.737560569071945,False,-4.536541510551784,113742687.13989258,113374816.280365,20.0,True,True,True,True,False,,,,50M,us_scan_2026-09-10_50M.csv,1714800.0
2026-09-10,BSX,BSX,Medical Devices,43.09999847412109,1.0,43.09999847412109,-0.0444652244713572,-4.137012117942707,5.8995810456787705,True,-1.7621128717675627,2.374899246175144,139.0,1.2832984322825287,0.2832984322825287,0.0,,True,7.841770172119141,8.216350751186852,True,-5.8995810456787705,977275225.4013062,870667854.1713715,20.0,True,True,True,True,True,62461790359.25124,18.185654,2.5011604,50M,us_scan_2026-09-10_50M.csv,22674600.0
2026-09-10,BURL,BURL,Apparel Retail,238.0399932861328,1.0,238.0399932861328,-6.358157391584607,-0.4766282400525679,6.358157391584607,True,-2.4832632755025283,-2.0066350354499605,32.0,0.7341747382839252,0.0,0.0,,True,7.841770172119141,7.21157329169106,True,-3.73496736322384,267937816.4428711,438931102.318573,20.0,True,True,True,True,True,14952528596.067123,21.503162,7.4679213,50M,us_scan_2026-09-10_50M.csv,1125600.0
2026-09-10,CAPR,CAPR,Biotechnology,8.300000190734863,1.0,8.300000190734863,-4.635762216793737,-3.9351867948784647,4.635762216793737,True,-1.846152085524344,2.0890347093541206,541.0,0.3536369156041287,0.0,0.0,,False,7.841770172119141,4.635762216793737,False,-3.617012901184935,24171260.55545807,57960498.29292297,20.0,True,True,True,True,False,,,,50M,us_scan_2026-09-10_50M.csv,2912200.0
2026-09-10,CART,CART,Internet Retail,47.2400016784668,1.0,47.2400016784668,-2.833334604899085,1.2864543239070605,6.011356399391854,True,-0.1010290251918732,-1.3874833490989336,26.0,1.012626635797908,0.0126266357979081,0.0,,False,7.841770172119141,6.047561075462286,False,-6.011356399391854,145669269.1757202,152766686.0321045,20.0,True,True,True,True,False,,,,50M,us_scan_2026-09-10_50M.csv,3083600.0
2026-09-10,CASY,CASY,Specialty Retail,627.6400146484375,1.0,627.6400146484375,-14.241497815685456,-0.2209774706608547,14.241497815685456,True,-0.5802717682769409,-0.3592942976160862,41.0,3.274323335771763,2.274323335771763,0.0,,True,7.841770172119141,18.043997738132244,True,-2.9890668860011127,702329176.3916016,283839301.8585205,20.0,True,True,True,True,True,23197679757.288696,30.306135,5.861412,50M,us_scan_2026-09-10_50M.csv,1119000.0
2026-09-10,CAVA,CAVA,Restaurants,54.0,1.0,54.0,-6.035918032849274,-4.44168889769152,6.035918032849274,True,-0.8119072241347003,3.62978167355682,49.0,1.956222523994752,0.9562225239947522,0.0,,False,7.841770172119141,7.972059010652359,False,-1.0204064335285534,229478400.0,149569608.43086243,20.0,True,True,True,True,False,,,,50M,us_scan_2026-09-10_50M.csv,4249600.0
2026-09-10,CBRS,CBRS,Semiconductors,191.33999633789065,1.0,191.33999633789065,-1.7870587414863914,-2.47706456979897,4.894072187546605,True,-1.5196008601221669,0.9574637096768036,58.0,0.4846737567448284,0.0,0.0,,True,7.841770172119141,6.968721738347529,True,-4.894072187546605,651378749.533081,1351729574.9824524,20.0,True,True,True,True,True,45455502734.9545,150.22612,4.751074,50M,us_scan_2026-09-10_50M.csv,3404300.0
2026-09-10,CDW,CDW,Information Technology Services,142.60000610351562,1.0,142.60000610351562,-1.460410210926788,0.1615586108145938,5.184413244604446,True,-0.3171811544947722,-0.4787397653093661,67.0,0.6863495534900674,0.0,0.0,,True,7.841770172119141,5.405961196734912,True,-5.184413244604446,161109486.89575195,245272680.0239563,20.0,True,True,True,True,True,17827485710.645813,17.118849,7.316573,50M,us_scan_2026-09-10_50M.csv,1129800.0
2026-09-10,CELC,CELC,Biotechnology,85.48999786376953,1.0,85.48999786376953,-3.1606051581500094,-5.095474993321735,5.095474993321735,True,-1.846152085524344,3.249322907797392,541.0,1.3636827339964297,0.3636827339964295,0.0,,False,7.841770172119141,5.990491063085793,False,-2.8004183810216965,91423003.71551514,73081077.72827148,20.0,True,True,True,True,False,,,,50M,us_scan_2026-09-10_50M.csv,1069400.0
2026-09-10,CELH,CELH,Beverages—Non-Alcoholic,26.6299991607666,1.0,26.6299991607666,-6.49526424554262,-3.654125366081218,6.49526424554262,True,-0.9054155694176114,2.7487097966636065,15.0,1.1015615409167914,0.1015615409167913,0.0,,True,7.841770172119141,7.014283928535201,True,-3.587737726497653,238953645.4694748,249458204.3132782,20.0,True,True,True,True,True,6738323089.254538,121.04545,5.624076,50M,us_scan_2026-09-10_50M.csv,8973100.0
2026-09-10,CHEF,CHEF,Food Distribution,109.7699966430664,1.0,109.7699966430664,0.3950030339563426,0.4391945498381622,4.809373881292334,True,-1.1695895017748923,-1.6087840516130547,9.0,0.7040038904198411,0.0,0.0,,False,7.841770172119141,4.809373881292334,False,-4.809373881292334,47673109.54208374,68680875.92506409,20.0,True,True,True,True,False,,,,50M,us_scan_2026-09-10_50M.csv,434300.0
2026-09-10,CNM,CNM,Industrial Distribution,40.84999847412109,1.0,40.84999847412109,-5.583301912153738,-1.802884681514028,5.583301912153738,True,-1.0079741903483708,0.7949104911656568,23.0,2.835934645299369,1.8359346452993688,0.0,,False,7.841770172119141,8.590950483663375,False,-0.5866388161630876,221929871.71020508,83272954.79450226,20.0,True,True,True,True,False,,,,50M,us_scan_2026-09-10_50M.csv,5432800.0
2026-09-10,COMP,COMP,Real Estate Services,10.130000114440918,1.0,10.130000114440918,-0.6511599518531974,-5.149814372835926,5.149814372835926,True,-1.1669579440990674,3.9828564287368575,41.0,1.5047251939895936,0.5047251939895936,0.0,,False,7.841770172119141,6.328814439870572,False,-3.327337134594577,151454644.7110176,118619209.4388008,20.0,True,True,True,True,False,,,,50M,us_scan_2026-09-10_50M.csv,14951100.0
2026-09-10,COO,COO,Medical Instruments & Supplies,54.16999816894531,1.0,54.16999816894531,-6.219534269945082,-14.666038816047278,14.666038816047278,True,-0.8538740643544263,13.812164751692851,50.0,11.97899942200244,10.97899942200244,0.0,,False,7.841770172119141,20.66603881604728,False,-2.7302687116967927,1010405890.8462524,111899277.8957367,20.0,True,True,True,True,False,,,,50M,us_scan_2026-09-10_50M.csv,18652500.0
2026-09-10,CRCL,CRCL,Capital Markets,90.31999969482422,1.0,90.31999969482422,-3.316700386030857,-2.871274578215244,5.752084831986604,True,-1.3254114652656968,1.545863112949547,90.0,0.5787939311118119,0.0,0.0,,True,7.841770172119141,7.7979124896020195,True,-5.752084831986604,745961909.4795227,1316318723.21167,20.0,True,True,True,True,True,22930069494.44323,18.62268,6.5057983,50M,us_scan_2026-09-10_50M.csv,8259100.0
2026-09-10,CRDO,CRDO,Semiconductors,160.30999755859375,1.0,160.30999755859375,0.1013401901313271,-4.531920374781739,4.531920374781739,True,-1.5196008601221669,3.0123195146595725,58.0,1.489148036647792,0.489148036647792,0.0,,True,7.841770172119141,7.577498486295834,True,-1.6532844012010273,1098267762.27417,1147285477.9693604,20.0,True,True,True,True,True,30130571515.713013,59.15498,11.032275,50M,us_scan_2026-09-10_50M.csv,6850900.0
2026-09-10,DKS,DKS,Specialty Retail,133.13999938964844,1.0,133.13999938964844,0.7479077809798174,-0.1649679211879418,4.872439149613339,True,-0.5802717682769409,-0.4153038470889991,41.0,0.6695234621930465,0.0,0.0,,True,7.841770172119141,5.757468282883892,True,-4.872439149613339,293307418.6553955,451899279.57458496,20.0,True,True,True,True,True,11839681611.563538,14.727876,2.0726695,50M,us_scan_2026-09-10_50M.csv,2203000.0
2026-09-10,DLTR,DLTR,Discount Stores,118.66000366210938,1.0,118.66000366210938,-4.554983460316664,0.2280634123261515,5.615581613333087,True,-0.6274838070905675,-0.8555472194167191,8.0,1.172663044745494,0.172663044745494,0.0,,True,7.841770172119141,6.444828210124806,True,-5.615581613333087,298382445.20874023,281123928.71017456,20.0,True,True,True,True,True,22264211966.46268,14.506112,6.501562,50M,us_scan_2026-09-10_50M.csv,2514600.0
2026-09-10,ELF,ELF,Household & Personal Products,95.76000213623048,1.0,95.76000213623048,-4.055216016243279,-4.316546378682951,4.887390079185138,True,-0.2228911834961433,4.093655195186807,25.0,0.8902007809857639,0.0,0.0,,False,7.841770172119141,4.887390079185138,False,-4.887390079185138,138622179.09240723,162148215.65170288,20.0,True,True,True,True,False,,,,50M,us_scan_2026-09-10_50M.csv,1447600.0
2026-09-10,ESAB,ESAB,Metal Fabrication,69.2699966430664,1.0,69.2699966430664,-2.5822857376764152,-4.8619709301302105,4.8619709301302105,True,-2.4509781005518705,2.41099282957834,17.0,1.663854639844257,0.6638546398442571,0.0,,False,7.841770172119141,6.331029730338122,False,-0.3732321938496818,79923722.12677002,56432622.1862793,20.0,True,True,True,True,False,,,,50M,us_scan_2026-09-10_50M.csv,1153800.0
2026-09-10,ETSY,ETSY,Internet Retail,71.58999633789062,1.0,71.58999633789062,-2.238392282681956,0.5618680752449645,4.822902023758912,True,-0.1010290251918732,-0.6628971004368378,26.0,1.0427325686579585,0.0427325686579584,0.0,,True,7.841770172119141,5.039106733044567,True,-4.822902023758912,206308051.4465332,218381841.2952423,20.0,True,True,True,True,True,6570655003.2052,22.512577,-4.7401175,50M,us_scan_2026-09-10_50M.csv,2881800.0
2026-09-10,EXK,EXK,Silver,10.520000457763672,1.0,10.520000457763672,0.1796900618483032,-5.65021688179792,5.65021688179792,True,-4.6744531497523445,0.975763732045576,5.0,0.8232024851736798,0.0,0.0,,False,7.841770172119141,5.65021688179792,False,0.0899301167693655,76663451.33590698,98251952.694273,20.0,True,True,True,True,False,,,,50M,us_scan_2026-09-10_50M.csv,7287400.0
2026-09-10,FDS,FDS,Financial Data & Stock Exchanges,262.92999267578125,1.0,262.92999267578125,-3.4013794367701133,-5.817251126850342,5.817251126850342,True,-1.3965215340881798,4.420729592762163,13.0,2.130106761565836,1.1301067615658362,0.0,,True,7.841770172119141,8.062306231215649,True,-4.291956491529492,393448441.0400391,211988081.73065183,20.0,True,True,True,True,True,9351247960.500183,18.386713,4.628723,50M,us_scan_2026-09-10_50M.csv,1496400.0
2026-09-10,FIG,FIG,Software—Application,22.13999938964844,1.0,22.13999938964844,-3.252746246673244,0.5906367987948302,5.679936946788855,True,-0.5314347049016399,-1.12207150369647,208.0,1.2027338940400678,0.2027338940400678,0.0,,True,7.841770172119141,6.854804915672516,True,-5.679936946788855,370904767.7749634,361345956.28881454,20.0,True,True,True,True,True,11800838130.056597,62.22072,7.9497304,50M,us_scan_2026-09-10_50M.csv,16752700.0
2026-09-10,FIS,FIS,Information Technology Services,38.52000045776367,1.0,38.52000045776367,-3.424653822497159,1.182035110445856,5.896398321059637,True,-0.3171811544947722,-1.4992162649406282,67.0,1.090033877543208,0.0900338775432081,0.0,,True,7.841770172119141,6.212925800752252,True,-5.896398321059637,219375254.6070099,212883797.4243164,20.0,True,True,True,True,True,19864992158.911434,5.84522,1.2393425,50M,us_scan_2026-09-10_50M.csv,5695100.0
2026-09-10,FIVN,FIVN,Software—Infrastructure,30.25,1.0,30.25,-2.753758295256592,-0.3951295222829776,6.131652802701726,True,-0.7163994118916106,-0.321269889608633,169.0,0.7891215462767934,0.0,0.0,,False,7.841770172119141,6.131652802701726,False,-6.131652802701726,38532450.0,54848745.14694214,20.0,True,True,True,True,False,,,,50M,us_scan_2026-09-10_50M.csv,1273800.0
2026-09-10,FND,FND,Home Improvement Retail,46.869998931884766,1.0,46.869998931884766,-0.709508244745638,-1.4922296591979411,4.59884808748332,True,-1.2726753686198466,0.2195542905780945,4.0,1.2186689295672202,0.2186689295672201,0.0,,False,7.841770172119141,5.169460584610395,False,-4.59884808748332,117793681.3156128,110027666.43619536,20.0,True,True,True,True,False,,,,50M,us_scan_2026-09-10_50M.csv,2513200.0
2026-09-10,FRSH,FRSH,Software—Application,11.869999885559082,1.0,11.869999885559082,-1.4049592639210795,-0.5029372848437297,4.948933098358365,True,-0.5314347049016399,-0.0284974200579102,208.0,1.180939678974215,0.180939678974215,0.0,,False,7.841770172119141,5.428803649221753,False,-4.948933098358365,59909076.42240524,55988892.41452217,20.0,True,True,True,True,False,,,,50M,us_scan_2026-09-10_50M.csv,5047100.0
2026-09-10,FTAI,FTAI,Aerospace & Defense,180.08999633789062,1.0,180.08999633789062,-5.816260256956484,-2.785427078061742,5.816260256956484,True,-0.9090943769975102,1.876332701064232,87.0,1.746888510415302,0.746888510415302,0.0,,True,7.841770172119141,7.5760906049253744,True,0.208887133003488,360198001.67541504,229684721.02127075,20.0,True,True,True,True,True,18496519642.0654,40.469666,45.75457,50M,us_scan_2026-09-10_50M.csv,2000100.0
2026-09-10,G,G,Information Technology Services,34.40999984741211,1.0,34.40999984741211,-1.357842416067656,-0.7842666667253306,5.278677243478935,True,-0.2585877192957775,0.5256789474295531,67.0,0.834365741987611,0.0,0.0,,False,7.841770172119141,5.278677243478935,False,-5.278677243478935,58631198.74000549,75059445.27797699,20.0,True,True,True,True,False,,,,50M,us_scan_2026-09-10_50M.csv,1703900.0
2026-09-10,GAP,GAP,Apparel Retail,20.90999984741211,1.0,20.90999984741211,-4.557634444433556,-2.1067450846484204,4.557634444433556,True,-2.4832632755025283,-0.376518190854108,32.0,1.1007458134409085,0.1007458134409082,0.0,,False,7.841770172119141,4.834597158757366,False,-0.2229208369544322,141497968.96743774,131567028.15885544,20.0,True,True,True,True,False,,,,50M,us_scan_2026-09-10_50M.csv,6767000.0
2026-09-10,GRAB,GRAB,Software—Application,3.009999990463257,1.0,3.009999990463257,-6.461539635291469,-0.9868411765204144,6.461539635291469,True,-0.5301600093734982,0.4566811671469162,208.0,2.59010004407494,1.590100044074939,0.0,,False,7.841770172119141,9.20755528308677,False,-4.9707623538466255,258252280.1817656,115552029.28150892,20.0,True,True,True,True,False,,,,50M,us_scan_2026-09-10_50M.csv,85798100.0
2026-09-10,GWRE,GWRE,Software—Application,140.08999633789062,1.0,140.08999633789062,-4.9896472418040405,-1.511536186896989,7.825385788920835,True,-0.5301600093734982,0.9813761775234908,208.0,1.182962073718376,0.1829620737183761,0.0,,True,7.841770172119141,8.429402054208245,True,-7.825385788920835,186361722.1282959,223209895.9350586,20.0,True,True,True,True,True,11663383727.866089,76.135864,9.72577,50M,us_scan_2026-09-10_50M.csv,1330300.0
2026-09-10,HRB,HRB,Personal Services,44.880001068115234,1.0,44.880001068115234,-1.6343430158536454,-0.5759821113174968,6.461479606415943,True,-0.5251865154400182,0.0507955958774786,10.0,1.1715620007373726,0.1715620007373726,0.0,,False,7.841770172119141,6.918346217830306,False,-6.461479606415943,85568210.0364685,83848091.82834625,20.0,True,True,True,True,False,,,,50M,us_scan_2026-09-10_50M.csv,1906600.0
2026-09-10,HWM,HWM,Aerospace & Defense,227.91000366210932,1.0,227.91000366210932,0.4707797450168138,-2.02475778262542,10.699267716986792,True,-0.9090943769975102,1.115663405627909,87.0,1.8134840202280773,0.8134840202280778,0.0,,True,7.841770172119141,13.724427233727184,True,-10.699267716986792,1009367824.21875,666933566.8716431,20.0,True,True,True,True,True,90890828306.54434,50.200443,15.904397,50M,us_scan_2026-09-10_50M.csv,4428800.0
2026-09-10,IBP,IBP,Residential Construction,201.72000122070312,1.0,201.72000122070312,-7.674092490452722,-4.189224065112862,7.674092490452722,True,-2.520048064047592,1.66917600106527,18.0,2.736886277801091,1.7368862778010912,0.0,,False,7.841770172119141,10.57916346956911,False,-4.413804633780116,131561784.79614258,57818748.55728149,20.0,True,True,True,True,False,,,,50M,us_scan_2026-09-10_50M.csv,652200.0
2026-09-10,IP,IP,Packaging & Containers,34.290000915527344,1.0,34.290000915527344,-5.069888198744776,-1.0103882225404592,5.069888198744776,True,0.0,1.0103882225404592,21.0,1.4596123317458412,0.4596123317458411,0.0,,False,7.841770172119141,6.161058688553146,False,-2.0139633893563214,187590308.00857544,147232790.94028473,20.0,True,True,True,True,False,,,,50M,us_scan_2026-09-10_50M.csv,5470700.0
2026-09-10,IRTC,IRTC,Medical Devices,112.87999725341795,1.0,112.87999725341795,-2.1842262889442243,-5.595050981417571,5.595050981417571,True,-1.7621128717675627,3.832938109650008,139.0,1.513946711074105,0.513946711074105,0.0,,False,7.841770172119141,6.791679831929935,False,-0.674414425215597,82097622.00241089,58363528.45191956,20.0,True,True,True,True,False,,,,50M,us_scan_2026-09-10_50M.csv,727300.0
2026-09-10,IT,IT,Information Technology Services,170.6199951171875,1.0,170.6199951171875,-1.6802792502567,0.5480538997000517,7.4187329508077156,True,-0.3171811544947722,-0.8652350541948239,67.0,0.8506471675911917,0.0,0.0,,True,7.841770172119141,7.5414077691375,True,-7.4187329508077156,172684497.05810547,223923628.5476685,20.0,True,True,True,True,True,10774477976.77539,15.26118,-65.67359,50M,us_scan_2026-09-10_50M.csv,1012100.0
2026-09-10,JOBY,JOBY,Airports & Air Services,6.309999942779541,1.0,6.309999942779541,-6.1403518556215175,-1.7133976979312404,6.1403518556215175,True,-2.2617571368640843,-0.5483594389328439,6.0,1.3161619877447632,0.3161619877447632,0.0,,False,7.841770172119141,6.9330259774367,False,1.4836852353948382,197540227.20866203,172258268.79763603,20.0,True,True,True,True,False,,,,50M,us_scan_2026-09-10_50M.csv,31305900.0
2026-09-10,KRMN,KRMN,Aerospace & Defense,34.38999938964844,1.0,34.38999938964844,-11.262276544897176,-2.3566206765682662,11.262276544897176,True,-0.9090943769975102,1.447526299570756,87.0,1.9099697885196367,0.9099697885196374,0.0,,False,7.841770172119141,13.129376181317014,False,-0.7253649796093109,141318824.49188232,109113185.8789444,20.0,True,True,True,True,False,,,,50M,us_scan_2026-09-10_50M.csv,4109300.0
2026-09-10,KSPI,KSPI,Software—Infrastructure,97.1500015258789,1.0,97.1500015258789,-6.72511555610601,-0.7163994118916106,6.72511555610601,True,-0.6734000247088368,0.0429993871827738,169.0,2.689784123746388,1.6897841237463878,0.0,,False,7.841770172119141,9.58009633579762,False,-0.2975936477003671,153730162.41455078,60572186.682891846,20.0,True,True,True,True,False,,,,50M,us_scan_2026-09-10_50M.csv,1582400.0
2026-09-10,KSS,KSS,Department Stores,16.790000915527344,1.0,16.790000915527344,-5.220449665809001,-4.166663944993465,5.220449665809001,True,0.1074373816126295,4.274101326606094,3.0,1.227748427672956,0.227748427672956,0.0,,False,7.841770172119141,5.8124796156771055,False,-4.269545719450396,81940241.4680481,75958041.35742188,20.0,True,True,True,True,False,,,,50M,us_scan_2026-09-10_50M.csv,4880300.0
2026-09-10,KTB,KTB,Apparel Manufacturing,66.16000366210938,1.0,66.16000366210938,-5.047362541195543,-1.4889814554375658,5.047362541195543,True,-0.1412184132426441,1.3477630421949216,22.0,1.1973244147157192,0.1973244147157191,0.0,,False,7.841770172119141,5.566990747327846,False,-3.1891517650154744,53291882.9498291,50819532.66448975,20.0,True,True,True,True,False,,,,50M,us_scan_2026-09-10_50M.csv,805500.0
2026-09-10,KVYO,KVYO,Software—Application,16.1299991607666,1.0,16.1299991607666,-9.05533251623325,-0.8604873574558858,9.05533251623325,True,-0.5301600093734982,0.3303273480823876,208.0,1.720958130936695,0.720958130936695,0.0,,False,7.841770172119141,10.621756513401133,False,-3.868894127293221,141152009.65595245,93761598.47564696,20.0,True,True,True,True,False,,,,50M,us_scan_2026-09-10_50M.csv,8750900.0
2026-09-10,LAD,LAD,Auto & Truck Dealerships,366.1499938964844,1.0,366.1499938964844,-0.2658017233202137,-0.4269572824450285,4.681881405823596,True,-1.456305473311437,-1.0293481908664082,23.0,1.0068549492733754,0.0068549492733753,0.0,,False,7.841770172119141,4.701593123978987,False,-4.681881405823596,67225138.87939453,67488059.20410156,20.0,True,True,True,True,False,,,,50M,us_scan_2026-09-10_50M.csv,183600.0
2026-09-10,LECO,LECO,Tools & Accessories,251.0599975585937,1.0,251.0599975585937,-1.9960292448846009,-7.535353669319688,7.535353669319688,True,-1.6812454950954292,5.854108174224259,10.0,2.1722336936718087,1.1722336936718087,0.0,,False,7.841770172119141,9.773712308905486,False,0.220657410713132,224497849.81689453,115528806.930542,20.0,True,True,True,True,False,,,,50M,us_scan_2026-09-10_50M.csv,894200.0
2026-09-10,LNC,LNC,Insurance—Life,43.560001373291016,1.0,43.560001373291016,0.5078513902422976,0.045935823020482,4.728395575454658,True,0.4673525551998736,0.4214167321793916,16.0,0.6377541142303969,0.0,0.0,,False,7.841770172119141,4.728395575454658,False,-4.728395575454658,50220325.58326721,77500653.30619812,20.0,True,True,True,True,False,,,,50M,us_scan_2026-09-10_50M.csv,1152900.0
2026-09-10,LNG,LNG,Oil & Gas Midstream,277.8399963378906,1.0,277.8399963378906,-0.0326050074171191,0.6922058901924544,5.4726065021671655,True,0.0902351155864789,-0.6019707746059755,42.0,0.9878141913205166,0.0,0.0,,True,7.841770172119141,6.266911682370697,True,-5.4726065021671655,413286994.5526123,415673241.0797119,20.0,True,True,True,True,True,57383449702.36932,20.921686,9.330065,50M,us_scan_2026-09-10_50M.csv,1487500.0
2026-09-10,LYFT,LYFT,Software—Application,15.020000457763672,1.0,15.020000457763672,-8.251232582964674,0.8053747805748968,8.251232582964674,True,-0.5314347049016399,-1.3368094854765369,208.0,0.9622656402106936,0.0,0.0,,False,7.841770172119141,8.251232582964674,False,-2.8708107772046687,137333872.18551636,166156921.3030815,20.0,True,True,True,True,False,,,,50M,us_scan_2026-09-10_50M.csv,9143400.0
2026-09-10,M,M,Department Stores,20.5,1.0,20.5,-4.187084641927374,-4.69549148365741,4.69549148365741,True,0.1074373816126295,4.802928865270039,3.0,2.8714885709680784,1.8714885709680784,0.0,,False,7.841770172119141,7.739089122765758,False,-2.603030342649193,310447900.0,121217503.90148164,20.0,True,True,True,True,False,,,,50M,us_scan_2026-09-10_50M.csv,15143800.0
2026-09-10,MDLN,MDLN,Medical Instruments & Supplies,32.38999938964844,1.0,32.38999938964844,-1.8449103919989216,-4.87518321470427,5.192679742977601,True,-0.8538740643544263,4.021309150349844,50.0,1.093176323094833,0.093176323094833,0.0,,True,7.841770172119141,5.596899281852877,True,-5.192679742977601,237240550.52948,229032396.09375,20.0,True,True,True,True,True,28417405415.52732,42.61842,2.4547176,50M,us_scan_2026-09-10_50M.csv,7324500.0
2026-09-10,MLI,MLI,Metal Fabrication,60.15999984741211,1.0,60.15999984741211,0.2044624876913259,-5.572122568003223,5.572122568003223,True,-2.4509781005518705,3.121144467451353,17.0,1.084347940749857,0.084347940749857,0.0,,False,7.841770172119141,5.805778081110761,False,-0.2510195218055067,74207359.81178284,70874172.53818512,20.0,True,True,True,True,False,,,,50M,us_scan_2026-09-10_50M.csv,1233500.0
2026-09-10,NAVN,NAVN,Software—Application,20.26000022888184,1.0,20.26000022888184,-2.8153153798172736,-21.745845088809222,21.745845088809222,True,-0.5301600093734982,21.215685079435723,208.0,9.64242408996,8.64242408996,0.0,,False,7.841770172119141,21.0,False,-4.103676273647805,388278852.3864746,57551671.85726166,20.0,True,True,True,True,False,,,,50M,us_scan_2026-09-10_50M.csv,19164800.0
2026-09-10,NOW,NOW,Software—Application,131.1699981689453,1.0,131.1699981689453,-2.309817411845283,0.0457612373689686,4.990788664251,True,-0.5314347049016399,-0.5771959422706086,208.0,0.8651152020377446,0.0,0.0,,True,7.841770172119141,7.5098028297607105,True,-4.990788664251,1813189118.6889648,2035333879.899216,20.0,True,True,True,True,True,135611676646.94214,81.98125,10.835123,50M,us_scan_2026-09-10_50M.csv,13823200.0
2026-09-10,NVS,NVS,Drug Manufacturers—General,137.47999572753906,1.0,137.47999572753906,-0.159768500783497,0.0,13.93212562010585,True,-0.522344465964103,-0.522344465964103,16.0,1.6182164710602869,0.6182164710602869,0.0,,True,7.841770172119141,15.478152761984507,True,-13.93212562010585,332674093.661499,231162382.9795837,20.0,True,True,True,True,True,261310268082.4701,20.736048,6.290263,50M,us_scan_2026-09-10_50M.csv,2419800.0
2026-09-10,OC,OC,Building Products & Equipment,127.48999786376952,1.0,127.48999786376952,-1.175114297356772,-0.9170749374119214,6.141871537980769,True,-2.32724532340376,-1.410170385991838,36.0,1.345776031434185,0.3457760314341846,0.0,,False,7.841770172119141,6.9987482015251565,False,-6.141871537980769,139729037.6586914,118839814.087677,20.0,True,True,True,True,False,,,,50M,us_scan_2026-09-10_50M.csv,1096000.0
2026-09-10,OLLI,OLLI,Discount Stores,71.91999816894531,1.0,71.91999816894531,-5.853278044699639,-0.6355334373143173,5.853278044699639,True,-0.3569619492436393,0.278571488070678,8.0,0.8863636363636364,0.0,0.0,,False,7.841770172119141,5.853278044699639,False,0.4114083484197284,91439085.67199709,107907083.82110596,20.0,True,True,True,True,False,,,,50M,us_scan_2026-09-10_50M.csv,1271400.0
2026-09-10,OPEN,OPEN,Real Estate Services,2.799999952316284,1.0,2.799999952316284,-2.280128168239337,-6.666668256123865,6.666668256123865,True,-1.1669579440990674,5.499710312024797,41.0,1.4937803052978151,0.4937803052978151,0.0,,False,7.841770172119141,7.824604220699747,False,-2.5396876096063115,122272637.91770937,91784271.43449783,20.0,True,True,True,True,False,,,,50M,us_scan_2026-09-10_50M.csv,43668800.0
2026-09-10,OWL,OWL,Asset Management,10.43000030517578,1.0,10.43000030517578,-3.208561513224406,-3.959478499956315,4.510636025286741,True,-0.7512454286519477,3.208233071304367,119.0,1.1135034128651988,0.1135034128651988,0.0,,True,7.841770172119141,4.871514855490617,True,-4.510636025286741,209452137.1284485,209554380.53359985,20.0,True,True,True,True,True,7133166864.99234,94.818184,3.5731418,50M,us_scan_2026-09-10_50M.csv,20081700.0
2026-09-10,PAYC,PAYC,Software—Application,216.0399932861328,1.0,216.0399932861328,-1.6335105727476429,0.2133738988640665,5.399919974839829,True,-0.5314347049016399,-0.7448086037657065,208.0,0.9147865853658536,0.0,0.0,,False,7.841770172119141,5.399919974839829,False,-5.399919974839829,129645599.9710083,149803240.63110352,20.0,True,True,True,True,False,,,,50M,us_scan_2026-09-10_50M.csv,600100.0
2026-09-10,PCTY,PCTY,Software—Application,142.86000061035156,1.0,142.86000061035156,-0.99630229773785,0.5348307348293169,5.727422805059524,True,-0.5314347049016399,-1.0662654397309568,208.0,1.2144955925563172,0.2144955925563172,0.0,,False,7.841770172119141,6.288137313852396,False,-5.727422805059524,97430520.41625977,83052884.2163086,20.0,True,True,True,True,False,,,,50M,us_scan_2026-09-10_50M.csv,682000.0
2026-09-10,PENG,PENG,Information Technology Services,48.619998931884766,1.0,48.619998931884766,-0.4678321000756491,-4.778696388133263,4.778696388133263,True,-0.2585877192957775,4.520108668837485,67.0,0.7423562112465255,0.0,0.0,,False,7.841770172119141,4.778696388133263,False,-0.8887154161310806,50642590.88745117,73232607.64389038,20.0,True,True,True,True,False,,,,50M,us_scan_2026-09-10_50M.csv,1041600.0
2026-09-10,PRMB,PRMB,Beverages—Non-Alcoholic,20.559999465942383,1.0,20.559999465942383,-4.7510234681437,-1.3908916557386686,4.7510234681437,True,-0.9054155694176114,0.4854760863210572,15.0,0.9383743785408718,0.0,0.0,,False,7.841770172119141,4.7510234681437,False,-0.5000027743252811,75089230.04951477,89404715.92063904,20.0,True,True,True,True,False,,,,50M,us_scan_2026-09-10_50M.csv,3652200.0
2026-09-10,PTC,PTC,Software—Application,128.72000122070312,1.0,128.72000122070312,-3.2793000880420475,-0.1318939946856501,5.502772323444338,True,-0.5314347049016399,-0.3995407102159898,208.0,1.4571181306793597,0.4571181306793597,0.0,,False,7.841770172119141,6.58900801048905,False,-5.502772323444338,216725866.05529785,175373938.8999939,20.0,True,True,True,True,False,,,,50M,us_scan_2026-09-10_50M.csv,1683700.0
2026-09-10,PURR,PURR,Capital Markets,11.010000228881836,1.0,11.010000228881836,0.838218149516945,-8.478799058438835,8.478799058438835,True,-1.3254114652656968,7.153387593173138,90.0,0.8986679104405398,0.0,0.0,,True,7.841770172119141,8.88545942490784,True,-2.052545104565928,255623579.3140412,290866792.793417,20.0,True,True,True,True,True,2178191988.2514324,3.744898,1.839599,50M,us_scan_2026-09-10_50M.csv,23217400.0
2026-09-10,QLYS,QLYS,Software—Infrastructure,161.57000732421875,1.0,161.57000732421875,-0.0880748877540194,-5.053764433956487,5.053764433956487,True,-0.6734000247088368,4.38036440924765,169.0,1.603483798464132,0.6034837984641319,0.0,,False,7.841770172119141,6.416183987797446,False,-0.774824712820954,138320083.27026367,94955207.95135498,20.0,True,True,True,True,False,,,,50M,us_scan_2026-09-10_50M.csv,856100.0
2026-09-10,RELY,RELY,Software—Infrastructure,21.93000030517578,1.0,21.93000030517578,-3.0608144632180867,-8.890732932201084,8.890732932201084,True,-0.6734000247088368,8.217332907492247,169.0,2.1855504869929727,1.1855504869929727,0.0,,False,7.841770172119141,11.146726342754448,False,-5.120367400387316,155501246.16394043,80865697.61791229,20.0,True,True,True,True,False,,,,50M,us_scan_2026-09-10_50M.csv,7090800.0
2026-09-10,RHI,RHI,Staffing & Employment Services,37.41999816894531,1.0,37.41999816894531,-1.6832437205372752,-2.9312609350946373,7.914519966328893,True,0.0,2.9312609350946373,17.0,0.9976886017432957,0.0,0.0,,False,7.841770172119141,7.914519966328893,False,-7.914519966328893,67030442.72003174,76890760.50720215,20.0,True,True,True,True,False,,,,50M,us_scan_2026-09-10_50M.csv,1791300.0
2026-09-10,ROAD,ROAD,Engineering & Construction,96.12000274658205,1.0,96.12000274658205,-4.78176564320052,-2.088209698074306,4.78176564320052,True,-1.19160090941145,0.896608788662856,51.0,0.7636472705458909,0.0,0.0,,False,7.841770172119141,4.78176564320052,False,-1.509363609522807,36708229.04891968,57835917.84629822,20.0,True,True,True,True,False,,,,50M,us_scan_2026-09-10_50M.csv,381900.0
2026-09-10,RPRX,RPRX,Biotechnology,58.75,1.0,58.75,0.0,-3.036804997448584,5.268916479241925,True,-1.846152085524344,1.1906529119242393,541.0,1.292046404072987,0.2920464040729873,0.0,,False,7.841770172119141,6.008232250456926,False,-5.268916479241925,195314375.0,155325168.55888367,20.0,True,True,True,True,False,,,,50M,us_scan_2026-09-10_50M.csv,3324500.0
2026-09-10,SAIL,SAIL,Software—Infrastructure,17.639999389648438,1.0,17.639999389648438,-1.1804439629792165,0.341293891938399,5.472894771513415,True,-0.7163994118916106,-1.0576933038300096,169.0,1.930246104558032,0.9302461045580313,0.0,,False,7.841770172119141,7.3704643744689715,False,-5.472894771513415,93527276.76391602,52041926.541137695,20.0,True,True,True,True,False,,,,50M,us_scan_2026-09-10_50M.csv,5302000.0
2026-09-10,SFM,SFM,Grocery Stores,72.19999694824219,1.0,72.19999694824219,-3.941663350337665,-1.244704766122695,6.498772501675609,True,1.0026778881128018,2.247382654235497,12.0,1.47713205527117,0.47713205527117,0.0,,False,7.841770172119141,7.624370118631949,False,-6.498772501675609,159381493.26324463,121382497.82981873,20.0,True,True,True,True,False,,,,50M,us_scan_2026-09-10_50M.csv,2207500.0
2026-09-10,SHAK,SHAK,Restaurants,61.70000076293945,1.0,61.70000076293945,-6.513357722492208,-2.07903125454626,6.513357722492208,True,-0.8119072241347003,1.2671240304115594,49.0,1.2564499226508308,0.2564499226508308,0.0,,False,7.841770172119141,7.172064066468506,False,-2.8818443170411268,77674130.96046448,68631537.14866638,20.0,True,True,True,True,False,,,,50M,us_scan_2026-09-10_50M.csv,1258900.0
2026-09-10,SHOP,SHOP,Software—Application,126.5999984741211,1.0,126.5999984741211,-5.451159474478684,-0.1498560139082561,7.574602323912893,True,-0.5314347049016399,-0.3815786909933838,208.0,1.953404757874032,0.9534047578740316,0.0,,True,7.841770172119141,11.154344361218763,True,-7.574602323912893,1533847601.512909,912292444.2123412,20.0,True,True,True,True,True,162889119701.33716,85.540535,12.867162,50M,us_scan_2026-09-10_50M.csv,12115700.0
2026-09-10,SW,SW,Packaging & Containers,42.209999084472656,1.0,42.209999084472656,-4.654310069396295,0.0236927046266322,4.654310069396295,True,-0.0523024500151514,-0.0759951546417836,21.0,0.7085932886595291,0.0,0.0,,False,7.841770172119141,4.654310069396295,False,-3.4257112083675323,116495376.47323608,189378141.5742874,20.0,True,True,True,True,False,,,,50M,us_scan_2026-09-10_50M.csv,2759900.0
2026-09-10,SYK,SYK,Medical Devices,270.010009765625,1.0,270.010009765625,-0.3762175071080342,-1.9535947553075304,8.808106019512408,True,-1.7621128717675627,0.1914818835399678,139.0,1.568977970386421,0.5689779703864211,0.0,,True,7.841770172119141,11.513227900083532,True,-8.808106019512408,938446789.9414062,729824891.0903931,20.0,True,True,True,True,True,103568561896.29053,28.572489,4.3175354,50M,us_scan_2026-09-10_50M.csv,3475600.0
2026-09-10,TEAM,TEAM,Software—Application,179.57000732421875,1.0,179.57000732421875,0.7482186474997432,1.0295947870470057,6.941662377362457,True,-0.5314347049016399,-1.5610294919486456,208.0,0.7763093119248684,0.0,0.0,,True,7.841770172119141,8.272876552626208,True,-6.941662377362457,552177772.5219727,681578160.0120544,20.0,True,True,True,True,True,45456138863.594055,26.629002,42.990185,50M,us_scan_2026-09-10_50M.csv,3075000.0
2026-09-10,TEM,TEM,Health Information Services,58.7400016784668,1.0,58.7400016784668,-4.681913351013023,-4.144903967733438,4.681913351013023,True,-0.2448542452190838,3.900049722514354,39.0,0.9106513206040848,0.0,0.0,,True,7.841770172119141,5.359883241643306,True,-0.5106806205949055,321613257.1899414,373437521.4553833,20.0,True,True,True,True,True,10598737870.293749,14685.0,23.771753,50M,us_scan_2026-09-10_50M.csv,5475200.0
2026-09-10,TENB,TENB,Software—Infrastructure,32.029998779296875,1.0,32.029998779296875,-0.0890284668098151,-4.870803322944783,4.870803322944783,True,-0.6734000247088368,4.197403298235947,169.0,1.9577725940546684,0.9577725940546684,0.0,,False,7.841770172119141,6.809229718524781,False,-1.6058371884979494,157260888.0065918,85495847.50347137,20.0,True,True,True,True,False,,,,50M,us_scan_2026-09-10_50M.csv,4909800.0
2026-09-10,TRI,TRI,Specialty Business Services,95.70999908447266,1.0,95.70999908447266,-1.852033444869772,-1.3095527206641755,6.500759582459581,True,-0.7162174140339539,0.5933353066302216,40.0,1.000404903007325,0.0004049030073249,0.0,,False,7.841770172119141,6.501927649120102,False,-6.500759582459581,130060317.7558899,141208541.78085327,20.0,True,True,True,True,False,,,,50M,us_scan_2026-09-10_50M.csv,1358900.0
2026-09-10,TTAN,TTAN,Software—Application,56.0099983215332,1.0,56.0099983215332,-29.98284181192411,-1.943278415805349,29.98284181192411,True,-0.5301600093734982,1.4131184064318514,208.0,6.403435657653994,5.403435657653994,0.0,,False,7.841770172119141,20.357692334078124,False,-7.211096985816368,352846186.4261627,92445628.55987547,20.0,True,True,True,True,False,,,,50M,us_scan_2026-09-10_50M.csv,6299700.0
2026-09-10,USAR,USAR,Other Industrial Metals & Mining,16.040000915527344,1.0,16.040000915527344,-3.397510683204508,-5.978889697220136,5.978889697220136,True,-4.538984575088584,1.4399051221315515,48.0,1.361691060553924,0.3616910605539238,0.0,,True,7.841770172119141,7.017166703947553,True,0.283925243200489,272938259.57870483,229097980.04188532,20.0,True,True,True,True,True,3925310612.007942,534.6667,1.8614368,50M,us_scan_2026-09-10_50M.csv,17016100.0
2026-09-10,USFD,USFD,Food Distribution,96.05999755859376,1.0,96.05999755859376,-5.470947317878084,-1.426371917062963,5.470947317878084,True,0.4391945498381622,1.8655664669011247,9.0,1.586537023186238,0.5865370231862379,0.0,,False,7.841770172119141,6.802709694198145,False,-0.9131147340224022,254703083.52661133,181597628.2989502,20.0,True,True,True,True,False,,,,50M,us_scan_2026-09-10_50M.csv,2651500.0
2026-09-10,UUUU,UUUU,Uranium,13.630000114440918,1.0,13.630000114440918,-0.4787940859928508,-6.323024496451779,6.323024496451779,True,-4.15482238542268,2.1682021110291,12.0,1.0614684359204338,0.0614684359204338,0.0,,False,7.841770172119141,6.495147439563687,False,1.0366248497732269,86298345.72458267,86224586.27262115,20.0,True,True,True,True,False,,,,50M,us_scan_2026-09-10_50M.csv,6331500.0
2026-09-10,VRSK,VRSK,Consulting Services,175.86000061035156,1.0,175.86000061035156,1.424582552706899,-1.196699149994862,5.543887273361314,True,-0.3975920011631939,0.7991071488316681,21.0,0.90135683866495,0.0,0.0,,False,7.841770172119141,5.543887273361314,False,-5.543887273361314,160050186.55548096,191046312.29248047,20.0,True,True,True,True,False,,,,50M,us_scan_2026-09-10_50M.csv,910100.0
2026-09-10,WDAY,WDAY,Software—Application,185.08999633789065,1.0,185.08999633789065,-0.1234677523331728,-0.5159939253535639,4.85724236832562,True,-0.5314347049016399,-0.0154407795480759,208.0,0.6764738879228137,0.0,0.0,,True,7.841770172119141,6.223243371542002,True,-4.85724236832562,446418562.1673584,703769427.9220581,20.0,True,True,True,True,True,44606689117.43164,37.696537,6.8963075,50M,us_scan_2026-09-10_50M.csv,2411900.0
2026-09-10,WEN,WEN,Restaurants,7.440000057220459,1.0,7.440000057220459,-0.9198445523423416,-1.3262586888394656,5.230381238149584,True,-0.8119072241347003,0.5143514647047653,49.0,1.161600493758984,0.1616004937589839,0.0,,False,7.841770172119141,5.6626091815289055,False,-5.230381238149584,53209392.40922928,50829519.67711449,20.0,True,True,True,True,False,,,,50M,us_scan_2026-09-10_50M.csv,7151800.0
2026-09-10,Z,Z,Internet Content & Information,31.25,1.0,31.25,-0.6798554281632119,-2.7691331877718883,6.446948633706462,True,0.5477931402321778,3.316926328004066,56.0,1.281572434187265,0.2815724341872649,0.0,,False,7.841770172119141,7.162778677176183,False,-6.446948633706462,124596875.0,111393021.5888977,20.0,True,True,True,True,False,,,,50M,us_scan_2026-09-10_50M.csv,3987100.0
2026-09-10,ZM,ZM,Software—Application,95.45999908447266,1.0,95.45999908447266,-0.2695998855749115,-0.7485976485949064,4.82581594916126,True,-0.5301600093734982,0.2184376392214082,208.0,0.8652068661971831,0.0,0.0,,True,7.841770172119141,5.206791789955263,True,-4.82581594916126,225180591.8403625,284066703.842926,20.0,True,True,True,True,True,27853672784.924034,8.929841,2.8097131,50M,us_scan_2026-09-10_50M.csv,2358900.0
